# Converted from table.dae
v 0.499279 -1.167984 0.710000
v 0.500000 -1.168128 0.710721
v 0.499783 -1.168084 0.710211
v 0.492984 -1.174279 0.710000
v 0.493128 -1.175000 0.710721
v 0.493085 -1.174783 0.710211
v 0.497435 -1.172435 0.710000
v 0.497987 -1.172987 0.710721
v 0.497809 -1.172809 0.710211
v 0.492984 -1.174279 0.740000
v 0.493128 -1.175000 0.739279
v 0.493085 -1.174783 0.739789
v 0.499279 -1.167984 0.740000
v 0.500000 -1.168128 0.739279
v 0.499783 -1.168084 0.739789
v 0.497435 -1.172435 0.740000
v 0.497987 -1.172987 0.739279
v 0.497809 -1.172809 0.739789
v 0.492984 1.174279 0.710000
v 0.493128 1.175000 0.710721
v 0.493085 1.174783 0.710211
v 0.499279 1.167984 0.710000
v 0.500000 1.168128 0.710721
v 0.499783 1.168084 0.710211
v 0.497435 1.172435 0.710000
v 0.497987 1.172987 0.710721
v 0.497809 1.172809 0.710211
v 0.499279 1.167984 0.740000
v 0.500000 1.168128 0.739279
v 0.499783 1.168084 0.739789
v 0.492984 1.174279 0.740000
v 0.493128 1.175000 0.739279
v 0.493085 1.174783 0.739789
v 0.497435 1.172435 0.740000
v 0.497987 1.172987 0.739279
v 0.497809 1.172809 0.739789
v 0.002934 1.167984 0.710000
v 0.002213 1.168128 0.710721
v 0.002430 1.168084 0.710211
v 0.009229 1.174279 0.710000
v 0.009085 1.175000 0.710721
v 0.009128 1.174783 0.710211
v 0.004778 1.172435 0.710000
v 0.004226 1.172987 0.710721
v 0.004404 1.172809 0.710211
v 0.009229 1.174279 0.740000
v 0.009085 1.175000 0.739279
v 0.009128 1.174783 0.739789
v 0.002934 1.167984 0.740000
v 0.002213 1.168128 0.739279
v 0.002430 1.168084 0.739789
v 0.004778 1.172435 0.740000
v 0.004226 1.172987 0.739279
v 0.004404 1.172809 0.739789
v 0.009229 -1.174279 0.710000
v 0.009085 -1.175000 0.710721
v 0.009128 -1.174783 0.710211
v 0.002934 -1.167984 0.710000
v 0.002213 -1.168128 0.710721
v 0.002430 -1.168084 0.710211
v 0.004778 -1.172435 0.710000
v 0.004226 -1.172987 0.710721
v 0.004404 -1.172809 0.710211
v 0.002934 -1.167984 0.740000
v 0.002213 -1.168128 0.739279
v 0.002430 -1.168084 0.739789
v 0.009229 -1.174279 0.740000
v 0.009085 -1.175000 0.739279
v 0.009128 -1.174783 0.739789
v 0.004778 -1.172435 0.740000
v 0.004226 -1.172987 0.739279
v 0.004404 -1.172809 0.739789
v -0.492984 -1.174279 0.710000
v -0.493128 -1.175000 0.710721
v -0.493085 -1.174783 0.710211
v -0.499279 -1.167984 0.710000
v -0.500000 -1.168128 0.710721
v -0.499783 -1.168084 0.710211
v -0.497435 -1.172435 0.710000
v -0.497987 -1.172987 0.710721
v -0.497809 -1.172809 0.710211
v -0.499279 -1.167984 0.740000
v -0.500000 -1.168128 0.739279
v -0.499783 -1.168084 0.739789
v -0.492984 -1.174279 0.740000
v -0.493128 -1.175000 0.739279
v -0.493085 -1.174783 0.739789
v -0.497435 -1.172435 0.740000
v -0.497987 -1.172987 0.739279
v -0.497809 -1.172809 0.739789
v -0.499279 1.167984 0.710000
v -0.500000 1.168128 0.710721
v -0.499783 1.168084 0.710211
v -0.492984 1.174279 0.710000
v -0.493128 1.175000 0.710721
v -0.493085 1.174783 0.710211
v -0.497435 1.172435 0.710000
v -0.497987 1.172987 0.710721
v -0.497809 1.172809 0.710211
v -0.492984 1.174279 0.740000
v -0.493128 1.175000 0.739279
v -0.493085 1.174783 0.739789
v -0.499279 1.167984 0.740000
v -0.500000 1.168128 0.739279
v -0.499783 1.168084 0.739789
v -0.497435 1.172435 0.740000
v -0.497987 1.172987 0.739279
v -0.497809 1.172809 0.739789
v -0.009229 1.174279 0.710000
v -0.009085 1.175000 0.710721
v -0.009128 1.174783 0.710211
v -0.002934 1.167984 0.710000
v -0.002213 1.168128 0.710721
v -0.002430 1.168084 0.710211
v -0.004778 1.172435 0.710000
v -0.004226 1.172987 0.710721
v -0.004404 1.172809 0.710211
v -0.002934 1.167984 0.740000
v -0.002213 1.168128 0.739279
v -0.002430 1.168084 0.739789
v -0.009229 1.174279 0.740000
v -0.009085 1.175000 0.739279
v -0.009128 1.174783 0.739789
v -0.004778 1.172435 0.740000
v -0.004226 1.172987 0.739279
v -0.004404 1.172809 0.739789
v -0.002934 -1.167984 0.710000
v -0.002213 -1.168128 0.710721
v -0.002430 -1.168084 0.710211
v -0.009229 -1.174279 0.710000
v -0.009085 -1.175000 0.710721
v -0.009128 -1.174783 0.710211
v -0.004778 -1.172435 0.710000
v -0.004226 -1.172987 0.710721
v -0.004404 -1.172809 0.710211
v -0.009229 -1.174279 0.740000
v -0.009085 -1.175000 0.739279
v -0.009128 -1.174783 0.739789
v -0.002934 -1.167984 0.740000
v -0.002213 -1.168128 0.739279
v -0.002430 -1.168084 0.739789
v -0.004778 -1.172435 0.740000
v -0.004226 -1.172987 0.739279
v -0.004404 -1.172809 0.739789
v 0.277629 -0.970672 0.710000
v 0.275276 -0.971471 0.707385
v 0.275851 -0.971122 0.709234
v 0.279328 -0.972371 0.710000
v 0.279081 -0.975276 0.707385
v 0.279039 -0.974311 0.709234
v 0.278126 -0.971874 0.710000
v 0.276391 -0.974162 0.707385
v 0.276785 -0.973377 0.709234
v 0.279328 -0.877629 0.710000
v 0.279081 -0.875276 0.707386
v 0.279039 -0.875851 0.709234
v 0.277629 -0.879328 0.710000
v 0.275276 -0.879081 0.707386
v 0.275851 -0.879039 0.709234
v 0.278126 -0.878127 0.710000
v 0.276391 -0.876391 0.707387
v 0.276785 -0.876785 0.709235
v 0.370672 -0.972371 0.710000
v 0.371471 -0.975276 0.707386
v 0.371122 -0.974311 0.709234
v 0.372371 -0.970672 0.710000
v 0.375276 -0.971471 0.707386
v 0.374311 -0.971122 0.709234
v 0.371873 -0.971874 0.710000
v 0.374161 -0.974162 0.707387
v 0.373377 -0.973377 0.709235
v 0.372371 -0.879328 0.710000
v 0.375276 -0.879082 0.707385
v 0.374311 -0.879039 0.709234
v 0.370672 -0.877629 0.710000
v 0.371471 -0.875276 0.707385
v 0.371122 -0.875851 0.709234
v 0.371873 -0.878127 0.710000
v 0.374162 -0.876391 0.707385
v 0.373377 -0.876785 0.709234
v -0.279328 -0.972371 0.710000
v -0.279081 -0.975276 0.707385
v -0.279039 -0.974311 0.709234
v -0.277629 -0.970672 0.710000
v -0.275276 -0.971471 0.707385
v -0.275851 -0.971122 0.709234
v -0.278126 -0.971874 0.710000
v -0.276391 -0.974162 0.707385
v -0.276785 -0.973377 0.709234
v -0.277629 -0.879328 0.710000
v -0.275276 -0.879081 0.707386
v -0.275851 -0.879039 0.709234
v -0.279328 -0.877629 0.710000
v -0.279081 -0.875276 0.707386
v -0.279039 -0.875851 0.709234
v -0.278126 -0.878127 0.710000
v -0.276391 -0.876391 0.707387
v -0.276785 -0.876785 0.709235
v -0.372371 -0.970672 0.710000
v -0.375276 -0.971471 0.707386
v -0.374311 -0.971122 0.709234
v -0.370672 -0.972371 0.710000
v -0.371471 -0.975276 0.707386
v -0.371122 -0.974311 0.709234
v -0.371873 -0.971874 0.710000
v -0.374161 -0.974162 0.707387
v -0.373377 -0.973377 0.709235
v -0.370672 -0.877629 0.710000
v -0.371471 -0.875276 0.707385
v -0.371122 -0.875851 0.709234
v -0.372371 -0.879328 0.710000
v -0.375276 -0.879082 0.707385
v -0.374311 -0.879039 0.709234
v -0.371873 -0.878127 0.710000
v -0.374162 -0.876391 0.707385
v -0.373377 -0.876785 0.709234
v 0.279328 0.972371 0.710000
v 0.279081 0.975276 0.707385
v 0.279039 0.974311 0.709234
v 0.277629 0.970672 0.710000
v 0.275276 0.971471 0.707385
v 0.275851 0.971122 0.709234
v 0.278126 0.971874 0.710000
v 0.276391 0.974162 0.707385
v 0.276785 0.973377 0.709234
v 0.277629 0.879328 0.710000
v 0.275276 0.879081 0.707386
v 0.275851 0.879039 0.709234
v 0.279328 0.877629 0.710000
v 0.279081 0.875276 0.707386
v 0.279039 0.875851 0.709234
v 0.278126 0.878127 0.710000
v 0.276391 0.876391 0.707387
v 0.276785 0.876785 0.709235
v 0.372371 0.970672 0.710000
v 0.375276 0.971471 0.707386
v 0.374311 0.971122 0.709234
v 0.370672 0.972371 0.710000
v 0.371471 0.975276 0.707386
v 0.371122 0.974311 0.709234
v 0.371873 0.971874 0.710000
v 0.374161 0.974162 0.707387
v 0.373377 0.973377 0.709235
v 0.370672 0.877629 0.710000
v 0.371471 0.875276 0.707385
v 0.371122 0.875851 0.709234
v 0.372371 0.879328 0.710000
v 0.375276 0.879082 0.707385
v 0.374311 0.879039 0.709234
v 0.371873 0.878127 0.710000
v 0.374162 0.876391 0.707385
v 0.373377 0.876785 0.709234
v -0.277629 0.970672 0.710000
v -0.275276 0.971471 0.707385
v -0.275851 0.971122 0.709234
v -0.279328 0.972371 0.710000
v -0.279081 0.975276 0.707385
v -0.279039 0.974311 0.709234
v -0.278126 0.971874 0.710000
v -0.276391 0.974162 0.707385
v -0.276785 0.973377 0.709234
v -0.279328 0.877629 0.710000
v -0.279081 0.875276 0.707386
v -0.279039 0.875851 0.709234
v -0.277629 0.879328 0.710000
v -0.275276 0.879081 0.707386
v -0.275851 0.879039 0.709234
v -0.278126 0.878127 0.710000
v -0.276391 0.876391 0.707387
v -0.276785 0.876785 0.709235
v -0.370672 0.972371 0.710000
v -0.371471 0.975276 0.707386
v -0.371122 0.974311 0.709234
v -0.372371 0.970672 0.710000
v -0.375276 0.971471 0.707386
v -0.374311 0.971122 0.709234
v -0.371873 0.971874 0.710000
v -0.374161 0.974162 0.707387
v -0.373377 0.973377 0.709235
v -0.372371 0.879328 0.710000
v -0.375276 0.879082 0.707385
v -0.374311 0.879039 0.709234
v -0.370672 0.877629 0.710000
v -0.371471 0.875276 0.707385
v -0.371122 0.875851 0.709234
v -0.371873 0.878127 0.710000
v -0.374162 0.876391 0.707385
v -0.373377 0.876785 0.709234
v 0.354204 -1.047994 0.000000
v 0.353595 -1.049789 0.001995
v 0.353860 -1.049351 0.000584
v 0.349789 -1.045984 0.001995
v 0.352006 -1.045796 0.000000
v 0.350526 -1.046016 0.000584
v 0.350904 -1.048675 0.001996
v 0.352650 -1.047350 0.000000
v 0.351502 -1.048374 0.000584
v 0.352006 -0.954204 0.000000
v 0.349789 -0.953595 0.001995
v 0.350526 -0.953860 0.000584
v 0.353595 -0.949789 0.001995
v 0.354204 -0.952006 0.000000
v 0.353860 -0.950526 0.000584
v 0.352650 -0.952650 0.000000
v 0.350904 -0.950904 0.001994
v 0.351503 -0.951503 0.000584
v 0.447994 -1.045796 0.000000
v 0.449789 -1.045984 0.001995
v 0.449351 -1.046016 0.000584
v 0.445984 -1.049789 0.001995
v 0.445796 -1.047994 0.000000
v 0.446016 -1.049351 0.000584
v 0.447350 -1.047350 0.000000
v 0.448675 -1.048675 0.001994
v 0.448374 -1.048374 0.000584
v 0.445796 -0.952006 0.000000
v 0.445984 -0.949789 0.001995
v 0.446016 -0.950526 0.000584
v 0.449789 -0.953595 0.001995
v 0.447994 -0.954204 0.000000
v 0.449351 -0.953860 0.000584
v 0.447350 -0.952650 0.000000
v 0.448675 -0.950904 0.001996
v 0.448374 -0.951502 0.000584
v -0.352006 -1.045796 0.000000
v -0.349789 -1.045984 0.001995
v -0.350526 -1.046016 0.000584
v -0.353595 -1.049789 0.001995
v -0.354204 -1.047994 0.000000
v -0.353860 -1.049351 0.000584
v -0.350904 -1.048675 0.001996
v -0.352650 -1.047350 0.000000
v -0.351502 -1.048374 0.000584
v -0.354204 -0.952006 0.000000
v -0.353595 -0.949789 0.001995
v -0.353860 -0.950526 0.000584
v -0.349789 -0.953595 0.001995
v -0.352006 -0.954204 0.000000
v -0.350526 -0.953860 0.000584
v -0.352650 -0.952650 0.000000
v -0.350904 -0.950904 0.001994
v -0.351503 -0.951503 0.000584
v -0.445796 -1.047994 0.000000
v -0.445984 -1.049789 0.001995
v -0.446016 -1.049351 0.000584
v -0.449789 -1.045984 0.001995
v -0.447994 -1.045796 0.000000
v -0.449351 -1.046016 0.000584
v -0.447350 -1.047350 0.000000
v -0.448675 -1.048675 0.001994
v -0.448374 -1.048374 0.000584
v -0.447994 -0.954204 0.000000
v -0.449789 -0.953595 0.001995
v -0.449351 -0.953860 0.000584
v -0.445984 -0.949789 0.001995
v -0.445796 -0.952006 0.000000
v -0.446016 -0.950526 0.000584
v -0.447350 -0.952650 0.000000
v -0.448675 -0.950904 0.001996
v -0.448374 -0.951502 0.000584
v 0.352006 1.045796 0.000000
v 0.349789 1.045984 0.001995
v 0.350526 1.046016 0.000584
v 0.353595 1.049789 0.001995
v 0.354204 1.047994 0.000000
v 0.353860 1.049351 0.000584
v 0.350904 1.048675 0.001996
v 0.352650 1.047350 0.000000
v 0.351502 1.048374 0.000584
v 0.354204 0.952006 0.000000
v 0.353595 0.949789 0.001995
v 0.353860 0.950526 0.000584
v 0.349789 0.953595 0.001995
v 0.352006 0.954204 0.000000
v 0.350526 0.953860 0.000584
v 0.352650 0.952650 0.000000
v 0.350904 0.950904 0.001994
v 0.351503 0.951503 0.000584
v 0.445796 1.047994 0.000000
v 0.445984 1.049789 0.001995
v 0.446016 1.049351 0.000584
v 0.449789 1.045984 0.001995
v 0.447994 1.045796 0.000000
v 0.449351 1.046016 0.000584
v 0.447350 1.047350 0.000000
v 0.448675 1.048675 0.001994
v 0.448374 1.048374 0.000584
v 0.447994 0.954204 0.000000
v 0.449789 0.953595 0.001995
v 0.449351 0.953860 0.000584
v 0.445984 0.949789 0.001995
v 0.445796 0.952006 0.000000
v 0.446016 0.950526 0.000584
v 0.447350 0.952650 0.000000
v 0.448675 0.950904 0.001996
v 0.448374 0.951502 0.000584
v -0.354204 1.047994 0.000000
v -0.353595 1.049789 0.001995
v -0.353860 1.049351 0.000584
v -0.349789 1.045984 0.001995
v -0.352006 1.045796 0.000000
v -0.350526 1.046016 0.000584
v -0.350904 1.048675 0.001996
v -0.352650 1.047350 0.000000
v -0.351502 1.048374 0.000584
v -0.352006 0.954204 0.000000
v -0.349789 0.953595 0.001995
v -0.350526 0.953860 0.000584
v -0.353595 0.949789 0.001995
v -0.354204 0.952006 0.000000
v -0.353860 0.950526 0.000584
v -0.352650 0.952650 0.000000
v -0.350904 0.950904 0.001994
v -0.351503 0.951503 0.000584
v -0.447994 1.045796 0.000000
v -0.449789 1.045984 0.001995
v -0.449351 1.046016 0.000584
v -0.445984 1.049789 0.001995
v -0.445796 1.047994 0.000000
v -0.446016 1.049351 0.000584
v -0.447350 1.047350 0.000000
v -0.448675 1.048675 0.001994
v -0.448374 1.048374 0.000584
v -0.445796 0.952006 0.000000
v -0.445984 0.949789 0.001995
v -0.446016 0.950526 0.000584
v -0.449789 0.953595 0.001995
v -0.447994 0.954204 0.000000
v -0.449351 0.953860 0.000584
v -0.447350 0.952650 0.000000
v -0.448675 0.950904 0.001996
v -0.448374 0.951502 0.000584
v -0.326871 -0.992502 0.222368
v -0.327435 -0.988765 0.218632
v -0.327649 -0.994999 0.215861
v -0.327270 -0.991408 0.219726
v -0.321576 -0.988771 0.257425
v -0.322141 -0.992507 0.253689
v -0.321319 -0.994582 0.260522
v -0.321742 -0.991413 0.256331
v -0.327435 -0.960798 0.218632
v -0.326871 -0.957062 0.222368
v -0.327688 -0.955288 0.215353
v -0.327270 -0.958156 0.219726
v -0.322141 -0.957067 0.253689
v -0.321576 -0.960804 0.257425
v -0.321344 -0.954596 0.260218
v -0.321742 -0.958162 0.256331
v 0.327435 -0.988765 0.218632
v 0.326871 -0.992502 0.222368
v 0.327649 -0.994999 0.215861
v 0.327270 -0.991408 0.219726
v 0.322141 -0.992507 0.253689
v 0.321576 -0.988771 0.257425
v 0.321319 -0.994582 0.260522
v 0.321742 -0.991413 0.256331
v 0.326871 -0.957062 0.222368
v 0.327435 -0.960798 0.218632
v 0.327688 -0.955288 0.215353
v 0.327270 -0.958156 0.219726
v 0.321576 -0.960804 0.257425
v 0.322141 -0.957067 0.253689
v 0.321344 -0.954596 0.260218
v 0.321742 -0.958162 0.256331
v -0.329633 -0.941653 0.190159
v -0.329672 -1.018618 0.189651
v -0.319384 -1.010169 0.283784
v -0.319359 -0.933479 0.284087
v 0.319359 -0.933479 0.284087
v 0.329633 -0.941653 0.190159
v 0.329672 -1.018618 0.189651
v 0.319384 -1.010169 0.283784
v -0.327435 0.988765 0.218632
v -0.326871 0.992502 0.222368
v -0.327649 0.994999 0.215861
v -0.327270 0.991408 0.219726
v -0.322141 0.992507 0.253689
v -0.321576 0.988771 0.257425
v -0.321319 0.994582 0.260522
v -0.321742 0.991413 0.256331
v -0.326871 0.957062 0.222368
v -0.327435 0.960798 0.218632
v -0.327688 0.955288 0.215353
v -0.327270 0.958156 0.219726
v -0.321576 0.960804 0.257425
v -0.322141 0.957067 0.253689
v -0.321344 0.954596 0.260218
v -0.321742 0.958162 0.256331
v 0.326871 0.992502 0.222368
v 0.327435 0.988765 0.218632
v 0.327649 0.994999 0.215861
v 0.327270 0.991408 0.219726
v 0.321576 0.988771 0.257425
v 0.322141 0.992507 0.253689
v 0.321319 0.994582 0.260522
v 0.321742 0.991413 0.256331
v 0.327435 0.960798 0.218632
v 0.326871 0.957062 0.222368
v 0.327688 0.955288 0.215353
v 0.327270 0.958156 0.219726
v 0.322141 0.957067 0.253689
v 0.321576 0.960804 0.257425
v 0.321344 0.954596 0.260218
v 0.321742 0.958162 0.256331
v -0.329633 0.941653 0.190159
v -0.329672 1.018618 0.189651
v -0.319384 1.010169 0.283784
v -0.319359 0.933479 0.284087
v 0.319359 0.933479 0.284087
v 0.329633 0.941653 0.190159
v 0.329672 1.018618 0.189651
v 0.319384 1.010169 0.283784
v -0.329580 -0.940909 0.190316
v -0.328052 -0.939549 0.190602
v -0.329093 -0.939947 0.190518
v -0.328453 -0.943615 0.186880
v -0.329738 -0.942473 0.188788
v -0.329423 -0.943281 0.187439
v -0.328335 -0.940877 0.187970
v -0.329686 -0.941349 0.189300
v -0.329324 -0.941015 0.188360
v -0.329740 -1.018221 0.188764
v -0.328453 -1.017379 0.186880
v -0.329423 -1.017625 0.187432
v -0.328052 -1.020785 0.190602
v -0.329609 -1.019351 0.189973
v -0.329101 -1.020365 0.190418
v -0.328335 -1.019924 0.187970
v -0.329703 -1.019043 0.189105
v -0.329329 -1.019666 0.188303
v -0.319437 -1.011072 0.283549
v -0.318093 -1.012574 0.283158
v -0.319081 -1.012134 0.283273
v -0.317693 -1.008508 0.286880
v -0.319277 -1.009478 0.285071
v -0.318751 -1.008792 0.286350
v -0.317810 -1.011246 0.285790
v -0.319328 -1.010596 0.284579
v -0.318849 -1.011056 0.285435
v -0.319275 -0.933934 0.285091
v -0.317693 -0.934744 0.286880
v -0.318750 -0.934507 0.286356
v -0.318093 -0.931338 0.283158
v -0.319423 -0.932660 0.283732
v -0.319076 -0.931725 0.283327
v -0.317810 -0.932199 0.285790
v -0.319317 -0.933012 0.284708
v -0.318845 -0.932437 0.285473
v 0.319423 -0.932660 0.283732
v 0.318093 -0.931338 0.283158
v 0.319076 -0.931725 0.283327
v 0.317693 -0.934744 0.286880
v 0.319275 -0.933934 0.285091
v 0.318750 -0.934507 0.286356
v 0.317810 -0.932199 0.285790
v 0.319317 -0.933012 0.284708
v 0.318845 -0.932437 0.285473
v 0.329738 -0.942473 0.188788
v 0.328453 -0.943615 0.186880
v 0.329423 -0.943281 0.187439
v 0.328052 -0.939549 0.190602
v 0.329580 -0.940909 0.190316
v 0.329093 -0.939947 0.190518
v 0.328335 -0.940877 0.187970
v 0.329686 -0.941349 0.189300
v 0.329324 -0.941015 0.188360
v 0.329609 -1.019351 0.189973
v 0.328052 -1.020785 0.190602
v 0.329101 -1.020365 0.190418
v 0.328453 -1.017379 0.186880
v 0.329740 -1.018221 0.188764
v 0.329423 -1.017625 0.187432
v 0.328335 -1.019924 0.187970
v 0.329703 -1.019043 0.189105
v 0.329329 -1.019666 0.188303
v 0.319277 -1.009478 0.285071
v 0.317693 -1.008508 0.286880
v 0.318751 -1.008792 0.286350
v 0.318093 -1.012574 0.283158
v 0.319437 -1.011072 0.283549
v 0.319081 -1.012134 0.283273
v 0.317810 -1.011246 0.285790
v 0.319328 -1.010596 0.284579
v 0.318849 -1.011056 0.285435
v -0.458505 -0.958492 0.222652
v -0.457076 -0.957062 0.222368
v -0.458086 -0.957481 0.222451
v -0.458505 -0.961083 0.220061
v -0.457076 -0.960798 0.218632
v -0.458086 -0.960882 0.219050
v -0.458505 -0.959250 0.220820
v -0.457076 -0.958156 0.219726
v -0.458086 -0.958477 0.220046
v -0.458505 -0.988481 0.220061
v -0.457076 -0.988765 0.218632
v -0.458086 -0.988682 0.219050
v -0.458505 -0.991073 0.222653
v -0.457076 -0.992502 0.222368
v -0.458086 -0.992084 0.222451
v -0.458505 -0.990314 0.220820
v -0.457076 -0.991408 0.219726
v -0.458086 -0.991087 0.220046
v -0.458505 -0.991078 0.253404
v -0.457076 -0.992507 0.253689
v -0.458086 -0.992088 0.253605
v -0.458505 -0.988487 0.255996
v -0.457076 -0.988771 0.257425
v -0.458086 -0.988688 0.257006
v -0.458505 -0.990319 0.255237
v -0.457076 -0.991413 0.256331
v -0.458086 -0.991092 0.256010
v -0.458505 -0.961088 0.255996
v -0.457076 -0.960804 0.257425
v -0.458086 -0.960887 0.257006
v -0.458505 -0.958496 0.253404
v -0.457076 -0.957067 0.253689
v -0.458086 -0.957485 0.253605
v -0.458505 -0.959255 0.255237
v -0.457076 -0.958162 0.256331
v -0.458086 -0.958482 0.256010
v 0.458505 -0.958496 0.253404
v 0.457076 -0.957067 0.253689
v 0.458086 -0.957485 0.253605
v 0.458505 -0.961088 0.255996
v 0.457076 -0.960804 0.257425
v 0.458086 -0.960887 0.257006
v 0.458505 -0.959255 0.255237
v 0.457076 -0.958162 0.256331
v 0.458086 -0.958482 0.256010
v 0.458505 -0.961083 0.220061
v 0.457076 -0.960798 0.218632
v 0.458086 -0.960882 0.219050
v 0.458505 -0.958492 0.222652
v 0.457076 -0.957062 0.222368
v 0.458086 -0.957481 0.222451
v 0.458505 -0.959250 0.220820
v 0.457076 -0.958156 0.219726
v 0.458086 -0.958477 0.220046
v 0.458505 -0.991073 0.222653
v 0.457076 -0.992502 0.222368
v 0.458086 -0.992084 0.222451
v 0.458505 -0.988481 0.220061
v 0.457076 -0.988765 0.218632
v 0.458086 -0.988682 0.219050
v 0.458505 -0.990314 0.220820
v 0.457076 -0.991408 0.219726
v 0.458086 -0.991087 0.220046
v 0.458505 -0.988487 0.255996
v 0.457076 -0.988771 0.257425
v 0.458086 -0.988688 0.257006
v 0.458505 -0.991078 0.253404
v 0.457076 -0.992507 0.253689
v 0.458086 -0.992088 0.253605
v 0.458505 -0.990319 0.255237
v 0.457076 -0.991413 0.256331
v 0.458086 -0.991092 0.256010
v -0.329738 0.942473 0.188788
v -0.328453 0.943615 0.186880
v -0.329423 0.943281 0.187439
v -0.328052 0.939549 0.190602
v -0.329580 0.940909 0.190316
v -0.329093 0.939947 0.190518
v -0.328335 0.940877 0.187970
v -0.329686 0.941349 0.189300
v -0.329324 0.941015 0.188360
v -0.329609 1.019351 0.189973
v -0.328052 1.020785 0.190602
v -0.329101 1.020365 0.190418
v -0.328453 1.017379 0.186880
v -0.329740 1.018221 0.188764
v -0.329423 1.017625 0.187432
v -0.328335 1.019924 0.187970
v -0.329703 1.019043 0.189105
v -0.329329 1.019666 0.188303
v -0.319277 1.009478 0.285071
v -0.317693 1.008508 0.286880
v -0.318751 1.008792 0.286350
v -0.318093 1.012574 0.283158
v -0.319437 1.011072 0.283549
v -0.319081 1.012134 0.283273
v -0.317810 1.011246 0.285790
v -0.319328 1.010596 0.284579
v -0.318849 1.011056 0.285435
v -0.319423 0.932660 0.283732
v -0.318093 0.931338 0.283158
v -0.319076 0.931725 0.283327
v -0.317693 0.934744 0.286880
v -0.319275 0.933934 0.285091
v -0.318750 0.934507 0.286356
v -0.317810 0.932199 0.285790
v -0.319317 0.933012 0.284708
v -0.318845 0.932437 0.285473
v 0.319275 0.933934 0.285091
v 0.317693 0.934744 0.286880
v 0.318750 0.934507 0.286356
v 0.318093 0.931338 0.283158
v 0.319423 0.932660 0.283732
v 0.319076 0.931725 0.283327
v 0.317810 0.932199 0.285790
v 0.319317 0.933012 0.284708
v 0.318845 0.932437 0.285473
v 0.329580 0.940909 0.190316
v 0.328052 0.939549 0.190602
v 0.329093 0.939947 0.190518
v 0.328453 0.943615 0.186880
v 0.329738 0.942473 0.188788
v 0.329423 0.943281 0.187439
v 0.328335 0.940877 0.187970
v 0.329686 0.941349 0.189300
v 0.329324 0.941015 0.188360
v 0.329740 1.018221 0.188764
v 0.328453 1.017379 0.186880
v 0.329423 1.017625 0.187432
v 0.328052 1.020785 0.190602
v 0.329609 1.019351 0.189973
v 0.329101 1.020365 0.190418
v 0.328335 1.019924 0.187970
v 0.329703 1.019043 0.189105
v 0.329329 1.019666 0.188303
v 0.319437 1.011072 0.283549
v 0.318093 1.012574 0.283158
v 0.319081 1.012134 0.283273
v 0.317693 1.008508 0.286880
v 0.319277 1.009478 0.285071
v 0.318751 1.008792 0.286350
v 0.317810 1.011246 0.285790
v 0.319328 1.010596 0.284579
v 0.318849 1.011056 0.285435
v -0.458505 0.961083 0.220061
v -0.457076 0.960798 0.218632
v -0.458086 0.960882 0.219050
v -0.458505 0.958492 0.222652
v -0.457076 0.957062 0.222368
v -0.458086 0.957481 0.222451
v -0.458505 0.959250 0.220820
v -0.457076 0.958156 0.219726
v -0.458086 0.958477 0.220046
v -0.458505 0.991073 0.222653
v -0.457076 0.992502 0.222368
v -0.458086 0.992084 0.222451
v -0.458505 0.988481 0.220061
v -0.457076 0.988765 0.218632
v -0.458086 0.988682 0.219050
v -0.458505 0.990314 0.220820
v -0.457076 0.991408 0.219726
v -0.458086 0.991087 0.220046
v -0.458505 0.988487 0.255996
v -0.457076 0.988771 0.257425
v -0.458086 0.988688 0.257006
v -0.458505 0.991078 0.253404
v -0.457076 0.992507 0.253689
v -0.458086 0.992088 0.253605
v -0.458505 0.990319 0.255237
v -0.457076 0.991413 0.256331
v -0.458086 0.991092 0.256010
v -0.458505 0.958496 0.253404
v -0.457076 0.957067 0.253689
v -0.458086 0.957485 0.253605
v -0.458505 0.961088 0.255996
v -0.457076 0.960804 0.257425
v -0.458086 0.960887 0.257006
v -0.458505 0.959255 0.255237
v -0.457076 0.958162 0.256331
v -0.458086 0.958482 0.256010
v 0.458505 0.961088 0.255996
v 0.457076 0.960804 0.257425
v 0.458086 0.960887 0.257006
v 0.458505 0.958496 0.253404
v 0.457076 0.957067 0.253689
v 0.458086 0.957485 0.253605
v 0.458505 0.959255 0.255237
v 0.457076 0.958162 0.256331
v 0.458086 0.958482 0.256010
v 0.458505 0.958492 0.222652
v 0.457076 0.957062 0.222368
v 0.458086 0.957481 0.222451
v 0.458505 0.961083 0.220061
v 0.457076 0.960798 0.218632
v 0.458086 0.960882 0.219050
v 0.458505 0.959250 0.220820
v 0.457076 0.958156 0.219726
v 0.458086 0.958477 0.220046
v 0.458505 0.988481 0.220061
v 0.457076 0.988765 0.218632
v 0.458086 0.988682 0.219050
v 0.458505 0.991073 0.222653
v 0.457076 0.992502 0.222368
v 0.458086 0.992084 0.222451
v 0.458505 0.990314 0.220820
v 0.457076 0.991408 0.219726
v 0.458086 0.991087 0.220046
v 0.458505 0.991078 0.253404
v 0.457076 0.992507 0.253689
v 0.458086 0.992088 0.253605
v 0.458505 0.988487 0.255996
v 0.457076 0.988771 0.257425
v 0.458086 0.988688 0.257006
v 0.458505 0.990319 0.255237
v 0.457076 0.991413 0.256331
v 0.458086 0.991092 0.256010
v -0.026572 -1.073866 0.270000
v -0.026572 -1.077294 0.273428
v -0.030000 -1.073866 0.273428
v -0.026572 -1.076290 0.271004
v -0.028551 -1.075845 0.271449
v -0.028996 -1.076290 0.273428
v -0.028996 -1.073866 0.271004
v -0.026572 -1.077294 0.366572
v -0.026572 -1.073866 0.370000
v -0.030000 -1.073866 0.366572
v -0.026572 -1.076290 0.368996
v -0.028551 -1.075845 0.368551
v -0.028996 -1.073866 0.368996
v -0.028996 -1.076290 0.366572
v -0.026572 1.073866 0.270000
v -0.030000 1.073866 0.273428
v -0.026572 1.077294 0.273428
v -0.028996 1.073866 0.271004
v -0.028551 1.075845 0.271449
v -0.028996 1.076290 0.273428
v -0.026572 1.076290 0.271004
v -0.026572 1.073866 0.370000
v -0.026572 1.077294 0.366572
v -0.030000 1.073866 0.366572
v -0.026572 1.076290 0.368996
v -0.028551 1.075845 0.368551
v -0.028996 1.076290 0.366572
v -0.028996 1.073866 0.368996
v 0.026572 -1.073866 0.270000
v 0.030000 -1.073866 0.273428
v 0.026572 -1.077294 0.273428
v 0.028996 -1.073866 0.271004
v 0.028551 -1.075845 0.271449
v 0.028996 -1.076290 0.273428
v 0.026572 -1.076290 0.271004
v 0.026572 -1.073866 0.370000
v 0.026572 -1.077294 0.366572
v 0.030000 -1.073866 0.366572
v 0.026572 -1.076290 0.368996
v 0.028551 -1.075845 0.368551
v 0.028996 -1.076290 0.366572
v 0.028996 -1.073866 0.368996
v 0.026572 1.073866 0.270000
v 0.026572 1.077294 0.273428
v 0.030000 1.073866 0.273428
v 0.026572 1.076290 0.271004
v 0.028551 1.075845 0.271449
v 0.028996 1.076290 0.273428
v 0.028996 1.073866 0.271004
v 0.026572 1.073866 0.370000
v 0.030000 1.073866 0.366572
v 0.026572 1.077294 0.366572
v 0.028996 1.073866 0.368996
v 0.028551 1.075845 0.368551
v 0.028996 1.076290 0.366572
v 0.026572 1.076290 0.368996
v 0.340286 0.900809 0.610429
v 0.342804 0.900809 0.612947
v 0.340286 0.898291 0.612947
v 0.342066 0.900809 0.611166
v 0.341740 0.899355 0.611493
v 0.342066 0.899029 0.612947
v 0.340286 0.899029 0.611166
v 0.342804 0.900809 0.707911
v 0.340286 0.900809 0.710429
v 0.340286 0.898291 0.707911
v 0.342066 0.900809 0.709691
v 0.341740 0.899355 0.709365
v 0.340286 0.899029 0.709691
v 0.342066 0.899029 0.707911
v -0.340286 0.900809 0.610429
v -0.340286 0.898291 0.612947
v -0.342804 0.900809 0.612947
v -0.340286 0.899028 0.611166
v -0.341740 0.899355 0.611493
v -0.342066 0.899028 0.612947
v -0.342066 0.900809 0.611166
v -0.340286 0.900809 0.710429
v -0.342804 0.900809 0.707911
v -0.340286 0.898291 0.707911
v -0.342066 0.900809 0.709691
v -0.341740 0.899355 0.709365
v -0.342066 0.899028 0.707911
v -0.340286 0.899028 0.709691
v 0.340286 0.955773 0.610429
v 0.340286 0.958291 0.612947
v 0.342804 0.955773 0.612947
v 0.340286 0.957553 0.611166
v 0.341740 0.957227 0.611493
v 0.342066 0.957553 0.612947
v 0.342066 0.955773 0.611166
v 0.340286 0.955773 0.710429
v 0.342804 0.955773 0.707911
v 0.340286 0.958291 0.707911
v 0.342066 0.955773 0.709691
v 0.341740 0.957227 0.709365
v 0.342066 0.957553 0.707911
v 0.340286 0.957553 0.709691
v -0.340286 0.955773 0.610429
v -0.342804 0.955773 0.612947
v -0.340286 0.958291 0.612947
v -0.342066 0.955773 0.611166
v -0.341740 0.957227 0.611493
v -0.342066 0.957553 0.612947
v -0.340286 0.957553 0.611166
v -0.340286 0.955773 0.710429
v -0.340286 0.958291 0.707911
v -0.342804 0.955773 0.707911
v -0.340286 0.957553 0.709691
v -0.341740 0.957227 0.709365
v -0.342066 0.957553 0.707911
v -0.342066 0.955773 0.709691
v 0.340286 -0.900809 0.610429
v 0.340286 -0.898291 0.612947
v 0.342804 -0.900809 0.612947
v 0.340286 -0.899028 0.611166
v 0.341740 -0.899355 0.611493
v 0.342066 -0.899028 0.612947
v 0.342066 -0.900809 0.611166
v 0.342804 -0.900809 0.707911
v 0.340286 -0.898291 0.707911
v 0.340286 -0.900809 0.710429
v 0.342066 -0.899028 0.707911
v 0.341740 -0.899355 0.709364
v 0.340286 -0.899028 0.709691
v 0.342066 -0.900809 0.709691
v -0.340286 -0.900809 0.610429
v -0.342804 -0.900809 0.612947
v -0.340286 -0.898291 0.612947
v -0.342066 -0.900809 0.611166
v -0.341740 -0.899355 0.611493
v -0.342066 -0.899028 0.612947
v -0.340286 -0.899028 0.611166
v -0.340286 -0.900809 0.710429
v -0.340286 -0.898291 0.707911
v -0.342804 -0.900809 0.707911
v -0.340286 -0.899028 0.709691
v -0.341740 -0.899355 0.709365
v -0.342066 -0.899028 0.707911
v -0.342066 -0.900809 0.709691
v 0.340286 -0.955773 0.610429
v 0.342804 -0.955773 0.612947
v 0.340286 -0.958291 0.612947
v 0.342066 -0.955773 0.611166
v 0.341740 -0.957227 0.611493
v 0.342066 -0.957553 0.612947
v 0.340286 -0.957553 0.611166
v 0.340286 -0.955773 0.710429
v 0.340286 -0.958291 0.707911
v 0.342804 -0.955773 0.707911
v 0.340286 -0.957553 0.709691
v 0.341740 -0.957227 0.709365
v 0.342066 -0.957553 0.707911
v 0.342066 -0.955773 0.709691
v -0.340286 -0.955773 0.610429
v -0.340286 -0.958291 0.612947
v -0.342804 -0.955773 0.612947
v -0.340286 -0.957553 0.611166
v -0.341740 -0.957227 0.611493
v -0.342066 -0.957553 0.612947
v -0.342066 -0.955773 0.611166
v -0.340286 -0.955773 0.710429
v -0.342804 -0.955773 0.707911
v -0.340286 -0.958291 0.707911
v -0.342066 -0.955773 0.709691
v -0.341740 -0.957227 0.709365
v -0.342066 -0.957553 0.707911
v -0.340286 -0.957553 0.709691
v -0.026015 0.002244 0.369417
v -0.026015 0.000000 0.371661
v -0.028259 0.001951 0.371393
v -0.026015 0.000657 0.370074
v -0.027310 0.000885 0.370307
v -0.027605 0.000576 0.371518
v -0.027605 0.002089 0.370000
v -0.028259 0.073242 0.371382
v -0.026015 0.075161 0.369417
v -0.027602 0.074599 0.369993
v 0.026015 0.002244 0.369417
v 0.028259 0.001951 0.371393
v 0.026015 0.000000 0.371661
v 0.027605 0.002089 0.370000
v 0.027310 0.000885 0.370307
v 0.027605 0.000576 0.371518
v 0.026015 0.000657 0.370074
v 0.026015 0.002137 0.447029
v 0.026015 0.000000 0.444101
v 0.028259 0.001939 0.444360
v 0.026015 0.000626 0.445888
v 0.027310 0.000833 0.445615
v 0.027605 0.000573 0.444239
v 0.027598 0.001902 0.446194
v 0.026015 0.075161 0.369417
v 0.028259 0.073242 0.371382
v 0.027602 0.074599 0.369993
v -0.026015 0.002137 0.447029
v -0.028259 0.001939 0.444360
v -0.026015 0.000000 0.444101
v -0.027598 0.001902 0.446194
v -0.027310 0.000833 0.445615
v -0.027605 0.000573 0.444239
v -0.026015 0.000626 0.445888
v 0.026015 0.898155 0.642009
v 0.028259 0.895911 0.641614
v 0.026015 0.896024 0.639065
v 0.027602 0.897497 0.641812
v 0.027311 0.897261 0.640460
v 0.027598 0.896114 0.639849
v 0.026015 0.897531 0.640217
v -0.026015 0.898155 0.642009
v -0.026015 0.896024 0.639065
v -0.028259 0.895911 0.641614
v -0.026015 0.897554 0.640154
v -0.027310 0.897231 0.640482
v -0.027602 0.895968 0.639875
v -0.027602 0.897474 0.641956
v 0.028259 0.895881 0.707877
v 0.026015 0.898125 0.707865
v 0.026015 0.895880 0.710120
v 0.027602 0.897467 0.707869
v 0.027310 0.897176 0.709166
v 0.026015 0.897467 0.709455
v 0.027602 0.895880 0.709463
v 0.028259 0.826126 0.708221
v 0.026015 0.825043 0.710470
v 0.027602 0.825360 0.709811
v -0.028259 0.826126 0.708221
v -0.026015 0.825043 0.710470
v -0.027602 0.825360 0.709811
v -0.026015 0.898125 0.707865
v -0.028259 0.895881 0.707877
v -0.026015 0.895880 0.710120
v -0.027602 0.897467 0.707869
v -0.027310 0.897176 0.709166
v -0.027602 0.895880 0.709463
v -0.026015 0.897467 0.709455
v 0.420463 -0.983178 0.179573
v 0.420463 -0.984252 0.180647
v 0.419388 -0.983178 0.180647
v 0.420463 -0.983937 0.179888
v 0.419843 -0.983798 0.180027
v 0.419703 -0.983937 0.180647
v 0.419703 -0.983178 0.179888
v 0.420463 -0.984252 0.293676
v 0.420463 -0.983178 0.294750
v 0.419388 -0.983178 0.293676
v 0.420463 -0.983937 0.294435
v 0.419843 -0.983798 0.294296
v 0.419703 -0.983178 0.294435
v 0.419703 -0.983937 0.293676
v 0.420463 -0.965327 0.179573
v 0.419388 -0.965327 0.180647
v 0.420463 -0.964252 0.180647
v 0.419703 -0.965327 0.179888
v 0.419843 -0.964706 0.180027
v 0.419703 -0.964567 0.180647
v 0.420463 -0.964567 0.179888
v 0.420463 -0.965327 0.294750
v 0.420463 -0.964252 0.293676
v 0.419388 -0.965327 0.293676
v 0.420463 -0.964567 0.294435
v 0.419843 -0.964706 0.294296
v 0.419703 -0.964567 0.293676
v 0.419703 -0.965327 0.294435
v 0.438314 -0.983178 0.179573
v 0.439388 -0.983178 0.180647
v 0.438314 -0.984252 0.180647
v 0.439074 -0.983178 0.179888
v 0.438934 -0.983798 0.180027
v 0.439074 -0.983938 0.180647
v 0.438314 -0.983938 0.179888
v 0.438314 -0.983178 0.294750
v 0.438314 -0.984252 0.293676
v 0.439388 -0.983178 0.293676
v 0.438314 -0.983937 0.294435
v 0.438934 -0.983798 0.294296
v 0.439074 -0.983937 0.293676
v 0.439074 -0.983178 0.294435
v 0.438314 -0.965327 0.179573
v 0.438314 -0.964252 0.180647
v 0.439388 -0.965327 0.180647
v 0.438314 -0.964567 0.179888
v 0.438934 -0.964706 0.180027
v 0.439074 -0.964567 0.180647
v 0.439074 -0.965327 0.179888
v 0.438314 -0.965327 0.294750
v 0.439388 -0.965327 0.293676
v 0.438314 -0.964252 0.293676
v 0.439074 -0.965327 0.294435
v 0.438934 -0.964706 0.294296
v 0.439074 -0.964567 0.293676
v 0.438314 -0.964567 0.294435
v -0.420463 -0.983178 0.179573
v -0.419388 -0.983178 0.180647
v -0.420463 -0.984252 0.180647
v -0.419703 -0.983178 0.179888
v -0.419843 -0.983798 0.180027
v -0.419703 -0.983938 0.180647
v -0.420463 -0.983938 0.179888
v -0.420463 -0.984252 0.293676
v -0.419388 -0.983178 0.293676
v -0.420463 -0.983178 0.294750
v -0.419703 -0.983937 0.293676
v -0.419843 -0.983798 0.294296
v -0.419703 -0.983178 0.294435
v -0.420463 -0.983937 0.294435
v -0.420463 -0.965327 0.179573
v -0.420463 -0.964252 0.180647
v -0.419388 -0.965327 0.180647
v -0.420463 -0.964567 0.179888
v -0.419843 -0.964706 0.180027
v -0.419703 -0.964567 0.180647
v -0.419703 -0.965327 0.179888
v -0.420463 -0.965327 0.294750
v -0.419388 -0.965327 0.293676
v -0.420463 -0.964252 0.293676
v -0.419703 -0.965327 0.294435
v -0.419843 -0.964706 0.294296
v -0.419703 -0.964567 0.293676
v -0.420463 -0.964567 0.294435
v -0.438314 -0.983178 0.179573
v -0.438314 -0.984252 0.180647
v -0.439388 -0.983178 0.180647
v -0.438314 -0.983937 0.179888
v -0.438934 -0.983798 0.180027
v -0.439074 -0.983937 0.180647
v -0.439074 -0.983178 0.179888
v -0.438314 -0.983178 0.294750
v -0.439388 -0.983178 0.293676
v -0.438314 -0.984252 0.293676
v -0.439074 -0.983178 0.294435
v -0.438934 -0.983798 0.294296
v -0.439074 -0.983938 0.293676
v -0.438314 -0.983938 0.294435
v -0.438314 -0.965327 0.179573
v -0.439388 -0.965327 0.180647
v -0.438314 -0.964252 0.180647
v -0.439074 -0.965327 0.179888
v -0.438934 -0.964706 0.180027
v -0.439074 -0.964567 0.180647
v -0.438314 -0.964567 0.179888
v -0.438314 -0.965327 0.294750
v -0.438314 -0.964252 0.293676
v -0.439388 -0.965327 0.293676
v -0.438314 -0.964567 0.294435
v -0.438934 -0.964706 0.294296
v -0.439074 -0.964567 0.293676
v -0.439074 -0.965327 0.294435
v 0.420463 0.983178 0.179573
v 0.419388 0.983178 0.180647
v 0.420463 0.984252 0.180647
v 0.419703 0.983178 0.179888
v 0.419843 0.983798 0.180027
v 0.419703 0.983938 0.180647
v 0.420463 0.983938 0.179888
v 0.420463 0.984252 0.293676
v 0.419388 0.983178 0.293676
v 0.420463 0.983178 0.294750
v 0.419703 0.983937 0.293676
v 0.419843 0.983798 0.294296
v 0.419703 0.983178 0.294435
v 0.420463 0.983937 0.294435
v 0.420463 0.965327 0.179573
v 0.420463 0.964252 0.180647
v 0.419388 0.965327 0.180647
v 0.420463 0.964567 0.179888
v 0.419843 0.964706 0.180027
v 0.419703 0.964567 0.180647
v 0.419703 0.965327 0.179888
v 0.420463 0.965327 0.294750
v 0.419388 0.965327 0.293676
v 0.420463 0.964252 0.293676
v 0.419703 0.965327 0.294435
v 0.419843 0.964706 0.294296
v 0.419703 0.964567 0.293676
v 0.420463 0.964567 0.294435
v 0.438314 0.983178 0.179573
v 0.438314 0.984252 0.180647
v 0.439388 0.983178 0.180647
v 0.438314 0.983937 0.179888
v 0.438934 0.983798 0.180027
v 0.439074 0.983937 0.180647
v 0.439074 0.983178 0.179888
v 0.438314 0.983178 0.294750
v 0.439388 0.983178 0.293676
v 0.438314 0.984252 0.293676
v 0.439074 0.983178 0.294435
v 0.438934 0.983798 0.294296
v 0.439074 0.983938 0.293676
v 0.438314 0.983938 0.294435
v 0.438314 0.965327 0.179573
v 0.439388 0.965327 0.180647
v 0.438314 0.964252 0.180647
v 0.439074 0.965327 0.179888
v 0.438934 0.964706 0.180027
v 0.439074 0.964567 0.180647
v 0.438314 0.964567 0.179888
v 0.438314 0.965327 0.294750
v 0.438314 0.964252 0.293676
v 0.439388 0.965327 0.293676
v 0.438314 0.964567 0.294435
v 0.438934 0.964706 0.294296
v 0.439074 0.964567 0.293676
v 0.439074 0.965327 0.294435
v -0.420463 0.983178 0.179573
v -0.420463 0.984252 0.180647
v -0.419388 0.983178 0.180647
v -0.420463 0.983937 0.179888
v -0.419843 0.983798 0.180027
v -0.419703 0.983937 0.180647
v -0.419703 0.983178 0.179888
v -0.420463 0.984252 0.293676
v -0.420463 0.983178 0.294750
v -0.419388 0.983178 0.293676
v -0.420463 0.983937 0.294435
v -0.419843 0.983798 0.294296
v -0.419703 0.983178 0.294435
v -0.419703 0.983937 0.293676
v -0.420463 0.965327 0.179573
v -0.419388 0.965327 0.180647
v -0.420463 0.964252 0.180647
v -0.419703 0.965327 0.179888
v -0.419843 0.964706 0.180027
v -0.419703 0.964567 0.180647
v -0.420463 0.964567 0.179888
v -0.420463 0.965327 0.294750
v -0.420463 0.964252 0.293676
v -0.419388 0.965327 0.293676
v -0.420463 0.964567 0.294435
v -0.419843 0.964706 0.294296
v -0.419703 0.964567 0.293676
v -0.419703 0.965327 0.294435
v -0.438314 0.983178 0.179573
v -0.439388 0.983178 0.180647
v -0.438314 0.984252 0.180647
v -0.439074 0.983178 0.179888
v -0.438934 0.983798 0.180027
v -0.439074 0.983938 0.180647
v -0.438314 0.983938 0.179888
v -0.438314 0.983178 0.294750
v -0.438314 0.984252 0.293676
v -0.439388 0.983178 0.293676
v -0.438314 0.983937 0.294435
v -0.438934 0.983798 0.294296
v -0.439074 0.983937 0.293676
v -0.439074 0.983178 0.294435
v -0.438314 0.965327 0.179573
v -0.438314 0.964252 0.180647
v -0.439388 0.965327 0.180647
v -0.438314 0.964567 0.179888
v -0.438934 0.964706 0.180027
v -0.439074 0.964567 0.180647
v -0.439074 0.965327 0.179888
v -0.438314 0.965327 0.294750
v -0.439388 0.965327 0.293676
v -0.438314 0.964252 0.293676
v -0.439074 0.965327 0.294435
v -0.438934 0.964706 0.294296
v -0.439074 0.964567 0.293676
v -0.438314 0.964567 0.294435
v -0.028259 -0.002001 0.371444
v -0.025957 0.000000 0.371719
v -0.025957 -0.002301 0.369417
v -0.027588 -0.000591 0.371573
v -0.027286 -0.000908 0.370330
v -0.025957 -0.000674 0.370091
v -0.027588 -0.002143 0.370015
v 0.028259 -0.002001 0.371444
v 0.025957 -0.002301 0.369417
v 0.025957 0.000000 0.371719
v 0.027588 -0.002143 0.370015
v 0.027286 -0.000908 0.370330
v 0.025957 -0.000674 0.370091
v 0.027588 -0.000591 0.371573
v 0.025957 -0.002192 0.447047
v 0.028259 -0.001989 0.444309
v 0.025957 0.000000 0.444044
v 0.027581 -0.001951 0.446190
v 0.027286 -0.000854 0.445596
v 0.027589 -0.000588 0.444185
v 0.025957 -0.000642 0.445876
v -0.025957 -0.002192 0.447047
v -0.025957 0.000000 0.444044
v -0.028259 -0.001989 0.444309
v -0.025957 -0.000642 0.445876
v -0.027286 -0.000854 0.445596
v -0.027589 -0.000588 0.444185
v -0.027581 -0.001951 0.446190
v -0.025957 -0.075161 0.369417
v -0.028259 -0.073192 0.371433
v -0.027585 -0.074584 0.370007
v 0.028259 -0.073192 0.371433
v 0.025957 -0.075161 0.369417
v 0.027585 -0.074584 0.370007
v 0.025957 -0.898155 0.642066
v 0.025957 -0.895969 0.639047
v 0.028259 -0.895853 0.641662
v 0.025957 -0.897539 0.640164
v 0.027286 -0.897207 0.640500
v 0.027585 -0.895911 0.639878
v 0.027585 -0.897457 0.642013
v -0.025957 -0.898155 0.642066
v -0.028259 -0.895853 0.641662
v -0.025957 -0.895969 0.639047
v -0.027585 -0.897481 0.641864
v -0.027286 -0.897238 0.640478
v -0.027581 -0.896061 0.639851
v -0.025957 -0.897515 0.640229
v 0.028259 -0.895823 0.707819
v 0.025957 -0.895822 0.710120
v 0.025957 -0.898125 0.707808
v 0.027585 -0.895822 0.709446
v 0.027286 -0.897151 0.709141
v 0.025957 -0.897450 0.709438
v 0.027585 -0.897451 0.707811
v 0.028259 -0.826154 0.708163
v 0.025957 -0.825043 0.710470
v 0.027585 -0.825368 0.709794
v -0.028259 -0.826154 0.708163
v -0.025957 -0.825043 0.710470
v -0.027585 -0.825368 0.709794
v -0.025957 -0.898125 0.707808
v -0.025957 -0.895822 0.710120
v -0.028259 -0.895823 0.707819
v -0.025957 -0.897450 0.709438
v -0.027286 -0.897151 0.709141
v -0.027585 -0.895822 0.709446
v -0.027585 -0.897451 0.707811
vn 0.923854 0.382745 0.000000
vn 0.923854 0.382745 0.000000
vn 0.923854 0.382745 0.000000
vn 0.923854 0.382745 0.000000
vn 0.923854 0.382745 0.000000
vn 0.923854 0.382745 0.000000
vn 0.000000 0.000000 1.000000
vn 0.000000 0.000000 1.000000
vn 0.000000 0.000000 1.000000
vn 0.000000 0.000000 1.000000
vn 0.000000 0.000000 1.000000
vn 0.000000 0.000000 1.000000
vn 0.000000 0.000000 1.000000
vn 0.000000 0.000000 1.000000
vn 0.000000 0.000000 1.000000
vn 0.000000 0.000000 1.000000
vn 0.000000 0.000000 1.000000
vn 0.000000 0.000000 1.000000
vn 0.000000 0.000000 1.000000
vn 0.000000 0.000000 1.000000
vn 0.000000 0.000000 1.000000
vn 0.000000 0.000000 1.000000
vn 0.000000 0.000000 1.000000
vn 0.000000 0.000000 1.000000
vn 0.000000 0.000000 1.000000
vn 0.000000 0.000000 1.000000
vn 0.000000 0.000000 1.000000
vn 0.000000 0.000000 1.000000
vn 0.000000 0.000000 1.000000
vn 0.000000 0.000000 1.000000
vn 0.000000 0.000000 1.000000
vn 0.000000 0.000000 1.000000
vn 0.000000 0.000000 1.000000
vn 0.000000 0.000000 1.000000
vn 0.000000 0.000000 1.000000
vn 0.000000 0.000000 1.000000
vn 0.923854 -0.382745 0.000000
vn 0.923854 -0.382745 0.000000
vn 0.923854 -0.382745 0.000000
vn 0.923854 -0.382745 0.000000
vn 0.923854 -0.382745 0.000000
vn 0.923854 -0.382745 0.000000
vn -0.923855 0.382742 0.000000
vn -0.923855 0.382742 0.000000
vn -0.923855 0.382742 0.000000
vn -0.923855 0.382742 0.000000
vn -0.923855 0.382742 0.000000
vn -0.923855 0.382742 0.000000
vn 0.000000 0.000000 -1.000000
vn 0.000000 0.000000 -1.000000
vn 0.000000 0.000000 -1.000000
vn 0.000000 0.000000 -1.000000
vn 0.000000 0.000000 -1.000000
vn 0.000000 0.000000 -1.000000
vn 0.000000 0.000000 -1.000000
vn 0.000000 0.000000 -1.000000
vn 0.000000 0.000000 -1.000000
vn 0.000000 0.000000 -1.000000
vn 0.000000 0.000000 -1.000000
vn 0.000000 0.000000 -1.000000
vn 0.000000 0.000000 -1.000000
vn 0.000000 0.000000 -1.000000
vn 0.000000 0.000000 -1.000000
vn 0.000000 0.000000 -1.000000
vn 0.000000 0.000000 -1.000000
vn 0.000000 0.000000 -1.000000
vn 0.000000 0.000000 -1.000000
vn 0.000000 0.000000 -1.000000
vn 0.000000 0.000000 -1.000000
vn 0.000000 0.000000 -1.000000
vn 0.000000 0.000000 -1.000000
vn 0.000000 0.000000 -1.000000
vn 0.000000 0.000000 -1.000000
vn 0.000000 0.000000 -1.000000
vn 0.000000 0.000000 -1.000000
vn 0.000000 0.000000 -1.000000
vn 0.000000 0.000000 -1.000000
vn 0.000000 0.000000 -1.000000
vn 1.000000 0.000000 0.000000
vn 1.000000 0.000000 0.000000
vn 1.000000 0.000000 0.000000
vn 1.000000 0.000000 0.000000
vn 1.000000 0.000000 0.000000
vn 1.000000 0.000000 0.000000
vn -0.923855 -0.382742 0.000000
vn -0.923855 -0.382742 0.000000
vn -0.923855 -0.382742 0.000000
vn -0.923855 -0.382742 0.000000
vn -0.923855 -0.382742 0.000000
vn -0.923855 -0.382742 0.000000
vn -1.000000 0.000000 0.000000
vn -1.000000 0.000000 0.000000
vn -1.000000 0.000000 0.000000
vn -1.000000 0.000000 0.000000
vn -1.000000 0.000000 0.000000
vn -1.000000 0.000000 0.000000
vn 0.356869 0.147846 0.922381
vn 0.356869 0.147846 0.922381
vn 0.356869 0.147846 0.922381
vn 0.365444 0.152675 0.918227
vn 0.365444 0.152675 0.918227
vn 0.365444 0.152675 0.918227
vn 0.848908 0.354656 0.391885
vn 0.848908 0.354656 0.391885
vn 0.848908 0.354656 0.391885
vn 0.840566 0.348240 0.414944
vn 0.840566 0.348240 0.414944
vn 0.840566 0.348240 0.414944
vn 0.366275 0.151743 -0.918050
vn 0.366275 0.151743 -0.918050
vn 0.366275 0.151743 -0.918050
vn 0.356609 0.148984 -0.922298
vn 0.356609 0.148984 -0.922298
vn 0.356609 0.148984 -0.922298
vn 0.839349 0.350663 -0.415365
vn 0.839349 0.350663 -0.415365
vn 0.839349 0.350663 -0.415365
vn 0.849883 0.352099 -0.392078
vn 0.849883 0.352099 -0.392078
vn 0.849883 0.352099 -0.392078
vn 0.147795 0.356724 -0.922445
vn 0.147795 0.356724 -0.922445
vn 0.147795 0.356724 -0.922445
vn 0.152696 0.365425 -0.918231
vn 0.152696 0.365425 -0.918231
vn 0.152696 0.365425 -0.918231
vn 0.354788 0.849061 -0.391435
vn 0.354788 0.849061 -0.391435
vn 0.354788 0.849061 -0.391435
vn 0.348248 0.840562 -0.414945
vn 0.348248 0.840562 -0.414945
vn 0.348248 0.840562 -0.414945
vn 0.151750 -0.366269 -0.918052
vn 0.151750 -0.366269 -0.918052
vn 0.151750 -0.366269 -0.918052
vn 0.148949 -0.356458 -0.922362
vn 0.148949 -0.356458 -0.922362
vn 0.148949 -0.356458 -0.922362
vn 0.350718 -0.839322 -0.415374
vn 0.350718 -0.839322 -0.415374
vn 0.350718 -0.839322 -0.415374
vn 0.352180 -0.850053 -0.391637
vn 0.352180 -0.850052 -0.391637
vn 0.352180 -0.850053 -0.391637
vn 0.366275 -0.151743 0.918050
vn 0.366275 -0.151743 0.918050
vn 0.366275 -0.151743 0.918050
vn 0.356609 -0.148984 0.922298
vn 0.356609 -0.148984 0.922298
vn 0.356609 -0.148984 0.922298
vn 0.839349 -0.350663 0.415365
vn 0.839349 -0.350663 0.415365
vn 0.839349 -0.350663 0.415365
vn 0.849883 -0.352099 0.392078
vn 0.849883 -0.352099 0.392078
vn 0.849883 -0.352099 0.392078
vn 0.356869 -0.147846 -0.922381
vn 0.356869 -0.147846 -0.922381
vn 0.356869 -0.147846 -0.922381
vn 0.365444 -0.152675 -0.918227
vn 0.365444 -0.152675 -0.918227
vn 0.365444 -0.152675 -0.918227
vn 0.848908 -0.354656 -0.391885
vn 0.848908 -0.354656 -0.391885
vn 0.848908 -0.354656 -0.391885
vn 0.840566 -0.348240 -0.414944
vn 0.840566 -0.348240 -0.414944
vn 0.840566 -0.348240 -0.414944
vn -0.147796 -0.356727 -0.922444
vn -0.147796 -0.356727 -0.922444
vn -0.147796 -0.356727 -0.922444
vn -0.152695 -0.365424 -0.918232
vn -0.152695 -0.365424 -0.918232
vn -0.152695 -0.365424 -0.918232
vn -0.354785 -0.849060 -0.391440
vn -0.354785 -0.849060 -0.391440
vn -0.354785 -0.849060 -0.391440
vn -0.348246 -0.840561 -0.414949
vn -0.348246 -0.840561 -0.414949
vn -0.348246 -0.840561 -0.414949
vn -0.366271 -0.151742 -0.918052
vn -0.366271 -0.151742 -0.918052
vn -0.366271 -0.151742 -0.918052
vn -0.356608 -0.148984 -0.922299
vn -0.356608 -0.148984 -0.922299
vn -0.356608 -0.148984 -0.922299
vn -0.839345 -0.350663 -0.415375
vn -0.839345 -0.350663 -0.415375
vn -0.839345 -0.350663 -0.415375
vn -0.849894 -0.352101 -0.392053
vn -0.849894 -0.352101 -0.392053
vn -0.849894 -0.352101 -0.392053
vn -0.356868 -0.147847 0.922381
vn -0.356868 -0.147847 0.922381
vn -0.356868 -0.147847 0.922381
vn -0.365439 -0.152674 0.918229
vn -0.365439 -0.152674 0.918229
vn -0.365439 -0.152674 0.918229
vn -0.848918 -0.354662 0.391859
vn -0.848918 -0.354662 0.391859
vn -0.848918 -0.354662 0.391859
vn -0.840563 -0.348236 0.414953
vn -0.840563 -0.348236 0.414953
vn -0.840563 -0.348236 0.414953
vn -0.151749 0.366268 -0.918052
vn -0.151749 0.366268 -0.918052
vn -0.151749 0.366268 -0.918052
vn -0.148949 0.356461 -0.922361
vn -0.148949 0.356461 -0.922361
vn -0.148949 0.356461 -0.922361
vn -0.350716 0.839321 -0.415378
vn -0.350716 0.839321 -0.415378
vn -0.350716 0.839321 -0.415378
vn -0.352178 0.850051 -0.391642
vn -0.352178 0.850051 -0.391642
vn -0.352178 0.850051 -0.391642
vn -0.366271 0.151742 0.918052
vn -0.366271 0.151742 0.918052
vn -0.366271 0.151742 0.918052
vn -0.356608 0.148984 0.922299
vn -0.356608 0.148984 0.922299
vn -0.356608 0.148984 0.922299
vn -0.839345 0.350663 0.415375
vn -0.839345 0.350663 0.415375
vn -0.839345 0.350663 0.415375
vn -0.849894 0.352101 0.392053
vn -0.849894 0.352101 0.392053
vn -0.849894 0.352101 0.392053
vn -0.356868 0.147847 -0.922381
vn -0.356868 0.147847 -0.922381
vn -0.356868 0.147847 -0.922381
vn -0.365439 0.152674 -0.918229
vn -0.365439 0.152674 -0.918229
vn -0.365439 0.152674 -0.918229
vn -0.848918 0.354662 -0.391859
vn -0.848918 0.354662 -0.391859
vn -0.848918 0.354662 -0.391859
vn -0.840563 0.348236 -0.414953
vn -0.840563 0.348236 -0.414953
vn -0.840563 0.348236 -0.414953
vn -0.920154 0.000000 -0.391556
vn -0.920154 0.000000 -0.391556
vn -0.920154 0.000000 -0.391556
vn -0.920154 0.000000 -0.391556
vn -0.920154 0.000000 -0.391556
vn -0.920154 0.000000 -0.391556
vn -0.386220 0.000000 -0.922407
vn -0.386220 0.000000 -0.922407
vn -0.386220 0.000000 -0.922407
vn -0.386220 0.000000 -0.922407
vn -0.386220 0.000000 -0.922407
vn -0.386220 0.000000 -0.922407
vn 0.000000 0.920068 -0.391759
vn 0.000000 0.920068 -0.391759
vn 0.000000 0.920068 -0.391759
vn 0.000000 0.920068 -0.391758
vn 0.000000 0.920068 -0.391759
vn 0.000000 0.920068 -0.391759
vn 0.000000 0.386320 -0.922365
vn 0.000000 0.386321 -0.922365
vn 0.000000 0.386320 -0.922365
vn 0.000000 0.386320 -0.922365
vn 0.000000 0.386320 -0.922365
vn 0.000000 0.386320 -0.922365
vn 0.920142 0.000000 -0.391584
vn 0.920143 0.000000 -0.391584
vn 0.920142 0.000000 -0.391584
vn 0.920142 0.000000 -0.391584
vn 0.920142 0.000000 -0.391584
vn 0.920143 0.000000 -0.391584
vn 0.386221 0.000000 -0.922406
vn 0.386221 0.000000 -0.922406
vn 0.386221 0.000000 -0.922406
vn 0.386221 0.000000 -0.922406
vn 0.386221 0.000000 -0.922406
vn 0.386221 0.000000 -0.922406
vn 0.000000 -0.920068 -0.391758
vn 0.000000 -0.920068 -0.391759
vn 0.000000 -0.920068 -0.391759
vn 0.000000 -0.920068 -0.391758
vn 0.000000 -0.920068 -0.391759
vn 0.000000 -0.920068 -0.391759
vn 0.000000 -0.386320 -0.922365
vn 0.000000 -0.386320 -0.922365
vn 0.000000 -0.386320 -0.922365
vn 0.000000 -0.386320 -0.922365
vn 0.000000 -0.386320 -0.922365
vn 0.000000 -0.386320 -0.922365
vn 0.386221 0.000000 0.922406
vn 0.386221 0.000000 0.922406
vn 0.386221 0.000000 0.922406
vn 0.386221 0.000000 0.922406
vn 0.386221 0.000000 0.922406
vn 0.386221 0.000000 0.922406
vn 0.920142 0.000000 0.391584
vn 0.920142 0.000000 0.391584
vn 0.920143 0.000000 0.391584
vn 0.920142 0.000000 0.391584
vn 0.920143 0.000000 0.391584
vn 0.920142 0.000000 0.391584
vn -0.920154 0.000000 0.391556
vn -0.920154 0.000000 0.391556
vn -0.920154 0.000000 0.391556
vn -0.920154 0.000000 0.391556
vn -0.920154 0.000000 0.391556
vn -0.920154 0.000000 0.391556
vn -0.386220 0.000000 0.922407
vn -0.386220 0.000000 0.922407
vn -0.386220 0.000000 0.922407
vn -0.386220 0.000000 0.922407
vn -0.386220 0.000000 0.922407
vn -0.386220 0.000000 0.922407
vn -0.923854 -0.382745 0.000000
vn -0.923854 -0.382745 0.000000
vn -0.923854 -0.382745 0.000000
vn -0.923854 -0.382745 0.000000
vn -0.923854 -0.382745 0.000000
vn -0.923854 -0.382745 0.000000
vn 0.000000 0.000000 1.000000
vn 0.000000 0.000000 1.000000
vn 0.000000 0.000000 1.000000
vn 0.000000 0.000000 1.000000
vn 0.000000 0.000000 1.000000
vn 0.000000 0.000000 1.000000
vn 0.000000 0.000000 1.000000
vn 0.000000 0.000000 1.000000
vn 0.000000 0.000000 1.000000
vn 0.000000 0.000000 1.000000
vn 0.000000 0.000000 1.000000
vn 0.000000 0.000000 1.000000
vn 0.000000 0.000000 1.000000
vn 0.000000 0.000000 1.000000
vn 0.000000 0.000000 1.000000
vn 0.000000 0.000000 1.000000
vn 0.000000 0.000000 1.000000
vn 0.000000 0.000000 1.000000
vn 0.000000 0.000000 1.000000
vn 0.000000 0.000000 1.000000
vn 0.000000 0.000000 1.000000
vn 0.000000 0.000000 1.000000
vn 0.000000 0.000000 1.000000
vn 0.000000 0.000000 1.000000
vn 0.000000 0.000000 1.000000
vn 0.000000 0.000000 1.000000
vn 0.000000 0.000000 1.000000
vn 0.000000 0.000000 1.000000
vn 0.000000 0.000000 1.000000
vn 0.000000 0.000000 1.000000
vn -0.923854 0.382745 0.000000
vn -0.923854 0.382745 0.000000
vn -0.923854 0.382745 0.000000
vn -0.923854 0.382745 0.000000
vn -0.923854 0.382745 0.000000
vn -0.923854 0.382745 0.000000
vn -1.000000 0.000000 0.000000
vn -1.000000 0.000000 0.000000
vn -1.000000 0.000000 0.000000
vn -1.000000 0.000000 0.000000
vn -1.000000 0.000000 0.000000
vn -1.000000 0.000000 0.000000
vn 0.923855 -0.382742 0.000000
vn 0.923855 -0.382742 0.000000
vn 0.923855 -0.382742 0.000000
vn 0.923855 -0.382742 0.000000
vn 0.923855 -0.382742 0.000000
vn 0.923855 -0.382742 0.000000
vn 0.923855 0.382742 0.000000
vn 0.923855 0.382742 0.000000
vn 0.923855 0.382742 0.000000
vn 0.923855 0.382742 0.000000
vn 0.923855 0.382742 0.000000
vn 0.923855 0.382742 0.000000
vn 1.000000 0.000000 0.000000
vn 1.000000 0.000000 0.000000
vn 1.000000 0.000000 0.000000
vn 1.000000 0.000000 0.000000
vn 1.000000 0.000000 0.000000
vn 1.000000 0.000000 0.000000
vn -0.366275 -0.151743 -0.918050
vn -0.366275 -0.151743 -0.918050
vn -0.366275 -0.151743 -0.918050
vn -0.356609 -0.148984 -0.922298
vn -0.356609 -0.148984 -0.922298
vn -0.356609 -0.148984 -0.922298
vn -0.839349 -0.350663 -0.415365
vn -0.839349 -0.350663 -0.415365
vn -0.839349 -0.350663 -0.415365
vn -0.849883 -0.352099 -0.392078
vn -0.849883 -0.352099 -0.392078
vn -0.849883 -0.352099 -0.392078
vn -0.356869 -0.147846 0.922381
vn -0.356869 -0.147846 0.922381
vn -0.356869 -0.147846 0.922381
vn -0.365444 -0.152675 0.918227
vn -0.365444 -0.152675 0.918227
vn -0.365444 -0.152675 0.918227
vn -0.848908 -0.354656 0.391885
vn -0.848908 -0.354656 0.391885
vn -0.848908 -0.354656 0.391885
vn -0.840566 -0.348240 0.414944
vn -0.840566 -0.348240 0.414944
vn -0.840566 -0.348240 0.414944
vn -0.366275 0.151743 0.918050
vn -0.366275 0.151743 0.918050
vn -0.366275 0.151743 0.918050
vn -0.356609 0.148984 0.922298
vn -0.356609 0.148984 0.922298
vn -0.356609 0.148984 0.922298
vn -0.839349 0.350663 0.415365
vn -0.839349 0.350663 0.415365
vn -0.839349 0.350663 0.415365
vn -0.849883 0.352099 0.392078
vn -0.849883 0.352099 0.392078
vn -0.849883 0.352099 0.392078
vn -0.356869 0.147846 -0.922381
vn -0.356869 0.147846 -0.922381
vn -0.356869 0.147846 -0.922381
vn -0.365444 0.152675 -0.918227
vn -0.365444 0.152675 -0.918227
vn -0.365444 0.152675 -0.918227
vn -0.848908 0.354656 -0.391885
vn -0.848908 0.354656 -0.391885
vn -0.848908 0.354656 -0.391885
vn -0.840566 0.348240 -0.414944
vn -0.840566 0.348240 -0.414944
vn -0.840566 0.348240 -0.414944
vn 0.366271 -0.151742 0.918052
vn 0.366271 -0.151742 0.918052
vn 0.366271 -0.151742 0.918052
vn 0.356608 -0.148984 0.922299
vn 0.356608 -0.148984 0.922299
vn 0.356608 -0.148984 0.922299
vn 0.839345 -0.350663 0.415375
vn 0.839345 -0.350663 0.415375
vn 0.839345 -0.350663 0.415375
vn 0.849894 -0.352101 0.392053
vn 0.849894 -0.352101 0.392053
vn 0.849894 -0.352101 0.392053
vn 0.356868 -0.147847 -0.922381
vn 0.356868 -0.147847 -0.922381
vn 0.356868 -0.147847 -0.922381
vn 0.365439 -0.152674 -0.918229
vn 0.365439 -0.152674 -0.918229
vn 0.365439 -0.152674 -0.918229
vn 0.848918 -0.354662 -0.391859
vn 0.848918 -0.354662 -0.391859
vn 0.848918 -0.354662 -0.391859
vn 0.840563 -0.348236 -0.414953
vn 0.840563 -0.348236 -0.414953
vn 0.840563 -0.348236 -0.414953
vn 0.366271 0.151742 -0.918052
vn 0.366271 0.151742 -0.918052
vn 0.366271 0.151742 -0.918052
vn 0.356608 0.148984 -0.922299
vn 0.356608 0.148984 -0.922299
vn 0.356608 0.148984 -0.922299
vn 0.839345 0.350663 -0.415375
vn 0.839345 0.350663 -0.415375
vn 0.839345 0.350663 -0.415375
vn 0.849894 0.352101 -0.392053
vn 0.849894 0.352101 -0.392053
vn 0.849894 0.352101 -0.392053
vn 0.356868 0.147847 0.922381
vn 0.356868 0.147847 0.922381
vn 0.356868 0.147847 0.922381
vn 0.365439 0.152674 0.918229
vn 0.365439 0.152674 0.918229
vn 0.365439 0.152674 0.918229
vn 0.848918 0.354662 0.391859
vn 0.848918 0.354662 0.391859
vn 0.848918 0.354662 0.391859
vn 0.840563 0.348236 0.414953
vn 0.840563 0.348236 0.414953
vn 0.840563 0.348236 0.414953
vn -0.920142 0.000000 -0.391584
vn -0.920143 0.000000 -0.391584
vn -0.920142 0.000000 -0.391584
vn -0.920142 0.000000 -0.391584
vn -0.920142 0.000000 -0.391584
vn -0.920143 0.000000 -0.391584
vn -0.386221 0.000000 -0.922406
vn -0.386221 0.000000 -0.922406
vn -0.386221 0.000000 -0.922406
vn -0.386221 0.000000 -0.922406
vn -0.386221 0.000000 -0.922406
vn -0.386221 0.000000 -0.922406
vn 0.920154 0.000000 -0.391556
vn 0.920154 0.000000 -0.391556
vn 0.920154 0.000000 -0.391556
vn 0.920154 0.000000 -0.391556
vn 0.920154 0.000000 -0.391556
vn 0.920154 0.000000 -0.391556
vn 0.386220 0.000000 -0.922407
vn 0.386220 0.000000 -0.922407
vn 0.386220 0.000000 -0.922407
vn 0.386220 0.000000 -0.922407
vn 0.386220 0.000000 -0.922407
vn 0.386220 0.000000 -0.922407
vn -0.386221 0.000000 0.922406
vn -0.386221 0.000000 0.922406
vn -0.386221 0.000000 0.922406
vn -0.386221 0.000000 0.922406
vn -0.386221 0.000000 0.922406
vn -0.386221 0.000000 0.922406
vn -0.920142 0.000000 0.391584
vn -0.920142 0.000000 0.391584
vn -0.920143 0.000000 0.391584
vn -0.920142 0.000000 0.391584
vn -0.920143 0.000000 0.391584
vn -0.920142 0.000000 0.391584
vn 0.920154 0.000000 0.391556
vn 0.920154 0.000000 0.391556
vn 0.920154 0.000000 0.391556
vn 0.920154 0.000000 0.391556
vn 0.920154 0.000000 0.391556
vn 0.920154 0.000000 0.391556
vn 0.386220 0.000000 0.922407
vn 0.386220 0.000000 0.922407
vn 0.386220 0.000000 0.922407
vn 0.386220 0.000000 0.922407
vn 0.386220 0.000000 0.922407
vn 0.386220 0.000000 0.922407
vn 0.000000 0.000000 -1.000000
vn 0.000000 0.000000 -1.000000
vn 0.000000 0.000000 -1.000000
vn 0.000000 0.000000 -1.000000
vn 0.000000 0.000000 -1.000000
vn 0.000000 0.000000 -1.000000
vn 0.000000 0.000000 -1.000000
vn 0.000000 0.000000 -1.000000
vn 0.000000 0.000000 -1.000000
vn 0.000000 0.000000 -1.000000
vn 0.000000 0.000000 -1.000000
vn 0.000000 0.000000 -1.000000
vn 0.000000 0.000000 -1.000000
vn 0.000000 0.000000 -1.000000
vn 0.000000 0.000000 -1.000000
vn 0.000000 0.000000 -1.000000
vn 0.000000 0.000000 -1.000000
vn 0.000000 0.000000 -1.000000
vn 0.000000 0.000000 -1.000000
vn 0.000000 0.000000 -1.000000
vn 0.000000 0.000000 -1.000000
vn 0.000000 0.000000 -1.000000
vn 0.000000 0.000000 -1.000000
vn 0.000000 0.000000 -1.000000
vn 0.000000 0.000000 -1.000000
vn 0.000000 0.000000 -1.000000
vn 0.000000 0.000000 -1.000000
vn 0.000000 0.000000 -1.000000
vn 0.000000 0.000000 -1.000000
vn 0.000000 0.000000 -1.000000
vn 0.382755 0.923850 0.000000
vn 0.382755 0.923850 0.000000
vn 0.382755 0.923850 0.000000
vn 0.382755 0.923850 0.000000
vn 0.382755 0.923850 0.000000
vn 0.382755 0.923850 0.000000
vn -0.382753 0.923851 0.000000
vn -0.382753 0.923851 0.000000
vn -0.382753 0.923851 0.000000
vn -0.382753 0.923851 0.000000
vn -0.382753 0.923851 0.000000
vn -0.382753 0.923851 0.000000
vn 0.382755 -0.923850 0.000000
vn 0.382755 -0.923850 0.000000
vn 0.382755 -0.923850 0.000000
vn 0.382755 -0.923850 0.000000
vn 0.382755 -0.923850 0.000000
vn 0.382755 -0.923850 0.000000
vn 0.000000 1.000000 0.000000
vn 0.000000 1.000000 0.000000
vn 0.000000 1.000000 0.000000
vn 0.000000 1.000000 0.000000
vn 0.000000 1.000000 0.000000
vn 0.000000 1.000000 0.000000
vn 0.000000 -1.000000 0.000000
vn 0.000000 -1.000000 0.000000
vn 0.000000 -1.000000 0.000000
vn 0.000000 -1.000000 0.000000
vn 0.000000 -1.000000 0.000000
vn 0.000000 -1.000000 0.000000
vn -0.382753 -0.923851 0.000000
vn -0.382753 -0.923851 0.000000
vn -0.382753 -0.923851 0.000000
vn -0.382753 -0.923851 0.000000
vn -0.382753 -0.923851 0.000000
vn -0.382753 -0.923851 0.000000
vn 0.151750 0.366269 0.918052
vn 0.151750 0.366269 0.918052
vn 0.151750 0.366269 0.918052
vn 0.148949 0.356458 0.922362
vn 0.148949 0.356458 0.922362
vn 0.148949 0.356458 0.922362
vn 0.350718 0.839322 0.415374
vn 0.350718 0.839322 0.415374
vn 0.350718 0.839322 0.415374
vn 0.352180 0.850053 0.391637
vn 0.352180 0.850052 0.391637
vn 0.352180 0.850053 0.391637
vn 0.147795 -0.356724 0.922445
vn 0.147795 -0.356724 0.922445
vn 0.147795 -0.356724 0.922445
vn 0.152696 -0.365425 0.918231
vn 0.152696 -0.365425 0.918231
vn 0.152696 -0.365425 0.918231
vn 0.354788 -0.849061 0.391435
vn 0.354788 -0.849061 0.391435
vn 0.354788 -0.849061 0.391435
vn 0.348248 -0.840562 0.414945
vn 0.348248 -0.840562 0.414945
vn 0.348248 -0.840562 0.414945
vn -0.151749 -0.366268 0.918052
vn -0.151749 -0.366268 0.918052
vn -0.151749 -0.366268 0.918052
vn -0.148949 -0.356461 0.922361
vn -0.148949 -0.356461 0.922361
vn -0.148949 -0.356461 0.922361
vn -0.350716 -0.839321 0.415378
vn -0.350716 -0.839321 0.415378
vn -0.350716 -0.839321 0.415378
vn -0.352178 -0.850051 0.391642
vn -0.352178 -0.850051 0.391642
vn -0.352178 -0.850051 0.391642
vn -0.147796 0.356727 0.922444
vn -0.147796 0.356727 0.922444
vn -0.147796 0.356727 0.922444
vn -0.152695 0.365424 0.918232
vn -0.152695 0.365424 0.918232
vn -0.152695 0.365424 0.918232
vn -0.354785 0.849060 0.391440
vn -0.354785 0.849060 0.391440
vn -0.354785 0.849060 0.391440
vn -0.348246 0.840561 0.414949
vn -0.348246 0.840561 0.414949
vn -0.348246 0.840561 0.414949
vn 0.000000 -0.386320 0.922365
vn 0.000000 -0.386320 0.922365
vn 0.000000 -0.386320 0.922365
vn 0.000000 -0.386320 0.922365
vn 0.000000 -0.386321 0.922365
vn 0.000000 -0.386320 0.922365
vn 0.000000 -0.920068 0.391758
vn 0.000000 -0.920068 0.391759
vn 0.000000 -0.920068 0.391759
vn 0.000000 -0.920068 0.391759
vn 0.000000 -0.920068 0.391759
vn 0.000000 -0.920068 0.391759
vn 0.000000 0.920068 0.391758
vn 0.000000 0.920068 0.391759
vn 0.000000 0.920068 0.391759
vn 0.000000 0.920068 0.391758
vn 0.000000 0.920068 0.391759
vn 0.000000 0.920068 0.391759
vn 0.000000 0.386320 0.922365
vn 0.000000 0.386320 0.922365
vn 0.000000 0.386320 0.922365
vn 0.000000 0.386320 0.922365
vn 0.000000 0.386320 0.922365
vn 0.000000 0.386320 0.922365
vn 0.000000 -1.000000 0.000000
vn 0.000000 -1.000000 0.000000
vn 0.000000 -1.000000 0.000000
vn 0.000000 -1.000000 0.000000
vn 0.000000 -1.000000 0.000000
vn 0.000000 -1.000000 0.000000
vn 0.000000 1.000000 0.000000
vn 0.000000 1.000000 0.000000
vn 0.000000 1.000000 0.000000
vn 0.000000 1.000000 0.000000
vn 0.000000 1.000000 0.000000
vn 0.000000 1.000000 0.000000
vn -0.382755 0.923850 0.000000
vn -0.382755 0.923850 0.000000
vn -0.382755 0.923850 0.000000
vn -0.382755 0.923850 0.000000
vn -0.382755 0.923850 0.000000
vn -0.382755 0.923850 0.000000
vn 0.382753 0.923851 0.000000
vn 0.382753 0.923851 0.000000
vn 0.382753 0.923851 0.000000
vn 0.382753 0.923851 0.000000
vn 0.382753 0.923851 0.000000
vn 0.382753 0.923851 0.000000
vn 0.382753 -0.923851 0.000000
vn 0.382753 -0.923851 0.000000
vn 0.382753 -0.923851 0.000000
vn 0.382753 -0.923851 0.000000
vn 0.382753 -0.923851 0.000000
vn 0.382753 -0.923851 0.000000
vn -0.382755 -0.923850 0.000000
vn -0.382755 -0.923850 0.000000
vn -0.382755 -0.923850 0.000000
vn -0.382755 -0.923850 0.000000
vn -0.382755 -0.923850 0.000000
vn -0.382755 -0.923850 0.000000
vn -0.147795 -0.356724 -0.922445
vn -0.147795 -0.356724 -0.922445
vn -0.147795 -0.356724 -0.922445
vn -0.152696 -0.365425 -0.918231
vn -0.152696 -0.365425 -0.918231
vn -0.152696 -0.365425 -0.918231
vn -0.354788 -0.849061 -0.391435
vn -0.354788 -0.849061 -0.391435
vn -0.354788 -0.849061 -0.391435
vn -0.348248 -0.840562 -0.414945
vn -0.348248 -0.840562 -0.414945
vn -0.348248 -0.840562 -0.414945
vn -0.151750 -0.366269 0.918052
vn -0.151750 -0.366269 0.918052
vn -0.151750 -0.366269 0.918052
vn -0.148949 -0.356458 0.922362
vn -0.148949 -0.356458 0.922362
vn -0.148949 -0.356458 0.922362
vn -0.350718 -0.839322 0.415374
vn -0.350718 -0.839322 0.415374
vn -0.350718 -0.839322 0.415374
vn -0.352180 -0.850053 0.391637
vn -0.352180 -0.850052 0.391637
vn -0.352180 -0.850053 0.391637
vn -0.147795 0.356724 0.922445
vn -0.147795 0.356724 0.922445
vn -0.147795 0.356724 0.922445
vn -0.152696 0.365425 0.918231
vn -0.152696 0.365425 0.918231
vn -0.152696 0.365425 0.918231
vn -0.354788 0.849061 0.391435
vn -0.354788 0.849061 0.391435
vn -0.354788 0.849061 0.391435
vn -0.348248 0.840562 0.414945
vn -0.348248 0.840562 0.414945
vn -0.348248 0.840562 0.414945
vn -0.151750 0.366269 -0.918052
vn -0.151750 0.366269 -0.918052
vn -0.151750 0.366269 -0.918052
vn -0.148949 0.356458 -0.922362
vn -0.148949 0.356458 -0.922362
vn -0.148949 0.356458 -0.922362
vn -0.350718 0.839322 -0.415374
vn -0.350718 0.839322 -0.415374
vn -0.350718 0.839322 -0.415374
vn -0.352180 0.850053 -0.391637
vn -0.352180 0.850052 -0.391637
vn -0.352180 0.850053 -0.391637
vn 0.147796 -0.356727 0.922444
vn 0.147796 -0.356727 0.922444
vn 0.147796 -0.356727 0.922444
vn 0.152695 -0.365424 0.918232
vn 0.152695 -0.365424 0.918232
vn 0.152695 -0.365424 0.918232
vn 0.354785 -0.849060 0.391440
vn 0.354785 -0.849060 0.391440
vn 0.354785 -0.849060 0.391440
vn 0.348246 -0.840561 0.414949
vn 0.348246 -0.840561 0.414949
vn 0.348246 -0.840561 0.414949
vn 0.151749 -0.366268 -0.918052
vn 0.151749 -0.366268 -0.918052
vn 0.151749 -0.366268 -0.918052
vn 0.148949 -0.356461 -0.922361
vn 0.148949 -0.356461 -0.922361
vn 0.148949 -0.356461 -0.922361
vn 0.350716 -0.839321 -0.415378
vn 0.350716 -0.839321 -0.415378
vn 0.350716 -0.839321 -0.415378
vn 0.352178 -0.850051 -0.391642
vn 0.352178 -0.850051 -0.391642
vn 0.352178 -0.850051 -0.391642
vn 0.147796 0.356727 -0.922444
vn 0.147796 0.356727 -0.922444
vn 0.147796 0.356727 -0.922444
vn 0.152695 0.365424 -0.918232
vn 0.152695 0.365424 -0.918232
vn 0.152695 0.365424 -0.918232
vn 0.354785 0.849060 -0.391440
vn 0.354785 0.849060 -0.391440
vn 0.354785 0.849060 -0.391440
vn 0.348246 0.840561 -0.414949
vn 0.348246 0.840561 -0.414949
vn 0.348246 0.840561 -0.414949
vn 0.151749 0.366268 0.918052
vn 0.151749 0.366268 0.918052
vn 0.151749 0.366268 0.918052
vn 0.148949 0.356461 0.922361
vn 0.148949 0.356461 0.922361
vn 0.148949 0.356461 0.922361
vn 0.350716 0.839321 0.415378
vn 0.350716 0.839321 0.415378
vn 0.350716 0.839321 0.415378
vn 0.352178 0.850051 0.391642
vn 0.352178 0.850051 0.391642
vn 0.352178 0.850051 0.391642
vn 0.000000 0.920068 -0.391758
vn 0.000000 0.920068 -0.391759
vn 0.000000 0.920068 -0.391759
vn 0.000000 0.920068 -0.391758
vn 0.000000 0.920068 -0.391759
vn 0.000000 0.920068 -0.391759
vn 0.000000 0.386320 -0.922365
vn 0.000000 0.386320 -0.922365
vn 0.000000 0.386320 -0.922365
vn 0.000000 0.386320 -0.922365
vn 0.000000 0.386320 -0.922365
vn 0.000000 0.386320 -0.922365
vn 0.000000 -0.920068 -0.391759
vn 0.000000 -0.920068 -0.391759
vn 0.000000 -0.920068 -0.391759
vn 0.000000 -0.920068 -0.391758
vn 0.000000 -0.920068 -0.391759
vn 0.000000 -0.920068 -0.391759
vn 0.000000 -0.386320 -0.922365
vn 0.000000 -0.386321 -0.922365
vn 0.000000 -0.386320 -0.922365
vn 0.000000 -0.386320 -0.922365
vn 0.000000 -0.386320 -0.922365
vn 0.000000 -0.386320 -0.922365
vn 0.000000 -0.386320 0.922365
vn 0.000000 -0.386320 0.922365
vn 0.000000 -0.386320 0.922365
vn 0.000000 -0.386320 0.922365
vn 0.000000 -0.386320 0.922365
vn 0.000000 -0.386320 0.922365
vn 0.000000 -0.920068 0.391758
vn 0.000000 -0.920068 0.391759
vn 0.000000 -0.920068 0.391759
vn 0.000000 -0.920068 0.391758
vn 0.000000 -0.920068 0.391759
vn 0.000000 -0.920068 0.391759
vn 0.000000 0.920068 0.391759
vn 0.000000 0.920068 0.391759
vn 0.000000 0.920068 0.391759
vn 0.000000 0.920068 0.391758
vn 0.000000 0.920068 0.391759
vn 0.000000 0.920068 0.391759
vn 0.000000 0.386320 0.922365
vn 0.000000 0.386321 0.922365
vn 0.000000 0.386320 0.922365
vn 0.000000 0.386320 0.922365
vn 0.000000 0.386320 0.922365
vn 0.000000 0.386320 0.922365
vn 0.000000 0.994467 -0.105049
vn 0.000000 0.994467 -0.105049
vn 0.000000 0.994467 -0.105049
vn -0.000001 0.994467 -0.105049
vn -0.000001 0.994467 -0.105049
vn -0.000001 0.994467 -0.105049
vn 0.922312 -0.382212 -0.057053
vn 0.922312 -0.382212 -0.057053
vn 0.922312 -0.382212 -0.057053
vn 0.922328 -0.382172 -0.057059
vn 0.922328 -0.382172 -0.057059
vn 0.922328 -0.382172 -0.057059
vn 0.994467 0.000000 -0.105049
vn 0.994467 0.000000 -0.105049
vn 0.994467 0.000000 -0.105049
vn 0.994467 0.000001 -0.105049
vn 0.994467 0.000001 -0.105049
vn 0.994467 0.000001 -0.105049
vn -0.922312 -0.382212 -0.057053
vn -0.922312 -0.382212 -0.057053
vn -0.922312 -0.382212 -0.057053
vn -0.922328 -0.382172 -0.057059
vn -0.922328 -0.382172 -0.057059
vn -0.922328 -0.382172 -0.057059
vn 0.000000 0.000000 1.000000
vn 0.000000 0.000000 1.000000
vn 0.000000 0.000000 1.000000
vn 0.000000 0.000000 1.000000
vn 0.000000 0.000000 1.000000
vn 0.000000 0.000000 1.000000
vn 0.000000 0.000000 1.000000
vn 0.000000 0.000000 1.000000
vn 0.000000 0.000000 1.000000
vn 0.000000 0.000000 1.000000
vn 0.000000 0.000000 1.000000
vn 0.000000 0.000000 1.000000
vn 0.000000 0.000000 1.000000
vn 0.000000 0.000000 1.000000
vn 0.000000 0.000000 1.000000
vn 0.000000 0.000000 1.000000
vn 0.000000 0.000000 1.000000
vn 0.000000 0.000000 1.000000
vn 0.000000 0.000000 1.000000
vn 0.000000 0.000000 1.000000
vn 0.000000 0.000000 1.000000
vn 0.000000 0.000000 1.000000
vn 0.000000 0.000000 1.000000
vn 0.000000 0.000000 1.000000
vn 0.000000 0.000000 1.000000
vn 0.000000 0.000000 1.000000
vn 0.000000 0.000000 1.000000
vn 0.000000 0.000000 1.000000
vn 0.000000 0.000000 1.000000
vn 0.000000 0.000000 1.000000
vn -0.379343 0.915097 -0.136737
vn -0.379343 0.915097 -0.136737
vn -0.379343 0.915097 -0.136737
vn -0.379158 0.915175 -0.136725
vn -0.379158 0.915175 -0.136725
vn -0.379158 0.915175 -0.136725
vn 0.000000 0.000000 1.000000
vn 0.000000 0.000000 1.000000
vn 0.000000 0.000000 1.000000
vn 0.000000 0.000000 1.000000
vn 0.000000 0.000000 1.000000
vn 0.000000 0.000000 1.000000
vn 0.000000 0.000000 1.000000
vn 0.000000 0.000000 1.000000
vn 0.000000 0.000000 1.000000
vn 0.000000 0.000000 1.000000
vn 0.000000 0.000000 1.000000
vn 0.000000 0.000000 1.000000
vn 0.000000 0.000000 1.000000
vn 0.000000 0.000000 1.000000
vn 0.000000 0.000000 1.000000
vn 0.000000 0.000000 1.000000
vn 0.000000 0.000000 1.000000
vn 0.000000 0.000000 1.000000
vn 0.000000 0.000000 1.000000
vn 0.000000 0.000000 1.000000
vn 0.000000 0.000000 1.000000
vn 0.000000 0.000000 1.000000
vn 0.000000 0.000000 1.000000
vn 0.000000 0.000000 1.000000
vn 0.000000 0.000000 1.000000
vn 0.000000 0.000000 1.000000
vn 0.000000 0.000000 1.000000
vn 0.000000 0.000000 1.000000
vn 0.000000 0.000000 1.000000
vn 0.000000 0.000000 1.000000
vn -0.915176 -0.379156 0.136725
vn -0.915176 -0.379156 0.136725
vn -0.915176 -0.379156 0.136725
vn -0.915251 -0.378979 0.136715
vn -0.915251 -0.378979 0.136715
vn -0.915251 -0.378979 0.136715
vn -0.994467 0.000000 -0.105049
vn -0.994467 0.000000 -0.105049
vn -0.994467 0.000000 -0.105049
vn -0.994467 -0.000001 -0.105049
vn -0.994467 -0.000001 -0.105049
vn -0.994467 -0.000001 -0.105049
vn 0.000000 0.000000 -1.000000
vn 0.000000 0.000000 -1.000000
vn 0.000000 0.000000 -1.000000
vn 0.000000 0.000000 -1.000000
vn 0.000000 0.000000 -1.000000
vn 0.000000 0.000000 -1.000000
vn 0.000000 0.000000 -1.000000
vn 0.000000 0.000000 -1.000000
vn 0.000000 0.000000 -1.000000
vn 0.000000 0.000000 -1.000000
vn 0.000000 0.000000 -1.000000
vn 0.000000 0.000000 -1.000000
vn 0.000000 0.000000 -1.000000
vn 0.000000 0.000000 -1.000000
vn 0.000000 0.000000 -1.000000
vn 0.000000 0.000000 -1.000000
vn 0.000000 0.000000 -1.000000
vn 0.000000 0.000000 -1.000000
vn 0.000000 0.000000 -1.000000
vn 0.000000 0.000000 -1.000000
vn 0.000000 0.000000 -1.000000
vn 0.000000 0.000000 -1.000000
vn 0.000000 0.000000 -1.000000
vn 0.000000 0.000000 -1.000000
vn 0.000000 0.000000 -1.000000
vn 0.000000 0.000000 -1.000000
vn 0.000000 0.000000 -1.000000
vn 0.000000 0.000000 -1.000000
vn 0.000000 0.000000 -1.000000
vn 0.000000 0.000000 -1.000000
vn -0.378994 -0.915244 0.136715
vn -0.378994 -0.915245 0.136715
vn -0.378994 -0.915245 0.136715
vn -0.378953 -0.915262 0.136713
vn -0.378953 -0.915262 0.136713
vn -0.378953 -0.915262 0.136713
vn -0.994467 0.000001 0.105049
vn -0.994467 0.000001 0.105049
vn -0.994467 0.000001 0.105049
vn -0.994467 0.000000 0.105049
vn -0.994467 0.000000 0.105049
vn -0.994467 0.000000 0.105049
vn 0.000000 0.000000 1.000000
vn 0.000000 0.000000 1.000000
vn 0.000000 0.000000 1.000000
vn 0.000000 0.000000 1.000000
vn 0.000000 0.000000 1.000000
vn 0.000000 0.000000 1.000000
vn 0.000000 0.000000 1.000000
vn 0.000000 0.000000 1.000000
vn 0.000000 0.000000 1.000000
vn 0.000000 0.000000 1.000000
vn 0.000000 0.000000 1.000000
vn 0.000000 0.000000 1.000000
vn 0.000000 0.000000 1.000000
vn 0.000000 0.000000 1.000000
vn 0.000000 0.000000 1.000000
vn 0.000000 0.000000 1.000000
vn 0.000000 0.000000 1.000000
vn 0.000000 0.000000 1.000000
vn 0.000000 0.000000 1.000000
vn 0.000000 0.000000 1.000000
vn 0.000000 0.000000 1.000000
vn 0.000000 0.000000 1.000000
vn 0.000000 0.000000 1.000000
vn 0.000000 0.000000 1.000000
vn 0.000000 0.000000 1.000000
vn 0.000000 0.000000 1.000000
vn 0.000000 0.000000 1.000000
vn 0.000000 0.000000 1.000000
vn 0.000000 0.000000 1.000000
vn 0.000000 0.000000 1.000000
vn 0.915176 0.379156 0.136725
vn 0.915176 0.379156 0.136725
vn 0.915176 0.379156 0.136725
vn 0.915251 0.378979 0.136715
vn 0.915251 0.378979 0.136715
vn 0.915251 0.378979 0.136715
vn 0.000000 0.994467 0.105049
vn 0.000000 0.994467 0.105049
vn 0.000000 0.994467 0.105049
vn 0.000001 0.994467 0.105049
vn 0.000001 0.994467 0.105049
vn 0.000001 0.994467 0.105049
vn 0.000000 0.000000 -1.000000
vn 0.000000 0.000000 -1.000000
vn 0.000000 0.000000 -1.000000
vn 0.000000 0.000000 -1.000000
vn 0.000000 0.000000 -1.000000
vn 0.000000 0.000000 -1.000000
vn 0.000000 0.000000 -1.000000
vn 0.000000 0.000000 -1.000000
vn 0.000000 0.000000 -1.000000
vn 0.000000 0.000000 -1.000000
vn 0.000000 0.000000 -1.000000
vn 0.000000 0.000000 -1.000000
vn 0.000000 0.000000 -1.000000
vn 0.000000 0.000000 -1.000000
vn 0.000000 0.000000 -1.000000
vn 0.000000 0.000000 -1.000000
vn 0.000000 0.000000 -1.000000
vn 0.000000 0.000000 -1.000000
vn 0.000000 0.000000 -1.000000
vn 0.000000 0.000000 -1.000000
vn 0.000000 0.000000 -1.000000
vn 0.000000 0.000000 -1.000000
vn 0.000000 0.000000 -1.000000
vn 0.000000 0.000000 -1.000000
vn 0.000000 0.000000 -1.000000
vn 0.000000 0.000000 -1.000000
vn 0.000000 0.000000 -1.000000
vn 0.000000 0.000000 -1.000000
vn 0.000000 0.000000 -1.000000
vn 0.000000 0.000000 -1.000000
vn 0.378994 0.915244 0.136715
vn 0.378994 0.915245 0.136715
vn 0.378994 0.915245 0.136715
vn 0.378953 0.915262 0.136713
vn 0.378953 0.915262 0.136713
vn 0.378953 0.915262 0.136713
vn 0.994467 -0.000001 0.105049
vn 0.994467 -0.000001 0.105049
vn 0.994467 -0.000001 0.105049
vn 0.994467 0.000000 0.105049
vn 0.994467 0.000000 0.105049
vn 0.994467 0.000000 0.105049
vn 0.000000 -0.994467 -0.105049
vn 0.000000 -0.994467 -0.105049
vn 0.000000 -0.994467 -0.105049
vn 0.000001 -0.994467 -0.105049
vn 0.000001 -0.994467 -0.105049
vn 0.000001 -0.994467 -0.105049
vn 0.000000 0.000000 -1.000000
vn 0.000000 0.000000 -1.000000
vn 0.000000 0.000000 -1.000000
vn 0.000000 0.000000 -1.000000
vn 0.000000 0.000000 -1.000000
vn 0.000000 0.000000 -1.000000
vn 0.000000 0.000000 -1.000000
vn 0.000000 0.000000 -1.000000
vn 0.000000 0.000000 -1.000000
vn 0.000000 0.000000 -1.000000
vn 0.000000 0.000000 -1.000000
vn 0.000000 0.000000 -1.000000
vn 0.000000 0.000000 -1.000000
vn 0.000000 0.000000 -1.000000
vn 0.000000 0.000000 -1.000000
vn 0.000000 0.000000 -1.000000
vn 0.000000 0.000000 -1.000000
vn 0.000000 0.000000 -1.000000
vn 0.000000 0.000000 -1.000000
vn 0.000000 0.000000 -1.000000
vn 0.000000 0.000000 -1.000000
vn 0.000000 0.000000 -1.000000
vn 0.000000 0.000000 -1.000000
vn 0.000000 0.000000 -1.000000
vn 0.000000 0.000000 -1.000000
vn 0.000000 0.000000 -1.000000
vn 0.000000 0.000000 -1.000000
vn 0.000000 0.000000 -1.000000
vn 0.000000 0.000000 -1.000000
vn 0.000000 0.000000 -1.000000
vn 0.000000 0.000000 1.000000
vn 0.000000 0.000000 1.000000
vn 0.000000 0.000000 1.000000
vn 0.000000 0.000000 1.000000
vn 0.000000 0.000000 1.000000
vn 0.000000 0.000000 1.000000
vn 0.000000 0.000000 1.000000
vn 0.000000 0.000000 1.000000
vn 0.000000 0.000000 1.000000
vn 0.000000 0.000000 1.000000
vn 0.000000 0.000000 1.000000
vn 0.000000 0.000000 1.000000
vn 0.000000 0.000000 1.000000
vn 0.000000 0.000000 1.000000
vn 0.000000 0.000000 1.000000
vn 0.000000 0.000000 1.000000
vn 0.000000 0.000000 1.000000
vn 0.000000 0.000000 1.000000
vn 0.000000 0.000000 1.000000
vn 0.000000 0.000000 1.000000
vn 0.000000 0.000000 1.000000
vn 0.000000 0.000000 1.000000
vn 0.000000 0.000000 1.000000
vn 0.000000 0.000000 1.000000
vn 0.000000 0.000000 1.000000
vn 0.000000 0.000000 1.000000
vn 0.000000 0.000000 1.000000
vn 0.000000 0.000000 1.000000
vn 0.000000 0.000000 1.000000
vn 0.000000 0.000000 1.000000
vn 0.379343 -0.915097 -0.136737
vn 0.379343 -0.915097 -0.136737
vn 0.379343 -0.915097 -0.136737
vn 0.379158 -0.915175 -0.136725
vn 0.379158 -0.915175 -0.136725
vn 0.379158 -0.915175 -0.136725
vn -0.995406 0.035267 0.089014
vn -0.995406 0.035267 0.089014
vn -0.995406 0.035267 0.089014
vn -0.985567 -0.080714 0.148806
vn -0.985567 -0.080714 0.148806
vn -0.985567 -0.080714 0.148806
vn -0.992915 -0.035554 0.113386
vn -0.992915 -0.035554 0.113386
vn -0.992915 -0.035554 0.113386
vn -0.994113 0.031367 0.103711
vn -0.994113 0.031367 0.103711
vn -0.994113 0.031367 0.103711
vn -0.993904 0.033319 0.105092
vn -0.993904 0.033319 0.105092
vn -0.993904 0.033319 0.105092
vn -0.992985 -0.004224 0.118165
vn -0.992985 -0.004224 0.118165
vn -0.992985 -0.004224 0.118165
vn -0.985694 -0.079074 0.148846
vn -0.985694 -0.079074 0.148846
vn -0.985694 -0.079074 0.148846
vn 0.000000 0.923917 -0.382592
vn 0.000000 0.923917 -0.382592
vn 0.000000 0.923917 -0.382592
vn 0.000000 0.923917 -0.382592
vn 0.000000 0.923917 -0.382592
vn 0.000000 0.923917 -0.382592
vn -0.996549 0.000165 0.083007
vn -0.996549 0.000165 0.083007
vn -0.996549 0.000165 0.083007
vn -0.996562 -0.000024 0.082854
vn -0.996562 -0.000024 0.082854
vn -0.996562 -0.000024 0.082854
vn -0.996530 -0.000402 0.083228
vn -0.996531 -0.000402 0.083228
vn -0.996530 -0.000402 0.083228
vn -0.996559 0.000005 0.082892
vn -0.996558 0.000005 0.082892
vn -0.996558 0.000005 0.082892
vn -0.996563 -0.000022 0.082833
vn -0.996563 -0.000022 0.082833
vn -0.996563 -0.000022 0.082833
vn -0.996560 0.000000 0.082872
vn -0.996560 0.000000 0.082872
vn -0.996560 0.000000 0.082872
vn -0.985926 -0.075772 0.149026
vn -0.985926 -0.075772 0.149026
vn -0.985926 -0.075772 0.149026
vn -0.993179 -0.028553 0.113049
vn -0.993179 -0.028553 0.113049
vn -0.993179 -0.028553 0.113049
vn -0.993460 0.048922 0.103172
vn -0.993460 0.048922 0.103172
vn -0.993460 0.048922 0.103172
vn -0.993374 0.049711 0.103619
vn -0.993374 0.049711 0.103619
vn -0.993374 0.049711 0.103619
vn -0.993039 0.007505 0.117545
vn -0.993039 0.007505 0.117545
vn -0.993039 0.007505 0.117545
vn -0.986117 -0.073482 0.148911
vn -0.986117 -0.073482 0.148910
vn -0.986117 -0.073482 0.148910
vn 0.000000 0.000000 -1.000000
vn 0.000000 0.000000 -1.000000
vn 0.000000 0.000000 -1.000000
vn 0.000000 0.000000 -1.000000
vn 0.000000 0.000000 -1.000000
vn 0.000000 0.000000 -1.000000
vn 0.000000 -0.923924 0.382576
vn 0.000000 -0.923924 0.382576
vn 0.000000 -0.923924 0.382576
vn 0.000000 -0.923924 0.382576
vn 0.000000 -0.923924 0.382576
vn 0.000000 -0.923924 0.382576
vn 0.000000 0.382597 0.923915
vn 0.000000 0.382597 0.923915
vn 0.000000 0.382597 0.923915
vn 0.000000 0.382597 0.923915
vn 0.000000 0.382597 0.923915
vn 0.000000 0.382597 0.923915
vn 0.000000 0.369871 -0.929083
vn 0.000000 0.369871 -0.929083
vn 0.000000 0.369871 -0.929083
vn 0.000000 0.369871 -0.929083
vn 0.000000 0.369871 -0.929083
vn 0.000000 0.369871 -0.929083
vn -1.000000 0.000000 0.000000
vn -1.000000 0.000000 0.000000
vn -1.000000 0.000000 0.000000
vn -1.000000 0.000000 0.000000
vn -1.000000 0.000000 0.000000
vn -1.000000 0.000000 0.000000
vn -1.000000 0.000000 0.000000
vn -1.000000 0.000000 0.000000
vn -1.000000 0.000000 0.000000
vn -1.000000 0.000000 0.000000
vn -1.000000 0.000000 0.000000
vn -1.000000 0.000000 0.000000
vn -1.000000 0.000000 0.000000
vn -1.000000 0.000000 0.000000
vn -1.000000 0.000000 0.000000
vn -1.000000 0.000000 0.000000
vn -1.000000 0.000000 0.000000
vn -1.000000 0.000000 0.000000
vn -1.000000 0.000000 0.000000
vn -1.000000 0.000000 0.000000
vn -1.000000 0.000000 0.000000
vn -1.000000 0.000000 0.000000
vn -1.000000 0.000000 0.000000
vn -1.000000 0.000000 0.000000
vn -1.000000 0.000000 0.000000
vn -1.000000 0.000000 0.000000
vn -1.000000 0.000000 0.000000
vn -1.000000 0.000000 0.000000
vn -1.000000 0.000000 0.000000
vn -1.000000 0.000000 0.000000
vn -0.997079 0.000002 0.076375
vn -0.997079 0.000002 0.076375
vn -0.997079 0.000002 0.076375
vn -0.997060 0.000372 0.076623
vn -0.997060 0.000372 0.076623
vn -0.997060 0.000372 0.076623
vn -0.997039 0.000044 0.076902
vn -0.997039 0.000044 0.076902
vn -0.997039 0.000044 0.076902
vn -0.997035 0.000000 0.076945
vn -0.997035 0.000000 0.076945
vn -0.997035 0.000000 0.076945
vn -0.997036 0.000005 0.076935
vn -0.997036 0.000005 0.076935
vn -0.997036 0.000005 0.076935
vn -0.997034 -0.000008 0.076967
vn -0.997034 -0.000008 0.076967
vn -0.997034 -0.000008 0.076967
vn 0.000000 -0.382452 -0.923976
vn 0.000000 -0.382452 -0.923976
vn 0.000000 -0.382452 -0.923976
vn 0.000000 -0.382451 -0.923975
vn 0.000000 -0.382452 -0.923976
vn 0.000000 -0.382452 -0.923976
vn 1.000000 0.000000 0.000000
vn 1.000000 0.000000 0.000000
vn 1.000000 0.000000 0.000000
vn 1.000000 0.000000 0.000000
vn 1.000000 0.000000 0.000000
vn 1.000000 0.000000 0.000000
vn 1.000000 0.000000 0.000000
vn 1.000000 0.000000 0.000000
vn 1.000000 0.000000 0.000000
vn 1.000000 0.000000 0.000000
vn 1.000000 0.000000 0.000000
vn 1.000000 0.000000 0.000000
vn 1.000000 0.000000 0.000000
vn 1.000000 0.000000 0.000000
vn 1.000000 0.000000 0.000000
vn 1.000000 0.000000 0.000000
vn 1.000000 0.000000 0.000000
vn 1.000000 0.000000 0.000000
vn 1.000000 0.000000 0.000000
vn 1.000000 0.000000 0.000000
vn 1.000000 0.000000 0.000000
vn 1.000000 0.000000 0.000000
vn 1.000000 0.000000 0.000000
vn 1.000000 0.000000 0.000000
vn 1.000000 0.000000 0.000000
vn 1.000000 0.000000 0.000000
vn 1.000000 0.000000 0.000000
vn 1.000000 0.000000 0.000000
vn 1.000000 0.000000 0.000000
vn 1.000000 0.000000 0.000000
vn 0.995303 0.053847 0.080453
vn 0.995303 0.053847 0.080453
vn 0.995303 0.053847 0.080453
vn 0.000000 0.382597 0.923915
vn 0.000000 0.382597 0.923915
vn 0.000000 0.382597 0.923915
vn 0.000000 0.382597 0.923915
vn 0.000000 0.382597 0.923915
vn 0.000000 0.382597 0.923915
vn -1.000000 0.000000 0.000000
vn -1.000000 0.000000 0.000000
vn -1.000000 0.000000 0.000000
vn -1.000000 0.000000 0.000000
vn -1.000000 0.000000 0.000000
vn -1.000000 0.000000 0.000000
vn -1.000000 0.000000 0.000000
vn -1.000000 0.000000 0.000000
vn -1.000000 0.000000 0.000000
vn -1.000000 0.000000 0.000000
vn -1.000000 0.000000 0.000000
vn -1.000000 0.000000 0.000000
vn -1.000000 0.000000 0.000000
vn -1.000000 0.000000 0.000000
vn -1.000000 0.000000 0.000000
vn -1.000000 0.000000 0.000000
vn -1.000000 0.000000 0.000000
vn -1.000000 0.000000 0.000000
vn -1.000000 0.000000 0.000000
vn -1.000000 0.000000 0.000000
vn -1.000000 0.000000 0.000000
vn -1.000000 0.000000 0.000000
vn -1.000000 0.000000 0.000000
vn -1.000000 0.000000 0.000000
vn -1.000000 0.000000 0.000000
vn -1.000000 0.000000 0.000000
vn -1.000000 0.000000 0.000000
vn -1.000000 0.000000 0.000000
vn -1.000000 0.000000 0.000000
vn -1.000000 0.000000 0.000000
vn 0.997626 0.015631 0.067070
vn 0.997626 0.015631 0.067070
vn 0.997626 0.015631 0.067070
vn 0.996910 -0.013267 0.077429
vn 0.996909 -0.013267 0.077429
vn 0.996910 -0.013267 0.077429
vn -0.996909 -0.013267 0.077429
vn -0.996910 -0.013267 0.077429
vn -0.996910 -0.013267 0.077429
vn -0.997469 -0.016230 0.069223
vn -0.997469 -0.016230 0.069223
vn -0.997469 -0.016230 0.069223
vn 0.000000 0.382565 -0.923929
vn 0.000000 0.382565 -0.923929
vn 0.000000 0.382565 -0.923929
vn 0.000000 0.382565 -0.923929
vn 0.000000 0.382565 -0.923929
vn 0.000000 0.382565 -0.923929
vn 0.997469 -0.016230 0.069223
vn 0.997469 -0.016230 0.069223
vn 0.997469 -0.016230 0.069223
vn 0.000000 0.923924 0.382576
vn 0.000000 0.923924 0.382576
vn 0.000000 0.923924 0.382576
vn 0.000000 0.923924 0.382576
vn 0.000000 0.923924 0.382576
vn 0.000000 0.923924 0.382576
vn -0.993958 -0.030942 0.105309
vn -0.993958 -0.030942 0.105309
vn -0.993958 -0.030942 0.105309
vn -0.993070 0.036268 0.111790
vn -0.993070 0.036268 0.111790
vn -0.993070 0.036268 0.111790
vn -0.985560 0.080767 0.148825
vn -0.985560 0.080767 0.148825
vn -0.985560 0.080767 0.148825
vn -0.985563 0.080734 0.148824
vn -0.985563 0.080734 0.148824
vn -0.985562 0.080734 0.148824
vn -0.992970 0.003753 0.118307
vn -0.992970 0.003753 0.118307
vn -0.992970 0.003753 0.118306
vn -0.993827 -0.034150 0.105552
vn -0.993827 -0.034150 0.105552
vn -0.993827 -0.034150 0.105552
vn 0.000000 0.382452 -0.923976
vn 0.000000 0.382452 -0.923975
vn 0.000000 0.382452 -0.923976
vn 0.000000 0.382452 -0.923976
vn 0.000000 0.382452 -0.923976
vn 0.000000 0.382452 -0.923976
vn -0.996515 -0.000005 0.083411
vn -0.996515 -0.000005 0.083411
vn -0.996515 -0.000005 0.083411
vn -0.996563 0.000003 0.082843
vn -0.996563 0.000003 0.082843
vn -0.996563 0.000003 0.082843
vn -0.996575 0.000000 0.082699
vn -0.996575 0.000000 0.082699
vn -0.996575 0.000000 0.082699
vn -0.996557 -0.000019 0.082910
vn -0.996557 -0.000019 0.082910
vn -0.996557 -0.000019 0.082910
vn -0.996563 0.000022 0.082833
vn -0.996563 0.000022 0.082833
vn -0.996563 0.000022 0.082833
vn -0.996560 0.000003 0.082877
vn -0.996560 0.000003 0.082877
vn -0.996560 0.000003 0.082877
vn -0.993410 -0.048806 0.103703
vn -0.993410 -0.048806 0.103703
vn -0.993410 -0.048806 0.103703
vn -0.993363 0.029364 0.111211
vn -0.993363 0.029364 0.111211
vn -0.993363 0.029364 0.111211
vn -0.985976 0.075394 0.148889
vn -0.985976 0.075394 0.148889
vn -0.985976 0.075394 0.148889
vn -0.985956 0.075628 0.148901
vn -0.985956 0.075628 0.148901
vn -0.985956 0.075628 0.148901
vn -0.993012 -0.008218 0.117722
vn -0.993012 -0.008218 0.117722
vn -0.993013 -0.008218 0.117722
vn -0.993253 -0.050879 0.104215
vn -0.993253 -0.050879 0.104215
vn -0.993252 -0.050879 0.104215
vn 0.000000 -0.923917 -0.382592
vn 0.000000 -0.923917 -0.382592
vn 0.000000 -0.923917 -0.382592
vn 0.000000 -0.923917 -0.382592
vn 0.000000 -0.923917 -0.382592
vn 0.000000 -0.923917 -0.382592
vn 0.000000 0.382451 -0.923975
vn 0.000000 0.382452 -0.923976
vn 0.000000 0.382452 -0.923976
vn 0.000000 0.382452 -0.923976
vn 0.000000 0.382452 -0.923976
vn 0.000000 0.382452 -0.923976
vn 0.000000 -0.892797 -0.450459
vn 0.000000 -0.892797 -0.450459
vn 0.000000 -0.892797 -0.450458
vn 0.000000 -0.892797 -0.450459
vn 0.000000 -0.892797 -0.450459
vn 0.000000 -0.892797 -0.450459
vn -0.994761 0.045256 0.091661
vn -0.994761 0.045256 0.091661
vn -0.994761 0.045256 0.091661
vn 0.000000 0.923917 -0.382592
vn 0.000000 0.923917 -0.382592
vn 0.000000 0.923917 -0.382592
vn 0.000000 0.923917 -0.382592
vn 0.000000 0.923917 -0.382592
vn 0.000000 0.923917 -0.382592
vn -0.997079 -0.000002 0.076375
vn -0.997079 -0.000002 0.076375
vn -0.997079 -0.000002 0.076375
vn -0.997034 0.000008 0.076967
vn -0.997034 0.000008 0.076967
vn -0.997034 0.000008 0.076967
vn -0.997036 -0.000005 0.076935
vn -0.997036 -0.000005 0.076935
vn -0.997036 -0.000005 0.076935
vn -0.997035 0.000000 0.076945
vn -0.997035 0.000000 0.076945
vn -0.997035 0.000000 0.076945
vn -0.997039 -0.000044 0.076902
vn -0.997039 -0.000044 0.076902
vn -0.997039 -0.000044 0.076902
vn -0.997060 -0.000372 0.076623
vn -0.997060 -0.000372 0.076623
vn -0.997060 -0.000372 0.076623
vn 0.000000 0.923924 0.382576
vn 0.000000 0.923924 0.382576
vn 0.000000 0.923924 0.382576
vn 0.000000 0.923924 0.382576
vn 0.000000 0.923924 0.382576
vn 0.000000 0.923924 0.382576
vn 0.000000 -0.923917 -0.382592
vn 0.000000 -0.923917 -0.382592
vn 0.000000 -0.923917 -0.382592
vn 0.000000 -0.923917 -0.382592
vn 0.000000 -0.923917 -0.382592
vn 0.000000 -0.923917 -0.382592
vn 1.000000 0.000000 0.000000
vn 1.000000 0.000000 0.000000
vn 1.000000 0.000000 0.000000
vn 1.000000 0.000000 0.000000
vn 1.000000 0.000000 0.000000
vn 1.000000 0.000000 0.000000
vn 1.000000 0.000000 0.000000
vn 1.000000 0.000000 0.000000
vn 1.000000 0.000000 0.000000
vn 1.000000 0.000000 0.000000
vn 1.000000 0.000000 0.000000
vn 1.000000 0.000000 0.000000
vn 1.000000 0.000000 0.000000
vn 1.000000 0.000000 0.000000
vn 1.000000 0.000000 0.000000
vn 1.000000 0.000000 0.000000
vn 1.000000 0.000000 0.000000
vn 1.000000 0.000000 0.000000
vn 1.000000 0.000000 0.000000
vn 1.000000 0.000000 0.000000
vn 1.000000 0.000000 0.000000
vn 1.000000 0.000000 0.000000
vn 1.000000 0.000000 0.000000
vn 1.000000 0.000000 0.000000
vn 1.000000 0.000000 0.000000
vn 1.000000 0.000000 0.000000
vn 1.000000 0.000000 0.000000
vn 1.000000 0.000000 0.000000
vn 1.000000 0.000000 0.000000
vn 1.000000 0.000000 0.000000
vn 0.000000 -0.923801 0.382873
vn 0.000000 -0.923801 0.382872
vn 0.000000 -0.923801 0.382872
vn 0.000000 -0.923801 0.382872
vn 0.000000 -0.923801 0.382872
vn 0.000000 -0.923801 0.382872
vn 0.994822 0.036582 0.094821
vn 0.994822 0.036582 0.094821
vn 0.994822 0.036582 0.094821
vn 0.995303 -0.053847 0.080453
vn 0.995303 -0.053847 0.080453
vn 0.995303 -0.053847 0.080453
vn 0.000000 0.892762 0.450528
vn 0.000000 0.892762 0.450528
vn 0.000000 0.892762 0.450528
vn 0.000000 0.892762 0.450528
vn 0.000000 0.892762 0.450528
vn 0.000000 0.892762 0.450528
vn 0.000000 0.393687 -0.919244
vn 0.000000 0.393687 -0.919244
vn 0.000000 0.393687 -0.919244
vn 0.000000 0.393687 -0.919244
vn 0.000000 0.393687 -0.919244
vn 0.000000 0.393687 -0.919244
vn 0.995406 -0.035267 0.089014
vn 0.995406 -0.035267 0.089014
vn 0.995406 -0.035267 0.089014
vn 0.997469 0.016230 0.069223
vn 0.997469 0.016230 0.069223
vn 0.997469 0.016230 0.069223
vn 0.000000 -1.000000 0.000000
vn 0.000000 -1.000000 0.000000
vn 0.000000 -1.000000 0.000000
vn 0.000000 -1.000000 0.000000
vn 0.000000 -1.000000 0.000000
vn 0.000000 -1.000000 0.000000
vn 1.000000 0.000000 0.000000
vn 1.000000 0.000000 0.000000
vn 1.000000 0.000000 0.000000
vn 1.000000 0.000000 0.000000
vn 1.000000 0.000000 0.000000
vn 1.000000 0.000000 0.000000
vn 0.000000 0.000000 -1.000000
vn 0.000000 0.000000 -1.000000
vn 0.000000 0.000000 -1.000000
vn 0.000000 0.000000 -1.000000
vn 0.000000 0.000000 -1.000000
vn 0.000000 0.000000 -1.000000
vn 0.000000 0.000000 1.000000
vn 0.000000 0.000000 1.000000
vn 0.000000 0.000000 1.000000
vn 0.000000 0.000000 1.000000
vn 0.000000 0.000000 1.000000
vn 0.000000 0.000000 1.000000
vn -1.000000 0.000000 0.000000
vn -1.000000 0.000000 0.000000
vn -1.000000 0.000000 0.000000
vn -1.000000 0.000000 0.000000
vn -1.000000 0.000000 0.000000
vn -1.000000 0.000000 0.000000
vn 0.000000 1.000000 0.000000
vn 0.000000 1.000000 0.000000
vn 0.000000 1.000000 0.000000
vn 0.000000 1.000000 0.000000
vn 0.000000 1.000000 0.000000
vn 0.000000 1.000000 0.000000
vn 0.000000 -1.000000 0.000000
vn 0.000000 -1.000000 0.000000
vn 0.000000 -1.000000 0.000000
vn 0.000000 -1.000000 0.000000
vn 0.000000 -1.000000 0.000000
vn 0.000000 -1.000000 0.000000
vn -1.000000 0.000000 0.000000
vn -1.000000 0.000000 0.000000
vn -1.000000 0.000000 0.000000
vn -1.000000 0.000000 0.000000
vn -1.000000 0.000000 0.000000
vn -1.000000 0.000000 0.000000
vn 0.000000 0.000000 -1.000000
vn 0.000000 0.000000 -1.000000
vn 0.000000 0.000000 -1.000000
vn 0.000000 0.000000 -1.000000
vn 0.000000 0.000000 -1.000000
vn 0.000000 0.000000 -1.000000
vn 0.000000 0.000000 1.000000
vn 0.000000 0.000000 1.000000
vn 0.000000 0.000000 1.000000
vn 0.000000 0.000000 1.000000
vn 0.000000 0.000000 1.000000
vn 0.000000 0.000000 1.000000
vn 1.000000 0.000000 0.000000
vn 1.000000 0.000000 0.000000
vn 1.000000 0.000000 0.000000
vn 1.000000 0.000000 0.000000
vn 1.000000 0.000000 0.000000
vn 1.000000 0.000000 0.000000
vn 0.000000 1.000000 0.000000
vn 0.000000 1.000000 0.000000
vn 0.000000 1.000000 0.000000
vn 0.000000 1.000000 0.000000
vn 0.000000 1.000000 0.000000
vn 0.000000 1.000000 0.000000
vn 0.000000 1.000000 0.000000
vn 0.000000 1.000000 0.000000
vn 0.000000 1.000000 0.000000
vn 0.000000 1.000000 0.000000
vn 0.000000 1.000000 0.000000
vn 0.000000 1.000000 0.000000
vn 1.000000 0.000000 0.000000
vn 1.000000 0.000000 0.000000
vn 1.000000 0.000000 0.000000
vn 1.000000 0.000000 0.000000
vn 1.000000 0.000000 0.000000
vn 1.000000 0.000000 0.000000
vn 0.000000 0.000000 -1.000000
vn 0.000000 0.000000 -1.000000
vn 0.000000 0.000000 -1.000000
vn 0.000000 0.000000 -1.000000
vn 0.000000 0.000000 -1.000000
vn 0.000000 0.000000 -1.000000
vn 0.000000 0.000000 1.000000
vn 0.000000 0.000000 1.000000
vn 0.000000 0.000000 1.000000
vn 0.000000 0.000000 1.000000
vn 0.000000 0.000000 1.000000
vn 0.000000 0.000000 1.000000
vn -1.000000 0.000000 0.000000
vn -1.000000 0.000000 0.000000
vn -1.000000 0.000000 0.000000
vn -1.000000 0.000000 0.000000
vn -1.000000 0.000000 0.000000
vn -1.000000 0.000000 0.000000
vn 0.000000 -1.000000 0.000000
vn 0.000000 -1.000000 0.000000
vn 0.000000 -1.000000 0.000000
vn 0.000000 -1.000000 0.000000
vn 0.000000 -1.000000 0.000000
vn 0.000000 -1.000000 0.000000
vn 0.000000 1.000000 0.000000
vn 0.000000 1.000000 0.000000
vn 0.000000 1.000000 0.000000
vn 0.000000 1.000000 0.000000
vn 0.000000 1.000000 0.000000
vn 0.000000 1.000000 0.000000
vn -1.000000 0.000000 0.000000
vn -1.000000 0.000000 0.000000
vn -1.000000 0.000000 0.000000
vn -1.000000 0.000000 0.000000
vn -1.000000 0.000000 0.000000
vn -1.000000 0.000000 0.000000
vn 0.000000 0.000000 1.000000
vn 0.000000 0.000000 1.000000
vn 0.000000 0.000000 1.000000
vn 0.000000 0.000000 1.000000
vn 0.000000 0.000000 1.000000
vn 0.000000 0.000000 1.000000
vn 1.000000 0.000000 0.000000
vn 1.000000 0.000000 0.000000
vn 1.000000 0.000000 0.000000
vn 1.000000 0.000000 0.000000
vn 1.000000 0.000000 0.000000
vn 1.000000 0.000000 0.000000
vn 0.000000 -1.000000 0.000000
vn 0.000000 -1.000000 0.000000
vn 0.000000 -1.000000 0.000000
vn 0.000000 -1.000000 0.000000
vn 0.000000 -1.000000 0.000000
vn 0.000000 -1.000000 0.000000
vn 0.000000 -1.000000 0.000000
vn 0.000000 -1.000000 0.000000
vn 0.000000 -1.000000 0.000000
vn 0.000000 -1.000000 0.000000
vn 0.000000 -1.000000 0.000000
vn 0.000000 -1.000000 0.000000
vn 1.000000 0.000000 0.000000
vn 1.000000 0.000000 0.000000
vn 1.000000 0.000000 0.000000
vn 1.000000 0.000000 0.000000
vn 1.000000 0.000000 0.000000
vn 1.000000 0.000000 0.000000
vn 0.000000 0.000000 1.000000
vn 0.000000 0.000000 1.000000
vn 0.000000 0.000000 1.000000
vn 0.000000 0.000000 1.000000
vn 0.000000 0.000000 1.000000
vn 0.000000 0.000000 1.000000
vn -1.000000 0.000000 0.000000
vn -1.000000 0.000000 0.000000
vn -1.000000 0.000000 0.000000
vn -1.000000 0.000000 0.000000
vn -1.000000 0.000000 0.000000
vn -1.000000 0.000000 0.000000
vn 0.000000 1.000000 0.000000
vn 0.000000 1.000000 0.000000
vn 0.000000 1.000000 0.000000
vn 0.000000 1.000000 0.000000
vn 0.000000 1.000000 0.000000
vn 0.000000 1.000000 0.000000
vn 1.000000 0.000000 0.000000
vn 1.000000 0.000000 0.000000
vn 1.000000 0.000000 0.000000
vn 1.000000 0.000000 0.000000
vn 1.000000 0.000000 0.000000
vn 1.000000 0.000000 0.000000
vn 1.000000 0.000000 0.000000
vn 1.000000 0.000000 0.000000
vn 1.000000 0.000000 0.000000
vn 0.000000 0.000000 -1.000000
vn 0.000000 0.000000 -1.000000
vn 0.000000 0.000000 -1.000000
vn 0.000000 0.000000 -1.000000
vn 0.000000 0.000000 -1.000000
vn 0.000000 0.000000 -1.000000
vn 0.000000 0.312086 -0.950054
vn 0.000000 0.312086 -0.950054
vn 0.000000 0.312086 -0.950054
vn 0.000000 0.312086 -0.950054
vn 0.000000 0.312086 -0.950054
vn 0.000000 0.312086 -0.950054
vn 0.000000 -1.000000 0.000000
vn 0.000000 -1.000000 0.000000
vn 0.000000 -1.000000 0.000000
vn 0.000000 -1.000000 0.000000
vn 0.000000 -1.000000 0.000000
vn 0.000000 -1.000000 0.000000
vn 0.000000 1.000000 0.000456
vn 0.000000 1.000000 0.000456
vn 0.000000 1.000000 0.000456
vn 0.000000 1.000000 0.000456
vn 0.000000 1.000000 0.000456
vn 0.000000 1.000000 0.000456
vn 0.000000 0.004940 0.999988
vn 0.000000 0.004940 0.999988
vn 0.000000 0.004940 0.999988
vn 0.000000 0.004940 0.999988
vn 0.000000 0.004940 0.999988
vn 0.000000 0.004940 0.999988
vn 1.000000 0.000000 0.000000
vn 1.000000 0.000000 0.000000
vn 1.000000 0.000000 0.000000
vn -1.000000 0.000000 0.000000
vn -1.000000 0.000000 0.000000
vn -1.000000 0.000000 0.000000
vn -1.000000 0.000000 0.000000
vn -1.000000 0.000000 0.000000
vn -1.000000 0.000000 0.000000
vn -1.000000 0.000000 0.000000
vn -1.000000 0.000000 0.000000
vn -1.000000 0.000000 0.000000
vn 0.000000 -0.304892 0.952387
vn 0.000000 -0.304892 0.952387
vn 0.000000 -0.304892 0.952387
vn 0.000000 -0.304892 0.952387
vn 0.000000 -0.304892 0.952387
vn 0.000000 -0.304892 0.952387
vn 1.000000 0.000000 0.000000
vn 1.000000 0.000000 0.000000
vn 1.000000 0.000000 0.000000
vn 1.000000 0.000000 0.000000
vn 1.000000 0.000000 0.000000
vn 1.000000 0.000000 0.000000
vn 0.000000 1.000000 0.000000
vn 0.000000 1.000000 0.000000
vn 0.000000 1.000000 0.000000
vn 0.000000 1.000000 0.000000
vn 0.000000 1.000000 0.000000
vn 0.000000 1.000000 0.000000
vn 0.000000 0.000000 -1.000000
vn 0.000000 0.000000 -1.000000
vn 0.000000 0.000000 -1.000000
vn 0.000000 0.000000 -1.000000
vn 0.000000 0.000000 -1.000000
vn 0.000000 0.000000 -1.000000
vn 0.000000 0.000000 1.000000
vn 0.000000 0.000000 1.000000
vn 0.000000 0.000000 1.000000
vn 0.000000 0.000000 1.000000
vn 0.000000 0.000000 1.000000
vn 0.000000 0.000000 1.000000
vn 0.000000 -1.000000 0.000000
vn 0.000000 -1.000000 0.000000
vn 0.000000 -1.000000 0.000000
vn 0.000000 -1.000000 0.000000
vn 0.000000 -1.000000 0.000000
vn 0.000000 -1.000000 0.000000
vn -1.000000 0.000000 0.000000
vn -1.000000 0.000000 0.000000
vn -1.000000 0.000000 0.000000
vn -1.000000 0.000000 0.000000
vn -1.000000 0.000000 0.000000
vn -1.000000 0.000000 0.000000
vn 1.000000 0.000000 0.000000
vn 1.000000 0.000000 0.000000
vn 1.000000 0.000000 0.000000
vn 1.000000 0.000000 0.000000
vn 1.000000 0.000000 0.000000
vn 1.000000 0.000000 0.000000
vn 0.000000 -1.000000 0.000000
vn 0.000000 -1.000000 0.000000
vn 0.000000 -1.000000 0.000000
vn 0.000000 -1.000000 0.000000
vn 0.000000 -1.000000 0.000000
vn 0.000000 -1.000000 0.000000
vn 0.000000 0.000000 1.000000
vn 0.000000 0.000000 1.000000
vn 0.000000 0.000000 1.000000
vn 0.000000 0.000000 1.000000
vn 0.000000 0.000000 1.000000
vn 0.000000 0.000000 1.000000
vn 0.000000 1.000000 0.000000
vn 0.000000 1.000000 0.000000
vn 0.000000 1.000000 0.000000
vn 0.000000 1.000000 0.000000
vn 0.000000 1.000000 0.000000
vn 0.000000 1.000000 0.000000
vn -1.000000 0.000000 0.000000
vn -1.000000 0.000000 0.000000
vn -1.000000 0.000000 0.000000
vn -1.000000 0.000000 0.000000
vn -1.000000 0.000000 0.000000
vn -1.000000 0.000000 0.000000
vn -0.381864 -0.922453 0.057104
vn -0.381864 -0.922453 0.057104
vn -0.381864 -0.922453 0.057104
vn -0.382007 -0.922395 0.057083
vn -0.382007 -0.922395 0.057083
vn -0.382007 -0.922395 0.057083
vn -0.915090 0.379359 -0.136737
vn -0.915090 0.379359 -0.136737
vn -0.915090 0.379359 -0.136737
vn -0.915178 0.379152 -0.136725
vn -0.915178 0.379152 -0.136725
vn -0.915178 0.379152 -0.136725
vn 0.915176 -0.379156 0.136726
vn 0.915176 -0.379156 0.136726
vn 0.915176 -0.379156 0.136726
vn 0.915251 -0.378979 0.136714
vn 0.915251 -0.378979 0.136714
vn 0.915251 -0.378979 0.136714
vn 0.382151 0.922337 -0.057062
vn 0.382151 0.922337 -0.057062
vn 0.382151 0.922337 -0.057062
vn 0.382187 0.922322 -0.057056
vn 0.382187 0.922322 -0.057056
vn 0.382187 0.922322 -0.057056
vn 0.922452 0.381866 0.057104
vn 0.922452 0.381866 0.057104
vn 0.922452 0.381866 0.057104
vn 0.922455 0.381857 0.057106
vn 0.922455 0.381857 0.057106
vn 0.922455 0.381857 0.057106
vn 0.000000 -0.994467 0.105049
vn 0.000000 -0.994467 0.105049
vn 0.000000 -0.994467 0.105049
vn 0.000001 -0.994467 0.105049
vn 0.000001 -0.994467 0.105049
vn 0.000001 -0.994467 0.105049
vn 0.994467 0.000000 0.105049
vn 0.994467 0.000000 0.105049
vn 0.994467 0.000000 0.105049
vn 0.994467 0.000001 0.105049
vn 0.994467 0.000001 0.105049
vn 0.994467 0.000001 0.105049
vn 0.378994 -0.915245 0.136715
vn 0.378994 -0.915245 0.136715
vn 0.378994 -0.915245 0.136715
vn 0.378953 -0.915262 0.136713
vn 0.378953 -0.915262 0.136713
vn 0.378953 -0.915262 0.136713
vn 0.381864 -0.922453 0.057104
vn 0.381864 -0.922453 0.057104
vn 0.381864 -0.922453 0.057104
vn 0.382007 -0.922395 0.057083
vn 0.382007 -0.922395 0.057083
vn 0.382007 -0.922395 0.057083
vn 0.379343 0.915097 -0.136736
vn 0.379343 0.915097 -0.136736
vn 0.379343 0.915097 -0.136736
vn 0.379158 0.915175 -0.136726
vn 0.379158 0.915175 -0.136726
vn 0.379158 0.915175 -0.136726
vn 0.000001 0.994467 -0.105049
vn 0.000001 0.994467 -0.105049
vn 0.000001 0.994467 -0.105049
vn 0.000000 0.994467 -0.105049
vn 0.000000 0.994467 -0.105049
vn 0.000000 0.994467 -0.105049
vn 0.915090 0.379359 -0.136738
vn 0.915090 0.379359 -0.136738
vn 0.915090 0.379359 -0.136738
vn 0.915178 0.379152 -0.136724
vn 0.915178 0.379152 -0.136724
vn 0.915178 0.379152 -0.136724
vn -0.382151 0.922337 -0.057062
vn -0.382151 0.922337 -0.057062
vn -0.382151 0.922337 -0.057062
vn -0.382187 0.922322 -0.057057
vn -0.382187 0.922322 -0.057057
vn -0.382187 0.922322 -0.057057
vn 0.000000 0.994467 0.105049
vn 0.000000 0.994467 0.105049
vn 0.000000 0.994467 0.105049
vn -0.000001 0.994467 0.105049
vn -0.000001 0.994467 0.105049
vn -0.000001 0.994467 0.105049
vn -0.922452 0.381866 0.057104
vn -0.922452 0.381866 0.057104
vn -0.922452 0.381866 0.057104
vn -0.922455 0.381857 0.057105
vn -0.922455 0.381857 0.057105
vn -0.922455 0.381857 0.057105
vn -0.922312 0.382212 -0.057053
vn -0.922312 0.382212 -0.057053
vn -0.922312 0.382212 -0.057053
vn -0.922328 0.382172 -0.057059
vn -0.922328 0.382172 -0.057059
vn -0.922328 0.382172 -0.057059
vn -0.381864 0.922453 0.057104
vn -0.381864 0.922453 0.057104
vn -0.381864 0.922453 0.057104
vn -0.382007 0.922395 0.057083
vn -0.382007 0.922395 0.057083
vn -0.382007 0.922395 0.057083
vn -0.379343 -0.915097 -0.136736
vn -0.379343 -0.915097 -0.136736
vn -0.379343 -0.915097 -0.136736
vn -0.379158 -0.915175 -0.136726
vn -0.379158 -0.915175 -0.136726
vn -0.379158 -0.915175 -0.136726
vn -0.000001 -0.994467 -0.105049
vn -0.000001 -0.994467 -0.105049
vn -0.000001 -0.994467 -0.105049
vn 0.000000 -0.994467 -0.105049
vn 0.000000 -0.994467 -0.105049
vn 0.000000 -0.994467 -0.105049
vn -0.915090 -0.379359 -0.136738
vn -0.915090 -0.379359 -0.136738
vn -0.915090 -0.379359 -0.136738
vn -0.915178 -0.379152 -0.136724
vn -0.915178 -0.379152 -0.136724
vn -0.915178 -0.379152 -0.136724
vn 0.382151 -0.922337 -0.057062
vn 0.382151 -0.922337 -0.057062
vn 0.382151 -0.922337 -0.057062
vn 0.382187 -0.922322 -0.057057
vn 0.382187 -0.922322 -0.057057
vn 0.382187 -0.922322 -0.057057
vn 0.994467 0.000000 -0.105049
vn 0.994467 0.000000 -0.105049
vn 0.994467 0.000000 -0.105049
vn 0.994467 -0.000001 -0.105049
vn 0.994467 -0.000001 -0.105049
vn 0.994467 -0.000001 -0.105049
vn 0.922452 -0.381866 0.057104
vn 0.922452 -0.381866 0.057104
vn 0.922452 -0.381866 0.057104
vn 0.922455 -0.381857 0.057105
vn 0.922455 -0.381857 0.057105
vn 0.922455 -0.381857 0.057105
vn 0.381864 0.922453 0.057104
vn 0.381864 0.922453 0.057104
vn 0.381864 0.922453 0.057104
vn 0.382007 0.922395 0.057083
vn 0.382007 0.922395 0.057083
vn 0.382007 0.922395 0.057083
vn 0.922312 0.382212 -0.057053
vn 0.922312 0.382212 -0.057053
vn 0.922312 0.382212 -0.057053
vn 0.922328 0.382172 -0.057059
vn 0.922328 0.382172 -0.057059
vn 0.922328 0.382172 -0.057059
vn 0.915090 -0.379359 -0.136737
vn 0.915090 -0.379359 -0.136737
vn 0.915090 -0.379359 -0.136737
vn 0.915178 -0.379152 -0.136725
vn 0.915178 -0.379152 -0.136725
vn 0.915178 -0.379152 -0.136725
vn -0.915176 0.379156 0.136726
vn -0.915176 0.379156 0.136726
vn -0.915176 0.379156 0.136726
vn -0.915251 0.378979 0.136714
vn -0.915251 0.378979 0.136714
vn -0.915251 0.378979 0.136714
vn -0.382151 -0.922337 -0.057062
vn -0.382151 -0.922337 -0.057062
vn -0.382151 -0.922337 -0.057062
vn -0.382187 -0.922322 -0.057056
vn -0.382187 -0.922322 -0.057056
vn -0.382187 -0.922322 -0.057056
vn -0.922452 -0.381866 0.057104
vn -0.922452 -0.381866 0.057104
vn -0.922452 -0.381866 0.057104
vn -0.922455 -0.381857 0.057106
vn -0.922455 -0.381857 0.057106
vn -0.922455 -0.381857 0.057106
vn -0.994467 0.000000 0.105049
vn -0.994467 0.000000 0.105049
vn -0.994467 0.000000 0.105049
vn -0.994467 -0.000001 0.105049
vn -0.994467 -0.000001 0.105049
vn -0.994467 -0.000001 0.105049
vn -0.378994 0.915245 0.136715
vn -0.378994 0.915245 0.136715
vn -0.378994 0.915245 0.136715
vn -0.378953 0.915262 0.136713
vn -0.378953 0.915262 0.136713
vn -0.378953 0.915262 0.136713
vn 0.000000 -0.994467 0.105049
vn 0.000000 -0.994467 0.105049
vn 0.000000 -0.994467 0.105049
vn -0.000001 -0.994467 0.105049
vn -0.000001 -0.994467 0.105049
vn -0.000001 -0.994467 0.105049
vn -0.142765 -0.345345 0.927553
vn -0.142765 -0.345345 0.927553
vn -0.142765 -0.345345 0.927553
vn -0.142939 -0.344985 0.927660
vn -0.142939 -0.344985 0.927660
vn -0.142939 -0.344985 0.927660
vn -0.345924 -0.834891 0.428129
vn -0.345924 -0.834890 0.428129
vn -0.345924 -0.834891 0.428129
vn -0.345819 -0.835016 0.427969
vn -0.345819 -0.835016 0.427969
vn -0.345819 -0.835016 0.427969
vn -0.359323 -0.148561 0.921312
vn -0.359323 -0.148561 0.921312
vn -0.359324 -0.148561 0.921312
vn -0.359393 -0.148846 0.921239
vn -0.359393 -0.148846 0.921239
vn -0.359393 -0.148846 0.921239
vn -0.869404 -0.360073 0.338355
vn -0.869404 -0.360073 0.338355
vn -0.869404 -0.360073 0.338355
vn -0.869403 -0.360242 0.338179
vn -0.869402 -0.360242 0.338179
vn -0.869402 -0.360242 0.338179
vn -0.153233 0.369871 0.916360
vn -0.153233 0.369871 0.916360
vn -0.153233 0.369871 0.916360
vn -0.152806 0.369741 0.916483
vn -0.152806 0.369741 0.916483
vn -0.152806 0.369741 0.916483
vn -0.368647 0.889946 0.268507
vn -0.368647 0.889946 0.268507
vn -0.368647 0.889946 0.268507
vn -0.368778 0.889941 0.268341
vn -0.368778 0.889941 0.268341
vn -0.368778 0.889941 0.268341
vn -0.369710 0.152991 0.916465
vn -0.369710 0.152991 0.916465
vn -0.369710 0.152991 0.916465
vn -0.369949 0.152887 0.916386
vn -0.369949 0.152887 0.916386
vn -0.369949 0.152887 0.916386
vn -0.889996 0.368657 0.268327
vn -0.889996 0.368657 0.268327
vn -0.889996 0.368657 0.268327
vn -0.889887 0.368775 0.268527
vn -0.889887 0.368775 0.268527
vn -0.889887 0.368775 0.268527
vn 0.344967 0.143031 0.927653
vn 0.344967 0.143032 0.927653
vn 0.344967 0.143032 0.927653
vn 0.344938 0.142930 0.927679
vn 0.344938 0.142930 0.927679
vn 0.344938 0.142930 0.927679
vn 0.835041 0.346012 0.427764
vn 0.835041 0.346012 0.427764
vn 0.835041 0.346012 0.427764
vn 0.834990 0.345660 0.428149
vn 0.834990 0.345660 0.428149
vn 0.834990 0.345659 0.428149
vn 0.148873 0.359056 0.921366
vn 0.148873 0.359056 0.921366
vn 0.148873 0.359056 0.921366
vn 0.148796 0.359246 0.921305
vn 0.148796 0.359246 0.921305
vn 0.148796 0.359246 0.921305
vn 0.360122 0.869461 0.338155
vn 0.360122 0.869461 0.338155
vn 0.360122 0.869461 0.338155
vn 0.360203 0.869365 0.338317
vn 0.360203 0.869365 0.338317
vn 0.360203 0.869365 0.338317
vn 0.138872 -0.335656 0.931692
vn 0.138872 -0.335656 0.931692
vn 0.138872 -0.335656 0.931692
vn 0.138575 -0.335586 0.931761
vn 0.138575 -0.335586 0.931761
vn 0.138575 -0.335586 0.931761
vn 0.334421 -0.807990 0.485092
vn 0.334421 -0.807990 0.485092
vn 0.334421 -0.807990 0.485092
vn 0.334459 -0.807995 0.485058
vn 0.334459 -0.807995 0.485058
vn 0.334459 -0.807995 0.485058
vn 0.335214 -0.138864 0.931852
vn 0.335214 -0.138864 0.931852
vn 0.335214 -0.138864 0.931852
vn 0.335719 -0.138634 0.931705
vn 0.335718 -0.138634 0.931705
vn 0.335718 -0.138634 0.931705
vn 0.808098 -0.334476 0.484874
vn 0.808098 -0.334476 0.484874
vn 0.808098 -0.334476 0.484874
vn 0.807921 -0.334596 0.485087
vn 0.807921 -0.334596 0.485087
vn 0.807921 -0.334596 0.485087
vn 0.359574 -0.148664 0.921198
vn 0.359574 -0.148664 0.921198
vn 0.359574 -0.148664 0.921198
vn 0.359260 -0.148791 0.921300
vn 0.359260 -0.148791 0.921300
vn 0.359260 -0.148791 0.921300
vn 0.869477 -0.360103 0.338136
vn 0.869477 -0.360103 0.338136
vn 0.869477 -0.360103 0.338136
vn 0.869341 -0.360217 0.338363
vn 0.869341 -0.360217 0.338363
vn 0.869341 -0.360217 0.338363
vn 0.142639 -0.345040 0.927686
vn 0.142639 -0.345040 0.927686
vn 0.142639 -0.345040 0.927686
vn 0.143007 -0.345148 0.927589
vn 0.143007 -0.345148 0.927590
vn 0.143007 -0.345148 0.927589
vn 0.345958 -0.834972 0.427943
vn 0.345958 -0.834972 0.427943
vn 0.345958 -0.834972 0.427943
vn 0.345791 -0.834948 0.428125
vn 0.345791 -0.834948 0.428125
vn 0.345791 -0.834948 0.428125
vn 0.369911 0.153074 0.916370
vn 0.369911 0.153074 0.916370
vn 0.369911 0.153074 0.916370
vn 0.369841 0.152843 0.916437
vn 0.369841 0.152843 0.916437
vn 0.369841 0.152843 0.916437
vn 0.889939 0.368634 0.268546
vn 0.889939 0.368634 0.268546
vn 0.889939 0.368634 0.268546
vn 0.889934 0.368794 0.268343
vn 0.889934 0.368794 0.268343
vn 0.889934 0.368794 0.268343
vn 0.153079 0.369498 0.916536
vn 0.153079 0.369498 0.916536
vn 0.153079 0.369498 0.916536
vn 0.152888 0.369940 0.916389
vn 0.152888 0.369940 0.916390
vn 0.152888 0.369940 0.916389
vn 0.368666 0.889992 0.268328
vn 0.368666 0.889992 0.268328
vn 0.368666 0.889992 0.268328
vn 0.368762 0.889903 0.268491
vn 0.368762 0.889903 0.268491
vn 0.368762 0.889903 0.268491
vn -0.148936 0.359207 0.921297
vn -0.148936 0.359207 0.921297
vn -0.148936 0.359207 0.921297
vn -0.148762 0.359165 0.921342
vn -0.148762 0.359165 0.921342
vn -0.148762 0.359165 0.921342
vn -0.360101 0.869410 0.338311
vn -0.360101 0.869410 0.338311
vn -0.360101 0.869410 0.338311
vn -0.360221 0.869408 0.338186
vn -0.360221 0.869408 0.338186
vn -0.360221 0.869408 0.338186
vn -0.344883 0.142997 0.927689
vn -0.344883 0.142997 0.927689
vn -0.344883 0.142997 0.927689
vn -0.344983 0.142949 0.927660
vn -0.344983 0.142949 0.927660
vn -0.344983 0.142949 0.927660
vn -0.834869 0.345940 0.428158
vn -0.834869 0.345941 0.428158
vn -0.834869 0.345940 0.428158
vn -0.835134 0.345719 0.427819
vn -0.835134 0.345719 0.427820
vn -0.835134 0.345719 0.427820
vn -0.335617 -0.139031 0.931682
vn -0.335617 -0.139031 0.931682
vn -0.335617 -0.139031 0.931682
vn -0.335503 -0.138545 0.931795
vn -0.335503 -0.138545 0.931795
vn -0.335503 -0.138545 0.931795
vn -0.807988 -0.334430 0.485090
vn -0.807988 -0.334430 0.485090
vn -0.807988 -0.334430 0.485090
vn -0.808014 -0.334635 0.484906
vn -0.808014 -0.334635 0.484906
vn -0.808014 -0.334635 0.484906
vn -0.138770 -0.335409 0.931796
vn -0.138770 -0.335409 0.931796
vn -0.138770 -0.335409 0.931796
vn -0.138630 -0.335717 0.931706
vn -0.138630 -0.335717 0.931706
vn -0.138630 -0.335717 0.931706
vn -0.334429 -0.808011 0.485052
vn -0.334429 -0.808011 0.485052
vn -0.334429 -0.808011 0.485052
vn -0.334452 -0.807978 0.485092
vn -0.334452 -0.807978 0.485092
vn -0.334452 -0.807978 0.485092
vn -0.359574 0.148664 0.921198
vn -0.359574 0.148664 0.921198
vn -0.359574 0.148664 0.921198
vn -0.359260 0.148791 0.921300
vn -0.359260 0.148791 0.921300
vn -0.359260 0.148791 0.921300
vn -0.869477 0.360103 0.338136
vn -0.869477 0.360103 0.338136
vn -0.869477 0.360103 0.338136
vn -0.869341 0.360217 0.338363
vn -0.869341 0.360217 0.338363
vn -0.869341 0.360217 0.338363
vn -0.142639 0.345040 0.927686
vn -0.142639 0.345040 0.927686
vn -0.142639 0.345040 0.927686
vn -0.143007 0.345148 0.927589
vn -0.143007 0.345148 0.927590
vn -0.143007 0.345148 0.927589
vn -0.345958 0.834972 0.427943
vn -0.345958 0.834972 0.427943
vn -0.345958 0.834972 0.427943
vn -0.345791 0.834948 0.428125
vn -0.345791 0.834948 0.428125
vn -0.345791 0.834948 0.428125
vn -0.369911 -0.153074 0.916370
vn -0.369911 -0.153074 0.916370
vn -0.369911 -0.153074 0.916370
vn -0.369841 -0.152843 0.916437
vn -0.369841 -0.152843 0.916437
vn -0.369841 -0.152843 0.916437
vn -0.889939 -0.368634 0.268546
vn -0.889939 -0.368634 0.268546
vn -0.889939 -0.368634 0.268546
vn -0.889934 -0.368794 0.268343
vn -0.889934 -0.368794 0.268343
vn -0.889934 -0.368794 0.268343
vn -0.153079 -0.369498 0.916536
vn -0.153079 -0.369498 0.916536
vn -0.153079 -0.369498 0.916536
vn -0.152888 -0.369940 0.916389
vn -0.152888 -0.369940 0.916390
vn -0.152888 -0.369940 0.916389
vn -0.368666 -0.889992 0.268328
vn -0.368666 -0.889992 0.268328
vn -0.368666 -0.889992 0.268328
vn -0.368762 -0.889903 0.268491
vn -0.368762 -0.889903 0.268491
vn -0.368762 -0.889903 0.268491
vn 0.148936 -0.359207 0.921297
vn 0.148936 -0.359207 0.921297
vn 0.148936 -0.359207 0.921297
vn 0.148762 -0.359165 0.921342
vn 0.148762 -0.359165 0.921342
vn 0.148762 -0.359165 0.921342
vn 0.360101 -0.869410 0.338311
vn 0.360101 -0.869410 0.338311
vn 0.360101 -0.869410 0.338311
vn 0.360221 -0.869408 0.338186
vn 0.360221 -0.869408 0.338186
vn 0.360221 -0.869408 0.338186
vn 0.344883 -0.142997 0.927689
vn 0.344883 -0.142997 0.927689
vn 0.344883 -0.142997 0.927689
vn 0.344983 -0.142949 0.927660
vn 0.344983 -0.142949 0.927660
vn 0.344983 -0.142949 0.927660
vn 0.834869 -0.345940 0.428158
vn 0.834869 -0.345941 0.428158
vn 0.834869 -0.345940 0.428158
vn 0.835134 -0.345719 0.427819
vn 0.835134 -0.345719 0.427820
vn 0.835134 -0.345719 0.427820
vn 0.335617 0.139031 0.931682
vn 0.335617 0.139031 0.931682
vn 0.335617 0.139031 0.931682
vn 0.335503 0.138545 0.931795
vn 0.335503 0.138545 0.931795
vn 0.335503 0.138545 0.931795
vn 0.807988 0.334430 0.485090
vn 0.807988 0.334430 0.485090
vn 0.807988 0.334430 0.485090
vn 0.808014 0.334635 0.484906
vn 0.808014 0.334635 0.484906
vn 0.808014 0.334635 0.484906
vn 0.138770 0.335409 0.931796
vn 0.138770 0.335409 0.931796
vn 0.138770 0.335409 0.931796
vn 0.138630 0.335717 0.931706
vn 0.138630 0.335717 0.931706
vn 0.138630 0.335717 0.931706
vn 0.334429 0.808011 0.485052
vn 0.334429 0.808011 0.485052
vn 0.334429 0.808011 0.485052
vn 0.334452 0.807978 0.485092
vn 0.334452 0.807978 0.485092
vn 0.334452 0.807978 0.485092
vn 0.142765 0.345345 0.927553
vn 0.142765 0.345345 0.927553
vn 0.142765 0.345345 0.927553
vn 0.142939 0.344985 0.927660
vn 0.142939 0.344985 0.927660
vn 0.142939 0.344985 0.927660
vn 0.345924 0.834891 0.428129
vn 0.345924 0.834890 0.428129
vn 0.345924 0.834891 0.428129
vn 0.345819 0.835016 0.427969
vn 0.345819 0.835016 0.427969
vn 0.345819 0.835016 0.427969
vn 0.359323 0.148561 0.921312
vn 0.359323 0.148561 0.921312
vn 0.359324 0.148561 0.921312
vn 0.359393 0.148846 0.921239
vn 0.359393 0.148846 0.921239
vn 0.359393 0.148846 0.921239
vn 0.869404 0.360073 0.338355
vn 0.869404 0.360073 0.338355
vn 0.869404 0.360073 0.338355
vn 0.869403 0.360242 0.338179
vn 0.869402 0.360242 0.338179
vn 0.869402 0.360242 0.338179
vn 0.153233 -0.369871 0.916360
vn 0.153233 -0.369871 0.916360
vn 0.153233 -0.369871 0.916360
vn 0.152806 -0.369741 0.916483
vn 0.152806 -0.369741 0.916483
vn 0.152806 -0.369741 0.916483
vn 0.368647 -0.889946 0.268507
vn 0.368647 -0.889946 0.268507
vn 0.368647 -0.889946 0.268507
vn 0.368778 -0.889941 0.268341
vn 0.368778 -0.889941 0.268341
vn 0.368778 -0.889941 0.268341
vn 0.369710 -0.152991 0.916465
vn 0.369710 -0.152991 0.916465
vn 0.369710 -0.152991 0.916465
vn 0.369949 -0.152887 0.916386
vn 0.369949 -0.152887 0.916386
vn 0.369949 -0.152887 0.916386
vn 0.889996 -0.368657 0.268327
vn 0.889996 -0.368657 0.268327
vn 0.889996 -0.368657 0.268327
vn 0.889887 -0.368775 0.268527
vn 0.889887 -0.368775 0.268527
vn 0.889887 -0.368775 0.268527
vn -0.344967 -0.143031 0.927653
vn -0.344967 -0.143032 0.927653
vn -0.344967 -0.143032 0.927653
vn -0.344938 -0.142930 0.927679
vn -0.344938 -0.142930 0.927679
vn -0.344938 -0.142930 0.927679
vn -0.835041 -0.346012 0.427764
vn -0.835041 -0.346012 0.427764
vn -0.835041 -0.346012 0.427764
vn -0.834990 -0.345660 0.428149
vn -0.834990 -0.345660 0.428149
vn -0.834990 -0.345659 0.428149
vn -0.148873 -0.359056 0.921366
vn -0.148873 -0.359056 0.921366
vn -0.148873 -0.359056 0.921366
vn -0.148796 -0.359246 0.921305
vn -0.148796 -0.359246 0.921305
vn -0.148796 -0.359246 0.921305
vn -0.360122 -0.869461 0.338155
vn -0.360122 -0.869461 0.338155
vn -0.360122 -0.869461 0.338155
vn -0.360203 -0.869365 0.338317
vn -0.360203 -0.869365 0.338317
vn -0.360203 -0.869365 0.338317
vn -0.138872 0.335656 0.931692
vn -0.138872 0.335656 0.931692
vn -0.138872 0.335656 0.931692
vn -0.138575 0.335586 0.931761
vn -0.138575 0.335586 0.931761
vn -0.138575 0.335586 0.931761
vn -0.334421 0.807990 0.485092
vn -0.334421 0.807990 0.485092
vn -0.334421 0.807990 0.485092
vn -0.334459 0.807995 0.485058
vn -0.334459 0.807995 0.485058
vn -0.334459 0.807995 0.485058
vn -0.335214 0.138864 0.931852
vn -0.335214 0.138864 0.931852
vn -0.335214 0.138864 0.931852
vn -0.335719 0.138634 0.931705
vn -0.335718 0.138634 0.931705
vn -0.335718 0.138634 0.931705
vn -0.808098 0.334476 0.484874
vn -0.808098 0.334476 0.484874
vn -0.808098 0.334476 0.484874
vn -0.807921 0.334596 0.485087
vn -0.807921 0.334596 0.485087
vn -0.807921 0.334596 0.485087
vn -0.395665 0.000000 0.918395
vn -0.395665 0.000000 0.918395
vn -0.395665 0.000000 0.918395
vn -0.395665 0.000000 0.918395
vn -0.395665 0.000000 0.918395
vn -0.395665 0.000000 0.918395
vn -0.954888 0.000000 0.296967
vn -0.954888 0.000000 0.296967
vn -0.954888 0.000000 0.296967
vn -0.954843 -0.000003 0.297112
vn -0.954843 -0.000003 0.297112
vn -0.954843 -0.000003 0.297112
vn 0.000000 -0.367250 0.930122
vn 0.000000 -0.367250 0.930122
vn 0.000000 -0.367250 0.930122
vn 0.000000 -0.367250 0.930122
vn 0.000000 -0.367250 0.930122
vn 0.000000 -0.367250 0.930122
vn 0.000000 -0.886413 0.462895
vn 0.000000 -0.886413 0.462895
vn 0.000000 -0.886413 0.462895
vn -0.000005 -0.886515 0.462700
vn -0.000005 -0.886515 0.462700
vn -0.000005 -0.886515 0.462700
vn 0.886421 0.000005 0.462880
vn 0.886421 0.000005 0.462880
vn 0.886421 0.000005 0.462880
vn 0.886522 0.000000 0.462685
vn 0.886523 0.000000 0.462685
vn 0.886523 0.000000 0.462685
vn 0.367250 0.000000 0.930122
vn 0.367250 0.000000 0.930122
vn 0.367250 0.000000 0.930122
vn 0.367250 0.000000 0.930122
vn 0.367250 0.000000 0.930122
vn 0.367250 0.000000 0.930122
vn 0.000003 0.954899 0.296931
vn 0.000003 0.954899 0.296931
vn 0.000003 0.954899 0.296931
vn 0.000000 0.954854 0.297076
vn 0.000000 0.954854 0.297076
vn 0.000000 0.954854 0.297076
vn 0.000000 0.395655 0.918399
vn 0.000000 0.395655 0.918399
vn 0.000000 0.395655 0.918399
vn 0.000000 0.395655 0.918399
vn 0.000000 0.395655 0.918399
vn 0.000000 0.395655 0.918399
vn 0.395665 0.000000 0.918395
vn 0.395665 0.000000 0.918395
vn 0.395665 0.000000 0.918395
vn 0.395665 0.000000 0.918395
vn 0.395665 0.000000 0.918395
vn 0.395665 0.000000 0.918395
vn 0.954843 0.000000 0.297112
vn 0.954843 0.000000 0.297112
vn 0.954843 0.000000 0.297112
vn 0.954888 -0.000003 0.296967
vn 0.954888 -0.000003 0.296967
vn 0.954888 -0.000003 0.296967
vn 0.000000 -0.367250 0.930122
vn 0.000000 -0.367250 0.930122
vn 0.000000 -0.367250 0.930122
vn 0.000000 -0.367250 0.930122
vn 0.000000 -0.367250 0.930122
vn 0.000000 -0.367250 0.930122
vn 0.000000 -0.886515 0.462700
vn 0.000000 -0.886515 0.462700
vn 0.000000 -0.886515 0.462700
vn 0.000005 -0.886414 0.462894
vn 0.000005 -0.886414 0.462894
vn 0.000005 -0.886414 0.462894
vn -0.000003 0.954854 0.297076
vn -0.000003 0.954854 0.297076
vn -0.000003 0.954854 0.297076
vn 0.000000 0.954899 0.296931
vn 0.000000 0.954899 0.296931
vn 0.000000 0.954899 0.296931
vn 0.000000 0.395655 0.918399
vn 0.000000 0.395655 0.918399
vn 0.000000 0.395655 0.918399
vn 0.000000 0.395655 0.918399
vn 0.000000 0.395655 0.918399
vn 0.000000 0.395655 0.918399
vn -0.886523 0.000005 0.462685
vn -0.886523 0.000005 0.462685
vn -0.886523 0.000005 0.462685
vn -0.886421 0.000000 0.462880
vn -0.886421 0.000000 0.462880
vn -0.886421 0.000000 0.462880
vn -0.367250 0.000000 0.930122
vn -0.367250 0.000000 0.930122
vn -0.367250 0.000000 0.930122
vn -0.367250 0.000000 0.930122
vn -0.367250 0.000000 0.930122
vn -0.367250 0.000000 0.930122
vn -0.395665 0.000000 0.918395
vn -0.395665 0.000000 0.918395
vn -0.395665 0.000000 0.918395
vn -0.395665 0.000000 0.918395
vn -0.395665 0.000000 0.918395
vn -0.395665 0.000000 0.918395
vn -0.954843 0.000000 0.297112
vn -0.954843 0.000000 0.297112
vn -0.954843 0.000000 0.297112
vn -0.954888 0.000003 0.296967
vn -0.954888 0.000003 0.296967
vn -0.954888 0.000003 0.296967
vn 0.000000 0.367250 0.930122
vn 0.000000 0.367250 0.930122
vn 0.000000 0.367250 0.930122
vn 0.000000 0.367250 0.930122
vn 0.000000 0.367250 0.930122
vn 0.000000 0.367250 0.930122
vn 0.000000 0.886515 0.462700
vn 0.000000 0.886515 0.462700
vn 0.000000 0.886515 0.462700
vn -0.000005 0.886414 0.462894
vn -0.000005 0.886414 0.462894
vn -0.000005 0.886414 0.462894
vn 0.000003 -0.954854 0.297076
vn 0.000003 -0.954854 0.297076
vn 0.000003 -0.954854 0.297076
vn 0.000000 -0.954899 0.296931
vn 0.000000 -0.954899 0.296931
vn 0.000000 -0.954899 0.296931
vn 0.000000 -0.395655 0.918399
vn 0.000000 -0.395655 0.918399
vn 0.000000 -0.395655 0.918399
vn 0.000000 -0.395655 0.918399
vn 0.000000 -0.395655 0.918399
vn 0.000000 -0.395655 0.918399
vn 0.886523 -0.000005 0.462685
vn 0.886523 -0.000005 0.462685
vn 0.886523 -0.000005 0.462685
vn 0.886421 0.000000 0.462880
vn 0.886421 0.000000 0.462880
vn 0.886421 0.000000 0.462880
vn 0.367250 0.000000 0.930122
vn 0.367250 0.000000 0.930122
vn 0.367250 0.000000 0.930122
vn 0.367250 0.000000 0.930122
vn 0.367250 0.000000 0.930122
vn 0.367250 0.000000 0.930122
vn 0.395665 0.000000 0.918395
vn 0.395665 0.000000 0.918395
vn 0.395665 0.000000 0.918395
vn 0.395665 0.000000 0.918395
vn 0.395665 0.000000 0.918395
vn 0.395665 0.000000 0.918395
vn 0.954888 0.000000 0.296967
vn 0.954888 0.000000 0.296967
vn 0.954888 0.000000 0.296967
vn 0.954843 0.000003 0.297112
vn 0.954843 0.000003 0.297112
vn 0.954843 0.000003 0.297112
vn 0.000000 0.367250 0.930122
vn 0.000000 0.367250 0.930122
vn 0.000000 0.367250 0.930122
vn 0.000000 0.367250 0.930122
vn 0.000000 0.367250 0.930122
vn 0.000000 0.367250 0.930122
vn 0.000000 0.886413 0.462895
vn 0.000000 0.886413 0.462895
vn 0.000000 0.886413 0.462895
vn 0.000005 0.886515 0.462700
vn 0.000005 0.886515 0.462700
vn 0.000005 0.886515 0.462700
vn -0.886421 -0.000005 0.462880
vn -0.886421 -0.000005 0.462880
vn -0.886421 -0.000005 0.462880
vn -0.886522 0.000000 0.462685
vn -0.886523 0.000000 0.462685
vn -0.886523 0.000000 0.462685
vn -0.367250 0.000000 0.930122
vn -0.367250 0.000000 0.930122
vn -0.367250 0.000000 0.930122
vn -0.367250 0.000000 0.930122
vn -0.367250 0.000000 0.930122
vn -0.367250 0.000000 0.930122
vn -0.000003 -0.954899 0.296931
vn -0.000003 -0.954899 0.296931
vn -0.000003 -0.954899 0.296931
vn 0.000000 -0.954854 0.297076
vn 0.000000 -0.954854 0.297076
vn 0.000000 -0.954854 0.297076
vn 0.000000 -0.395655 0.918399
vn 0.000000 -0.395655 0.918399
vn 0.000000 -0.395655 0.918399
vn 0.000000 -0.395655 0.918399
vn 0.000000 -0.395655 0.918399
vn 0.000000 -0.395655 0.918399
vn -0.994467 0.000000 -0.105049
vn -0.994467 0.000000 -0.105049
vn -0.994467 0.000000 -0.105049
vn -0.994467 0.000001 -0.105049
vn -0.994467 0.000001 -0.105049
vn -0.994467 0.000001 -0.105049
vn -0.148751 -0.358899 -0.921447
vn -0.148751 -0.358900 -0.921447
vn -0.148751 -0.358900 -0.921447
vn -0.148651 -0.358849 -0.921483
vn -0.148651 -0.358849 -0.921483
vn -0.148651 -0.358849 -0.921483
vn -0.360231 -0.869613 -0.337650
vn -0.360231 -0.869613 -0.337650
vn -0.360231 -0.869613 -0.337650
vn -0.360131 -0.869601 -0.337787
vn -0.360131 -0.869601 -0.337787
vn -0.360131 -0.869601 -0.337787
vn -0.344599 -0.142810 -0.927824
vn -0.344599 -0.142810 -0.927824
vn -0.344599 -0.142810 -0.927824
vn -0.344875 -0.142736 -0.927733
vn -0.344875 -0.142736 -0.927732
vn -0.344875 -0.142736 -0.927733
vn -0.835333 -0.345725 -0.427426
vn -0.835333 -0.345724 -0.427426
vn -0.835333 -0.345725 -0.427426
vn -0.834772 -0.346076 -0.428237
vn -0.834772 -0.346076 -0.428237
vn -0.834772 -0.346076 -0.428237
vn -0.139012 0.335402 -0.931762
vn -0.139012 0.335402 -0.931762
vn -0.139012 0.335402 -0.931762
vn -0.139015 0.335390 -0.931766
vn -0.139015 0.335390 -0.931766
vn -0.139015 0.335390 -0.931766
vn -0.334779 0.807691 -0.485343
vn -0.334779 0.807691 -0.485343
vn -0.334779 0.807691 -0.485343
vn -0.334622 0.808004 -0.484931
vn -0.334622 0.808004 -0.484931
vn -0.334622 0.808004 -0.484931
vn -0.335377 0.138988 -0.931775
vn -0.335377 0.138988 -0.931775
vn -0.335377 0.138988 -0.931775
vn -0.335395 0.139026 -0.931763
vn -0.335395 0.139026 -0.931763
vn -0.335395 0.139026 -0.931763
vn -0.807912 0.334891 -0.484898
vn -0.807912 0.334891 -0.484898
vn -0.807912 0.334891 -0.484899
vn -0.807814 0.334537 -0.485305
vn -0.807814 0.334537 -0.485305
vn -0.807814 0.334537 -0.485305
vn 0.358819 0.148712 -0.921484
vn 0.358819 0.148712 -0.921484
vn 0.358819 0.148712 -0.921484
vn 0.358865 0.148703 -0.921468
vn 0.358865 0.148703 -0.921468
vn 0.358865 0.148703 -0.921468
vn 0.869471 0.360282 -0.337960
vn 0.869471 0.360282 -0.337960
vn 0.869471 0.360282 -0.337960
vn 0.869669 0.360151 -0.337591
vn 0.869669 0.360151 -0.337591
vn 0.869669 0.360151 -0.337591
vn 0.142932 0.344853 -0.927710
vn 0.142932 0.344853 -0.927711
vn 0.142932 0.344853 -0.927711
vn 0.142690 0.344724 -0.927796
vn 0.142690 0.344724 -0.927796
vn 0.142690 0.344724 -0.927796
vn 0.345601 0.834935 -0.428303
vn 0.345601 0.834935 -0.428303
vn 0.345601 0.834935 -0.428303
vn 0.346183 0.835097 -0.427516
vn 0.346183 0.835097 -0.427516
vn 0.346183 0.835097 -0.427516
vn 0.153153 -0.369512 -0.916518
vn 0.153153 -0.369512 -0.916518
vn 0.153153 -0.369512 -0.916518
vn 0.153123 -0.369641 -0.916471
vn 0.153123 -0.369641 -0.916471
vn 0.153123 -0.369641 -0.916471
vn 0.368651 -0.889925 -0.268570
vn 0.368651 -0.889925 -0.268570
vn 0.368651 -0.889925 -0.268570
vn 0.368423 -0.890187 -0.268014
vn 0.368423 -0.890187 -0.268014
vn 0.368423 -0.890187 -0.268014
vn 0.369588 -0.153175 -0.916483
vn 0.369588 -0.153176 -0.916483
vn 0.369588 -0.153176 -0.916483
vn 0.369556 -0.153118 -0.916506
vn 0.369556 -0.153118 -0.916506
vn 0.369556 -0.153118 -0.916506
vn 0.890054 -0.368775 -0.267972
vn 0.890054 -0.368775 -0.267972
vn 0.890054 -0.368775 -0.267972
vn 0.890025 -0.368384 -0.268605
vn 0.890025 -0.368384 -0.268605
vn 0.890025 -0.368384 -0.268605
vn 0.344843 -0.142911 -0.927717
vn 0.344843 -0.142911 -0.927717
vn 0.344843 -0.142911 -0.927717
vn 0.344714 -0.142669 -0.927803
vn 0.344714 -0.142669 -0.927803
vn 0.344714 -0.142669 -0.927803
vn 0.834936 -0.345560 -0.428334
vn 0.834936 -0.345560 -0.428334
vn 0.834936 -0.345560 -0.428334
vn 0.835120 -0.346219 -0.427441
vn 0.835120 -0.346219 -0.427442
vn 0.835120 -0.346219 -0.427441
vn 0.148707 -0.358794 -0.921495
vn 0.148707 -0.358794 -0.921495
vn 0.148707 -0.358794 -0.921495
vn 0.148680 -0.358919 -0.921451
vn 0.148680 -0.358919 -0.921451
vn 0.148680 -0.358919 -0.921451
vn 0.360209 -0.869559 -0.337811
vn 0.360209 -0.869559 -0.337811
vn 0.360209 -0.869559 -0.337811
vn 0.360150 -0.869648 -0.337645
vn 0.360150 -0.869648 -0.337645
vn 0.360150 -0.869648 -0.337645
vn 0.335415 0.139004 -0.931759
vn 0.335415 0.139004 -0.931759
vn 0.335415 0.139004 -0.931759
vn 0.335370 0.139016 -0.931773
vn 0.335370 0.139016 -0.931773
vn 0.335370 0.139016 -0.931773
vn 0.807677 0.334794 -0.485356
vn 0.807677 0.334794 -0.485356
vn 0.807677 0.334794 -0.485356
vn 0.808020 0.334622 -0.484904
vn 0.808020 0.334622 -0.484904
vn 0.808020 0.334622 -0.484904
vn 0.139008 0.335392 -0.931767
vn 0.139008 0.335392 -0.931767
vn 0.139008 0.335392 -0.931767
vn 0.139018 0.335397 -0.931763
vn 0.139018 0.335397 -0.931763
vn 0.139018 0.335397 -0.931763
vn 0.334867 0.807905 -0.484925
vn 0.334867 0.807905 -0.484925
vn 0.334867 0.807905 -0.484925
vn 0.334544 0.807816 -0.485297
vn 0.334544 0.807816 -0.485297
vn 0.334544 0.807817 -0.485297
vn -0.142831 0.344609 -0.927817
vn -0.142831 0.344609 -0.927817
vn -0.142831 0.344609 -0.927817
vn -0.142757 0.344885 -0.927726
vn -0.142757 0.344885 -0.927726
vn -0.142757 0.344885 -0.927726
vn -0.345746 0.835285 -0.427502
vn -0.345746 0.835285 -0.427502
vn -0.345746 0.835285 -0.427502
vn -0.346056 0.834791 -0.428218
vn -0.346056 0.834790 -0.428218
vn -0.346056 0.834790 -0.428218
vn -0.358858 0.148728 -0.921467
vn -0.358858 0.148728 -0.921467
vn -0.358857 0.148728 -0.921467
vn -0.358839 0.148692 -0.921480
vn -0.358839 0.148692 -0.921480
vn -0.358839 0.148692 -0.921480
vn -0.869590 0.360332 -0.337601
vn -0.869590 0.360332 -0.337601
vn -0.869590 0.360332 -0.337601
vn -0.869564 0.360108 -0.337906
vn -0.869564 0.360108 -0.337906
vn -0.869564 0.360108 -0.337906
vn -0.369528 -0.153150 -0.916512
vn -0.369528 -0.153150 -0.916512
vn -0.369528 -0.153150 -0.916512
vn -0.369596 -0.153135 -0.916487
vn -0.369596 -0.153135 -0.916487
vn -0.369596 -0.153135 -0.916487
vn -0.889881 -0.368704 -0.268643
vn -0.889881 -0.368704 -0.268643
vn -0.889881 -0.368704 -0.268643
vn -0.890176 -0.368447 -0.268017
vn -0.890176 -0.368447 -0.268017
vn -0.890176 -0.368447 -0.268017
vn -0.153200 -0.369625 -0.916464
vn -0.153200 -0.369625 -0.916464
vn -0.153200 -0.369625 -0.916464
vn -0.153093 -0.369566 -0.916506
vn -0.153093 -0.369566 -0.916506
vn -0.153093 -0.369566 -0.916506
vn -0.368715 -0.890079 -0.267973
vn -0.368715 -0.890079 -0.267973
vn -0.368715 -0.890079 -0.267973
vn -0.368367 -0.890053 -0.268537
vn -0.368367 -0.890053 -0.268537
vn -0.368367 -0.890053 -0.268537
vn -0.344843 0.142911 -0.927717
vn -0.344843 0.142911 -0.927717
vn -0.344843 0.142911 -0.927717
vn -0.344714 0.142669 -0.927803
vn -0.344714 0.142669 -0.927803
vn -0.344714 0.142669 -0.927803
vn -0.834936 0.345560 -0.428334
vn -0.834936 0.345560 -0.428334
vn -0.834936 0.345560 -0.428334
vn -0.835120 0.346219 -0.427441
vn -0.835120 0.346219 -0.427442
vn -0.835120 0.346219 -0.427441
vn -0.148707 0.358794 -0.921495
vn -0.148707 0.358794 -0.921495
vn -0.148707 0.358794 -0.921495
vn -0.148680 0.358919 -0.921451
vn -0.148680 0.358919 -0.921451
vn -0.148680 0.358919 -0.921451
vn -0.360209 0.869559 -0.337811
vn -0.360209 0.869559 -0.337811
vn -0.360209 0.869559 -0.337811
vn -0.360150 0.869648 -0.337645
vn -0.360150 0.869648 -0.337645
vn -0.360150 0.869648 -0.337645
vn -0.335415 -0.139004 -0.931759
vn -0.335415 -0.139004 -0.931759
vn -0.335415 -0.139004 -0.931759
vn -0.335370 -0.139016 -0.931773
vn -0.335370 -0.139016 -0.931773
vn -0.335370 -0.139016 -0.931773
vn -0.807677 -0.334794 -0.485356
vn -0.807677 -0.334794 -0.485356
vn -0.807677 -0.334794 -0.485356
vn -0.808020 -0.334622 -0.484904
vn -0.808020 -0.334622 -0.484904
vn -0.808020 -0.334622 -0.484904
vn -0.139008 -0.335392 -0.931767
vn -0.139008 -0.335392 -0.931767
vn -0.139008 -0.335392 -0.931767
vn -0.139018 -0.335397 -0.931763
vn -0.139018 -0.335397 -0.931763
vn -0.139018 -0.335397 -0.931763
vn -0.334867 -0.807905 -0.484925
vn -0.334867 -0.807905 -0.484925
vn -0.334867 -0.807905 -0.484925
vn -0.334544 -0.807816 -0.485297
vn -0.334544 -0.807816 -0.485297
vn -0.334544 -0.807817 -0.485297
vn 0.142831 -0.344609 -0.927817
vn 0.142831 -0.344609 -0.927817
vn 0.142831 -0.344609 -0.927817
vn 0.142757 -0.344885 -0.927726
vn 0.142757 -0.344885 -0.927726
vn 0.142757 -0.344885 -0.927726
vn 0.345746 -0.835285 -0.427502
vn 0.345746 -0.835285 -0.427502
vn 0.345746 -0.835285 -0.427502
vn 0.346056 -0.834791 -0.428218
vn 0.346056 -0.834790 -0.428218
vn 0.346056 -0.834790 -0.428218
vn 0.358858 -0.148728 -0.921467
vn 0.358858 -0.148728 -0.921467
vn 0.358857 -0.148728 -0.921467
vn 0.358839 -0.148692 -0.921480
vn 0.358839 -0.148692 -0.921480
vn 0.358839 -0.148692 -0.921480
vn 0.869590 -0.360332 -0.337601
vn 0.869590 -0.360332 -0.337601
vn 0.869590 -0.360332 -0.337601
vn 0.869564 -0.360108 -0.337906
vn 0.869564 -0.360108 -0.337906
vn 0.869564 -0.360108 -0.337906
vn 0.369528 0.153150 -0.916512
vn 0.369528 0.153150 -0.916512
vn 0.369528 0.153150 -0.916512
vn 0.369596 0.153135 -0.916487
vn 0.369596 0.153135 -0.916487
vn 0.369596 0.153135 -0.916487
vn 0.889881 0.368704 -0.268643
vn 0.889881 0.368704 -0.268643
vn 0.889881 0.368704 -0.268643
vn 0.890176 0.368447 -0.268017
vn 0.890176 0.368447 -0.268017
vn 0.890176 0.368447 -0.268017
vn 0.153200 0.369625 -0.916464
vn 0.153200 0.369625 -0.916464
vn 0.153200 0.369625 -0.916464
vn 0.153093 0.369566 -0.916506
vn 0.153093 0.369566 -0.916506
vn 0.153093 0.369566 -0.916506
vn 0.368715 0.890079 -0.267973
vn 0.368715 0.890079 -0.267973
vn 0.368715 0.890079 -0.267973
vn 0.368367 0.890053 -0.268537
vn 0.368367 0.890053 -0.268537
vn 0.368367 0.890053 -0.268537
vn 0.148751 0.358899 -0.921447
vn 0.148751 0.358900 -0.921447
vn 0.148751 0.358900 -0.921447
vn 0.148651 0.358849 -0.921483
vn 0.148651 0.358849 -0.921483
vn 0.148651 0.358849 -0.921483
vn 0.360231 0.869613 -0.337650
vn 0.360231 0.869613 -0.337650
vn 0.360231 0.869613 -0.337650
vn 0.360131 0.869601 -0.337787
vn 0.360131 0.869601 -0.337787
vn 0.360131 0.869601 -0.337787
vn 0.344599 0.142810 -0.927824
vn 0.344599 0.142810 -0.927824
vn 0.344599 0.142810 -0.927824
vn 0.344875 0.142736 -0.927733
vn 0.344875 0.142736 -0.927732
vn 0.344875 0.142736 -0.927733
vn 0.835333 0.345725 -0.427426
vn 0.835333 0.345724 -0.427426
vn 0.835333 0.345725 -0.427426
vn 0.834772 0.346076 -0.428237
vn 0.834772 0.346076 -0.428237
vn 0.834772 0.346076 -0.428237
vn 0.139012 -0.335402 -0.931762
vn 0.139012 -0.335402 -0.931762
vn 0.139012 -0.335402 -0.931762
vn 0.139015 -0.335390 -0.931766
vn 0.139015 -0.335390 -0.931766
vn 0.139015 -0.335390 -0.931766
vn 0.334779 -0.807691 -0.485343
vn 0.334779 -0.807691 -0.485343
vn 0.334779 -0.807691 -0.485343
vn 0.334622 -0.808004 -0.484931
vn 0.334622 -0.808004 -0.484931
vn 0.334622 -0.808004 -0.484931
vn 0.335377 -0.138988 -0.931775
vn 0.335377 -0.138988 -0.931775
vn 0.335377 -0.138988 -0.931775
vn 0.335395 -0.139026 -0.931763
vn 0.335395 -0.139026 -0.931763
vn 0.335395 -0.139026 -0.931763
vn 0.807912 -0.334891 -0.484898
vn 0.807912 -0.334891 -0.484898
vn 0.807912 -0.334891 -0.484899
vn 0.807814 -0.334537 -0.485305
vn 0.807814 -0.334537 -0.485305
vn 0.807814 -0.334537 -0.485305
vn -0.358819 -0.148712 -0.921484
vn -0.358819 -0.148712 -0.921484
vn -0.358819 -0.148712 -0.921484
vn -0.358865 -0.148703 -0.921468
vn -0.358865 -0.148703 -0.921468
vn -0.358865 -0.148703 -0.921468
vn -0.869471 -0.360282 -0.337960
vn -0.869471 -0.360282 -0.337960
vn -0.869471 -0.360282 -0.337960
vn -0.869669 -0.360151 -0.337591
vn -0.869669 -0.360151 -0.337591
vn -0.869669 -0.360151 -0.337591
vn -0.142932 -0.344853 -0.927710
vn -0.142932 -0.344853 -0.927711
vn -0.142932 -0.344853 -0.927711
vn -0.142690 -0.344724 -0.927796
vn -0.142690 -0.344724 -0.927796
vn -0.142690 -0.344724 -0.927796
vn -0.345601 -0.834935 -0.428303
vn -0.345601 -0.834935 -0.428303
vn -0.345601 -0.834935 -0.428303
vn -0.346183 -0.835097 -0.427516
vn -0.346183 -0.835097 -0.427516
vn -0.346183 -0.835097 -0.427516
vn -0.153153 0.369512 -0.916518
vn -0.153153 0.369512 -0.916518
vn -0.153153 0.369512 -0.916518
vn -0.153123 0.369641 -0.916471
vn -0.153123 0.369641 -0.916471
vn -0.153123 0.369641 -0.916471
vn -0.368651 0.889925 -0.268570
vn -0.368651 0.889925 -0.268570
vn -0.368651 0.889925 -0.268570
vn -0.368423 0.890187 -0.268014
vn -0.368423 0.890187 -0.268014
vn -0.368423 0.890187 -0.268014
vn -0.369588 0.153175 -0.916483
vn -0.369588 0.153176 -0.916483
vn -0.369588 0.153176 -0.916483
vn -0.369556 0.153118 -0.916506
vn -0.369556 0.153118 -0.916506
vn -0.369556 0.153118 -0.916506
vn -0.890054 0.368775 -0.267972
vn -0.890054 0.368775 -0.267972
vn -0.890054 0.368775 -0.267972
vn -0.890025 0.368384 -0.268605
vn -0.890025 0.368384 -0.268605
vn -0.890025 0.368384 -0.268605
vn -0.886372 0.000000 -0.462974
vn -0.886372 0.000000 -0.462974
vn -0.886372 0.000000 -0.462974
vn -0.886372 0.000000 -0.462974
vn -0.886372 0.000000 -0.462974
vn -0.886372 0.000000 -0.462974
vn -0.367055 0.000000 -0.930199
vn -0.367055 0.000000 -0.930199
vn -0.367055 0.000000 -0.930199
vn -0.367055 0.000000 -0.930199
vn -0.367055 0.000000 -0.930199
vn -0.367055 0.000000 -0.930199
vn 0.000000 0.886352 -0.463011
vn 0.000000 0.886352 -0.463011
vn 0.000000 0.886352 -0.463011
vn 0.000000 0.886352 -0.463011
vn 0.000000 0.886352 -0.463011
vn 0.000000 0.886352 -0.463011
vn 0.000000 0.367079 -0.930190
vn 0.000000 0.367079 -0.930190
vn 0.000000 0.367079 -0.930190
vn 0.000000 0.367079 -0.930190
vn 0.000000 0.367079 -0.930190
vn 0.000000 0.367079 -0.930190
vn 0.955051 0.000000 -0.296442
vn 0.955051 0.000000 -0.296442
vn 0.955051 0.000000 -0.296442
vn 0.955051 0.000000 -0.296442
vn 0.955051 0.000000 -0.296442
vn 0.955051 0.000000 -0.296442
vn 0.395298 0.000000 -0.918553
vn 0.395298 0.000000 -0.918553
vn 0.395298 0.000000 -0.918553
vn 0.395298 0.000000 -0.918553
vn 0.395298 0.000000 -0.918553
vn 0.395298 0.000000 -0.918553
vn 0.000000 -0.955029 -0.296512
vn 0.000000 -0.955029 -0.296512
vn 0.000000 -0.955029 -0.296512
vn 0.000000 -0.955029 -0.296512
vn 0.000000 -0.955029 -0.296512
vn 0.000000 -0.955029 -0.296512
vn 0.000000 -0.395354 -0.918529
vn 0.000000 -0.395354 -0.918529
vn 0.000000 -0.395354 -0.918529
vn 0.000000 -0.395354 -0.918529
vn 0.000000 -0.395354 -0.918529
vn 0.000000 -0.395354 -0.918529
vn 0.000000 0.886352 -0.463011
vn 0.000000 0.886352 -0.463011
vn 0.000000 0.886352 -0.463011
vn 0.000000 0.886352 -0.463011
vn 0.000000 0.886352 -0.463011
vn 0.000000 0.886352 -0.463011
vn 0.000000 0.367079 -0.930190
vn 0.000000 0.367079 -0.930190
vn 0.000000 0.367079 -0.930190
vn 0.000000 0.367079 -0.930190
vn 0.000000 0.367079 -0.930190
vn 0.000000 0.367079 -0.930190
vn 0.886372 0.000000 -0.462974
vn 0.886372 0.000000 -0.462974
vn 0.886372 0.000000 -0.462974
vn 0.886372 0.000000 -0.462974
vn 0.886372 0.000000 -0.462974
vn 0.886372 0.000000 -0.462974
vn 0.367055 0.000000 -0.930199
vn 0.367055 0.000000 -0.930199
vn 0.367055 0.000000 -0.930199
vn 0.367055 0.000000 -0.930199
vn 0.367055 0.000000 -0.930199
vn 0.367055 0.000000 -0.930199
vn 0.000000 -0.955029 -0.296512
vn 0.000000 -0.955029 -0.296512
vn 0.000000 -0.955029 -0.296512
vn 0.000000 -0.955029 -0.296512
vn 0.000000 -0.955029 -0.296512
vn 0.000000 -0.955029 -0.296512
vn 0.000000 -0.395354 -0.918529
vn 0.000000 -0.395354 -0.918529
vn 0.000000 -0.395354 -0.918529
vn 0.000000 -0.395354 -0.918529
vn 0.000000 -0.395354 -0.918529
vn 0.000000 -0.395354 -0.918529
vn -0.955051 0.000000 -0.296442
vn -0.955051 0.000000 -0.296442
vn -0.955051 0.000000 -0.296442
vn -0.955051 0.000000 -0.296442
vn -0.955051 0.000000 -0.296442
vn -0.955051 0.000000 -0.296442
vn -0.395298 0.000000 -0.918553
vn -0.395298 0.000000 -0.918553
vn -0.395298 0.000000 -0.918553
vn -0.395298 0.000000 -0.918553
vn -0.395298 0.000000 -0.918553
vn -0.395298 0.000000 -0.918553
vn 0.000000 -0.886352 -0.463011
vn 0.000000 -0.886352 -0.463011
vn 0.000000 -0.886352 -0.463011
vn 0.000000 -0.886352 -0.463011
vn 0.000000 -0.886352 -0.463011
vn 0.000000 -0.886352 -0.463011
vn 0.000000 -0.367079 -0.930190
vn 0.000000 -0.367079 -0.930190
vn 0.000000 -0.367079 -0.930190
vn 0.000000 -0.367079 -0.930190
vn 0.000000 -0.367079 -0.930190
vn 0.000000 -0.367079 -0.930190
vn -0.886372 0.000000 -0.462974
vn -0.886372 0.000000 -0.462974
vn -0.886372 0.000000 -0.462974
vn -0.886372 0.000000 -0.462974
vn -0.886372 0.000000 -0.462974
vn -0.886372 0.000000 -0.462974
vn -0.367055 0.000000 -0.930199
vn -0.367055 0.000000 -0.930199
vn -0.367055 0.000000 -0.930199
vn -0.367055 0.000000 -0.930199
vn -0.367055 0.000000 -0.930199
vn -0.367055 0.000000 -0.930199
vn 0.000000 0.955029 -0.296512
vn 0.000000 0.955029 -0.296512
vn 0.000000 0.955029 -0.296512
vn 0.000000 0.955029 -0.296512
vn 0.000000 0.955029 -0.296512
vn 0.000000 0.955029 -0.296512
vn 0.000000 0.395354 -0.918529
vn 0.000000 0.395354 -0.918529
vn 0.000000 0.395354 -0.918529
vn 0.000000 0.395354 -0.918529
vn 0.000000 0.395354 -0.918529
vn 0.000000 0.395354 -0.918529
vn 0.955051 0.000000 -0.296442
vn 0.955051 0.000000 -0.296442
vn 0.955051 0.000000 -0.296442
vn 0.955051 0.000000 -0.296442
vn 0.955051 0.000000 -0.296442
vn 0.955051 0.000000 -0.296442
vn 0.395298 0.000000 -0.918553
vn 0.395298 0.000000 -0.918553
vn 0.395298 0.000000 -0.918553
vn 0.395298 0.000000 -0.918553
vn 0.395298 0.000000 -0.918553
vn 0.395298 0.000000 -0.918553
vn 0.886372 0.000000 -0.462974
vn 0.886372 0.000000 -0.462974
vn 0.886372 0.000000 -0.462974
vn 0.886372 0.000000 -0.462974
vn 0.886372 0.000000 -0.462974
vn 0.886372 0.000000 -0.462974
vn 0.367055 0.000000 -0.930199
vn 0.367055 0.000000 -0.930199
vn 0.367055 0.000000 -0.930199
vn 0.367055 0.000000 -0.930199
vn 0.367055 0.000000 -0.930199
vn 0.367055 0.000000 -0.930199
vn 0.000000 -0.886352 -0.463011
vn 0.000000 -0.886352 -0.463011
vn 0.000000 -0.886352 -0.463011
vn 0.000000 -0.886352 -0.463011
vn 0.000000 -0.886352 -0.463011
vn 0.000000 -0.886352 -0.463011
vn 0.000000 -0.367079 -0.930190
vn 0.000000 -0.367079 -0.930190
vn 0.000000 -0.367079 -0.930190
vn 0.000000 -0.367079 -0.930190
vn 0.000000 -0.367079 -0.930190
vn 0.000000 -0.367079 -0.930190
vn -0.955051 0.000000 -0.296442
vn -0.955051 0.000000 -0.296442
vn -0.955051 0.000000 -0.296442
vn -0.955051 0.000000 -0.296442
vn -0.955051 0.000000 -0.296442
vn -0.955051 0.000000 -0.296442
vn -0.395298 0.000000 -0.918553
vn -0.395298 0.000000 -0.918553
vn -0.395298 0.000000 -0.918553
vn -0.395298 0.000000 -0.918553
vn -0.395298 0.000000 -0.918553
vn -0.395298 0.000000 -0.918553
vn 0.000000 0.955029 -0.296512
vn 0.000000 0.955029 -0.296512
vn 0.000000 0.955029 -0.296512
vn 0.000000 0.955029 -0.296512
vn 0.000000 0.955029 -0.296512
vn 0.000000 0.955029 -0.296512
vn 0.000000 0.395354 -0.918529
vn 0.000000 0.395354 -0.918529
vn 0.000000 0.395354 -0.918529
vn 0.000000 0.395354 -0.918529
vn 0.000000 0.395354 -0.918529
vn 0.000000 0.395354 -0.918529
vn 0.000000 0.000000 -1.000000
vn 0.000000 0.000000 -1.000000
vn 0.000000 0.000000 -1.000000
vn 0.000000 0.000000 -1.000000
vn 0.000000 0.000000 -1.000000
vn 0.000000 0.000000 -1.000000
vn 0.000000 0.000000 -1.000000
vn 0.000000 0.000000 -1.000000
vn 0.000000 0.000000 -1.000000
vn 0.000000 0.000000 -1.000000
vn 0.000000 0.000000 -1.000000
vn 0.000000 0.000000 -1.000000
vn 0.000000 0.000000 -1.000000
vn 0.000000 0.000000 -1.000000
vn 0.000000 0.000000 -1.000000
vn 0.000000 0.000000 -1.000000
vn 0.000000 0.000000 -1.000000
vn 0.000000 0.000000 -1.000000
vn 0.000000 0.000000 -1.000000
vn 0.000000 0.000000 -1.000000
vn 0.000000 0.000000 -1.000000
vn 0.000000 0.000000 -1.000000
vn 0.000000 0.000000 -1.000000
vn 0.000000 0.000000 -1.000000
vn 0.000000 0.000000 -1.000000
vn 0.000000 0.000000 -1.000000
vn 0.000000 0.000000 -1.000000
vn 0.000000 0.000000 -1.000000
vn 0.000000 0.000000 -1.000000
vn 0.000000 0.000000 -1.000000
vn -0.990296 -0.039042 0.133380
vn -0.990296 -0.039042 0.133380
vn -0.990296 -0.039042 0.133380
vn -0.993586 -0.015670 0.111987
vn -0.993586 -0.015670 0.111987
vn -0.993586 -0.015670 0.111987
vn -0.993545 0.015920 0.112319
vn -0.993545 0.015920 0.112319
vn -0.993545 0.015920 0.112319
vn -0.990344 0.042373 0.131998
vn -0.990344 0.042373 0.131998
vn -0.990344 0.042373 0.131998
vn -0.994126 0.017880 0.106746
vn -0.994126 0.017880 0.106746
vn -0.994126 0.017880 0.106746
vn -0.990405 0.051311 0.128316
vn -0.990405 0.051311 0.128316
vn -0.990405 0.051311 0.128316
vn -0.990247 -0.036136 0.134552
vn -0.990247 -0.036136 0.134552
vn -0.990247 -0.036136 0.134552
vn -0.993234 -0.014708 0.115199
vn -0.993234 -0.014708 0.115199
vn -0.993234 -0.014708 0.115199
vn 0.993586 -0.015670 0.111987
vn 0.993586 -0.015670 0.111987
vn 0.993586 -0.015670 0.111987
vn 0.990296 -0.039042 0.133380
vn 0.990296 -0.039042 0.133380
vn 0.990296 -0.039042 0.133380
vn 0.990344 0.042373 0.131998
vn 0.990344 0.042373 0.131998
vn 0.990344 0.042373 0.131998
vn 0.993545 0.015920 0.112319
vn 0.993545 0.015920 0.112319
vn 0.993545 0.015920 0.112319
vn 0.990405 0.051311 0.128316
vn 0.990405 0.051311 0.128316
vn 0.990405 0.051311 0.128316
vn 0.994126 0.017880 0.106746
vn 0.994126 0.017880 0.106746
vn 0.994126 0.017880 0.106746
vn 0.993234 -0.014708 0.115199
vn 0.993234 -0.014708 0.115199
vn 0.993234 -0.014708 0.115199
vn 0.990247 -0.036136 0.134552
vn 0.990247 -0.036136 0.134552
vn 0.990247 -0.036136 0.134552
vn 0.000000 0.892797 -0.450459
vn 0.000000 0.892797 -0.450459
vn 0.000000 0.892797 -0.450459
vn 0.000000 0.892797 -0.450459
vn 0.000000 0.892797 -0.450459
vn 0.000000 0.892797 -0.450458
vn 0.000000 0.000000 -1.000000
vn 0.000000 0.000000 -1.000000
vn 0.000000 0.000000 -1.000000
vn 0.000000 0.000000 -1.000000
vn 0.000000 0.000000 -1.000000
vn 0.000000 0.000000 -1.000000
vn 0.000000 -0.393687 -0.919244
vn 0.000000 -0.393687 -0.919244
vn 0.000000 -0.393687 -0.919244
vn 0.000000 -0.393687 -0.919244
vn 0.000000 -0.393687 -0.919244
vn 0.000000 -0.393687 -0.919244
vn 0.000000 -0.996088 0.088365
vn 0.000000 -0.996088 0.088365
vn 0.000000 -0.996088 0.088365
vn 0.000000 -0.996088 0.088365
vn 0.000000 -0.996088 0.088365
vn 0.000000 -0.996088 0.088365
vn 0.000000 -0.892762 0.450528
vn 0.000000 -0.892762 0.450528
vn 0.000000 -0.892762 0.450528
vn 0.000000 -0.892762 0.450528
vn 0.000000 -0.892762 0.450528
vn 0.000000 -0.892762 0.450528
vn 0.000000 0.000000 1.000000
vn 0.000000 0.000000 1.000000
vn 0.000000 0.000000 1.000000
vn 0.000000 0.000000 1.000000
vn 0.000000 0.000000 1.000000
vn 0.000000 0.000000 1.000000
vn 0.000000 0.393713 0.919233
vn 0.000000 0.393713 0.919233
vn 0.000000 0.393713 0.919233
vn 0.000000 0.393713 0.919233
vn 0.000000 0.393713 0.919233
vn 0.000000 0.393713 0.919233
vn 0.994822 -0.036582 0.094821
vn 0.994822 -0.036582 0.094821
vn 0.994822 -0.036582 0.094821
vn 0.979966 0.133428 0.147865
vn 0.979966 0.133428 0.147865
vn 0.979966 0.133428 0.147865
vn 0.992993 0.047860 0.108046
vn 0.992993 0.047860 0.108046
vn 0.992993 0.047860 0.108046
vn 0.993546 -0.030192 0.109334
vn 0.993546 -0.030192 0.109334
vn 0.993546 -0.030192 0.109334
vn 0.993333 -0.031794 0.110812
vn 0.993333 -0.031794 0.110812
vn 0.993333 -0.031794 0.110812
vn 0.992936 0.007336 0.118427
vn 0.992936 0.007336 0.118427
vn 0.992936 0.007336 0.118427
vn 0.980469 0.129419 0.148091
vn 0.980469 0.129419 0.148091
vn 0.980469 0.129419 0.148091
vn 0.996555 -0.000068 0.082934
vn 0.996555 -0.000068 0.082934
vn 0.996555 -0.000068 0.082934
vn 0.996529 -0.000371 0.083242
vn 0.996529 -0.000371 0.083242
vn 0.996529 -0.000371 0.083242
vn 0.996561 -0.000046 0.082866
vn 0.996561 -0.000046 0.082866
vn 0.996561 -0.000046 0.082866
vn 0.996558 0.000005 0.082897
vn 0.996558 0.000005 0.082897
vn 0.996558 0.000005 0.082897
vn 0.996567 0.000048 0.082789
vn 0.996567 0.000048 0.082789
vn 0.996567 0.000048 0.082789
vn 0.996559 0.000000 0.082885
vn 0.996559 0.000000 0.082885
vn 0.996559 0.000000 0.082885
vn 0.997079 0.000002 0.076375
vn 0.997079 0.000002 0.076375
vn 0.997079 0.000002 0.076375
vn 0.997034 -0.000008 0.076967
vn 0.997034 -0.000008 0.076967
vn 0.997034 -0.000008 0.076967
vn 0.997036 0.000005 0.076935
vn 0.997036 0.000005 0.076935
vn 0.997036 0.000005 0.076935
vn 0.997035 0.000000 0.076945
vn 0.997035 0.000000 0.076945
vn 0.997035 0.000000 0.076945
vn 0.997039 0.000044 0.076902
vn 0.997039 0.000044 0.076902
vn 0.997039 0.000044 0.076902
vn 0.997060 0.000372 0.076623
vn 0.997060 0.000372 0.076623
vn 0.997060 0.000372 0.076623
vn 0.994761 -0.045256 0.091661
vn 0.994761 -0.045256 0.091661
vn 0.994761 -0.045256 0.091661
vn 0.983863 0.099646 0.148610
vn 0.983863 0.099646 0.148610
vn 0.983863 0.099646 0.148610
vn 0.993625 0.030050 0.108660
vn 0.993625 0.030050 0.108660
vn 0.993625 0.030050 0.108660
vn 0.993236 -0.037048 0.110048
vn 0.993236 -0.037048 0.110048
vn 0.993236 -0.037048 0.110048
vn 0.993038 -0.038445 0.111347
vn 0.993038 -0.038445 0.111347
vn 0.993038 -0.038445 0.111347
vn 0.992797 -0.002818 0.119778
vn 0.992797 -0.002818 0.119778
vn 0.992797 -0.002818 0.119778
vn 0.984243 0.095744 0.148655
vn 0.984243 0.095744 0.148655
vn 0.984243 0.095744 0.148655
vn 0.996997 0.011820 0.076530
vn 0.996997 0.011820 0.076530
vn 0.996997 0.011820 0.076530
vn 0.995406 0.035267 0.089014
vn 0.995406 0.035267 0.089014
vn 0.995406 0.035267 0.089014
vn 0.000000 0.923917 -0.382592
vn 0.000000 0.923917 -0.382592
vn 0.000000 0.923917 -0.382592
vn 0.000000 0.923917 -0.382592
vn 0.000000 0.923917 -0.382592
vn 0.000000 0.923917 -0.382592
vn -0.993586 0.015670 0.111987
vn -0.993586 0.015670 0.111987
vn -0.993586 0.015670 0.111987
vn -0.990296 0.039042 0.133380
vn -0.990296 0.039042 0.133380
vn -0.990296 0.039042 0.133380
vn -0.990344 -0.042373 0.131998
vn -0.990344 -0.042373 0.131998
vn -0.990344 -0.042373 0.131998
vn -0.993545 -0.015920 0.112319
vn -0.993545 -0.015920 0.112319
vn -0.993545 -0.015920 0.112319
vn -0.990405 -0.051311 0.128316
vn -0.990405 -0.051311 0.128316
vn -0.990405 -0.051311 0.128316
vn -0.994126 -0.017880 0.106746
vn -0.994126 -0.017880 0.106746
vn -0.994126 -0.017880 0.106746
vn -0.993234 0.014708 0.115199
vn -0.993234 0.014708 0.115199
vn -0.993234 0.014708 0.115199
vn -0.990247 0.036136 0.134552
vn -0.990247 0.036136 0.134552
vn -0.990247 0.036136 0.134552
vn 0.990296 0.039042 0.133380
vn 0.990296 0.039042 0.133380
vn 0.990296 0.039042 0.133380
vn 0.993586 0.015670 0.111987
vn 0.993586 0.015670 0.111987
vn 0.993586 0.015670 0.111987
vn 0.993545 -0.015920 0.112319
vn 0.993545 -0.015920 0.112319
vn 0.993545 -0.015920 0.112319
vn 0.990344 -0.042373 0.131998
vn 0.990344 -0.042373 0.131998
vn 0.990344 -0.042373 0.131998
vn 0.994126 -0.017880 0.106746
vn 0.994126 -0.017880 0.106746
vn 0.994126 -0.017880 0.106746
vn 0.990405 -0.051311 0.128316
vn 0.990405 -0.051311 0.128316
vn 0.990405 -0.051311 0.128316
vn 0.990247 0.036136 0.134552
vn 0.990247 0.036136 0.134552
vn 0.990247 0.036136 0.134552
vn 0.993234 0.014708 0.115199
vn 0.993234 0.014708 0.115199
vn 0.993234 0.014708 0.115199
vn 0.000000 -0.369871 -0.929083
vn 0.000000 -0.369871 -0.929083
vn 0.000000 -0.369871 -0.929083
vn 0.000000 -0.369871 -0.929083
vn 0.000000 -0.369871 -0.929083
vn 0.000000 -0.369871 -0.929083
vn 0.000000 -0.996088 -0.088367
vn 0.000000 -0.996088 -0.088367
vn 0.000000 -0.996088 -0.088367
vn 0.000000 -0.996088 -0.088367
vn 0.000000 -0.996088 -0.088367
vn 0.000000 -0.996088 -0.088367
vn 0.000000 0.950457 -0.310856
vn 0.000000 0.950457 -0.310856
vn 0.000000 0.950457 -0.310856
vn 0.000000 0.950457 -0.310856
vn 0.000000 0.950457 -0.310856
vn 0.000000 0.950457 -0.310856
vn -0.996997 -0.011820 0.076530
vn -0.996997 -0.011820 0.076530
vn -0.996997 -0.011820 0.076530
vn 0.000000 0.369877 0.929081
vn 0.000000 0.369877 0.929081
vn 0.000000 0.369877 0.929081
vn 0.000000 0.369877 0.929081
vn 0.000000 0.369877 0.929081
vn 0.000000 0.369877 0.929081
vn -0.994822 0.036582 0.094821
vn -0.994822 0.036582 0.094821
vn -0.994822 0.036582 0.094821
vn 0.000000 -0.950439 0.310912
vn 0.000000 -0.950439 0.310912
vn 0.000000 -0.950439 0.310912
vn 0.000000 -0.950439 0.310912
vn 0.000000 -0.950439 0.310912
vn 0.000000 -0.950439 0.310912
vn 0.996909 0.013267 0.077429
vn 0.996910 0.013267 0.077429
vn 0.996910 0.013267 0.077429
vn 0.996563 -0.000005 0.082839
vn 0.996563 -0.000005 0.082839
vn 0.996563 -0.000005 0.082839
vn 0.996516 0.000005 0.083407
vn 0.996516 0.000005 0.083407
vn 0.996516 0.000005 0.083407
vn 0.996567 0.000000 0.082784
vn 0.996567 0.000000 0.082784
vn 0.996567 0.000000 0.082784
vn 0.996559 0.000008 0.082882
vn 0.996559 0.000008 0.082882
vn 0.996559 0.000008 0.082882
vn 0.996568 -0.000042 0.082778
vn 0.996568 -0.000042 0.082778
vn 0.996568 -0.000042 0.082778
vn 0.996558 0.000003 0.082895
vn 0.996558 0.000003 0.082895
vn 0.996558 0.000003 0.082895
vn 0.993420 0.029620 0.110629
vn 0.993420 0.029620 0.110629
vn 0.993420 0.029620 0.110629
vn 0.993343 -0.048650 0.104419
vn 0.993343 -0.048650 0.104419
vn 0.993343 -0.048650 0.104419
vn 0.979866 -0.134008 0.148000
vn 0.979866 -0.134008 0.148000
vn 0.979866 -0.134008 0.148000
vn 0.979914 -0.133669 0.147992
vn 0.979914 -0.133669 0.147992
vn 0.979914 -0.133669 0.147992
vn 0.992908 -0.006613 0.118697
vn 0.992908 -0.006613 0.118697
vn 0.992908 -0.006613 0.118697
vn 0.993230 0.032649 0.111482
vn 0.993230 0.032649 0.111482
vn 0.993230 0.032649 0.111482
vn 0.997626 -0.015631 0.067070
vn 0.997626 -0.015631 0.067070
vn 0.997626 -0.015631 0.067070
vn 0.997060 -0.000372 0.076623
vn 0.997060 -0.000372 0.076623
vn 0.997060 -0.000372 0.076623
vn 0.997039 -0.000044 0.076902
vn 0.997039 -0.000044 0.076902
vn 0.997039 -0.000044 0.076902
vn 0.997035 0.000000 0.076945
vn 0.997035 0.000000 0.076945
vn 0.997035 0.000000 0.076945
vn 0.997036 -0.000005 0.076935
vn 0.997036 -0.000005 0.076935
vn 0.997036 -0.000005 0.076935
vn 0.997034 0.000008 0.076967
vn 0.997034 0.000008 0.076967
vn 0.997034 0.000008 0.076967
vn 0.997079 -0.000002 0.076375
vn 0.997079 -0.000002 0.076375
vn 0.997079 -0.000002 0.076375
vn 0.994761 0.045256 0.091661
vn 0.994761 0.045256 0.091661
vn 0.994761 0.045256 0.091661
vn 0.993127 0.036538 0.111188
vn 0.993128 0.036538 0.111188
vn 0.993128 0.036538 0.111188
vn 0.993904 -0.030795 0.105862
vn 0.993904 -0.030795 0.105862
vn 0.993904 -0.030795 0.105862
vn 0.983868 -0.099607 0.148599
vn 0.983868 -0.099607 0.148599
vn 0.983868 -0.099607 0.148599
vn 0.983866 -0.099630 0.148600
vn 0.983866 -0.099630 0.148600
vn 0.983866 -0.099630 0.148600
vn 0.992765 0.003473 0.120026
vn 0.992765 0.003473 0.120026
vn 0.992765 0.003473 0.120026
vn 0.992926 0.039291 0.112046
vn 0.992926 0.039291 0.112046
vn 0.992926 0.039291 0.112046
vn 0.996997 -0.011820 0.076530
vn 0.996997 -0.011820 0.076530
vn 0.996997 -0.011820 0.076530
vn 0.000000 -0.382565 -0.923929
vn 0.000000 -0.382565 -0.923929
vn 0.000000 -0.382565 -0.923929
vn 0.000000 -0.382565 -0.923929
vn 0.000000 -0.382565 -0.923929
vn 0.000000 -0.382565 -0.923929
vn -0.997626 0.015631 0.067070
vn -0.997626 0.015631 0.067070
vn -0.997626 0.015631 0.067070
vn 0.000000 0.996088 -0.088367
vn 0.000000 0.996088 -0.088367
vn 0.000000 0.996088 -0.088367
vn 0.000000 0.996088 -0.088367
vn 0.000000 0.996088 -0.088367
vn 0.000000 0.996088 -0.088367
vn 0.000000 0.950439 0.310912
vn 0.000000 0.950439 0.310912
vn 0.000000 0.950439 0.310912
vn 0.000000 0.950439 0.310912
vn 0.000000 0.950439 0.310912
vn 0.000000 0.950439 0.310912
vn -0.994822 -0.036582 0.094821
vn -0.994822 -0.036582 0.094821
vn -0.994822 -0.036582 0.094821
vn 0.000000 -0.950457 -0.310856
vn 0.000000 -0.950457 -0.310856
vn 0.000000 -0.950457 -0.310856
vn 0.000000 -0.950457 -0.310856
vn 0.000000 -0.950457 -0.310856
vn 0.000000 -0.950457 -0.310856
vn -0.994761 -0.045256 0.091661
vn -0.994761 -0.045256 0.091661
vn -0.994761 -0.045256 0.091661
vn -0.996997 0.011820 0.076530
vn -0.996997 0.011820 0.076530
vn -0.996997 0.011820 0.076530
vn 0.000000 -0.369877 0.929081
vn 0.000000 -0.369877 0.929081
vn 0.000000 -0.369877 0.929081
vn 0.000000 -0.369877 0.929081
vn 0.000000 -0.369877 0.929081
vn 0.000000 -0.369877 0.929081
vn 0.000000 -0.382452 -0.923976
vn 0.000000 -0.382452 -0.923976
vn 0.000000 -0.382452 -0.923976
vn 0.000000 -0.382452 -0.923976
vn 0.000000 -0.382452 -0.923975
vn 0.000000 -0.382452 -0.923976
vn 0.000000 1.000000 0.000163
vn 0.000000 1.000000 0.000163
vn 0.000000 1.000000 0.000163
vn 0.000000 1.000000 0.000163
vn 0.000000 1.000000 0.000163
vn 0.000000 1.000000 0.000163
vn 0.000000 0.923801 0.382873
vn 0.000000 0.923801 0.382872
vn 0.000000 0.923801 0.382872
vn 0.000000 0.923801 0.382872
vn 0.000000 0.923801 0.382872
vn 0.000000 0.923801 0.382872
vn 0.000000 0.923801 0.382872
vn 0.000000 0.923801 0.382872
vn 0.000000 0.923801 0.382872
vn 0.000000 0.923801 0.382872
vn 0.000000 0.923801 0.382872
vn 0.000000 0.923801 0.382872
vn 0.000000 0.000000 1.000000
vn 0.000000 0.000000 1.000000
vn 0.000000 0.000000 1.000000
vn 0.000000 0.000000 1.000000
vn 0.000000 0.000000 1.000000
vn 0.000000 0.000000 1.000000
vn 0.000000 -0.382597 0.923915
vn 0.000000 -0.382597 0.923915
vn 0.000000 -0.382597 0.923915
vn 0.000000 -0.382597 0.923915
vn 0.000000 -0.382597 0.923915
vn 0.000000 -0.382597 0.923915
vn 0.000000 -0.923917 -0.382592
vn 0.000000 -0.923917 -0.382592
vn 0.000000 -0.923917 -0.382592
vn 0.000000 -0.923917 -0.382592
vn 0.000000 -0.923917 -0.382592
vn 0.000000 -0.923917 -0.382592
vn 0.000000 -1.000000 -0.000161
vn 0.000000 -1.000000 -0.000161
vn 0.000000 -1.000000 -0.000161
vn 0.000000 -1.000000 -0.000161
vn 0.000000 -1.000000 -0.000161
vn 0.000000 -1.000000 -0.000161
vn -0.997626 -0.015631 0.067070
vn -0.997626 -0.015631 0.067070
vn -0.997626 -0.015631 0.067070
vn 0.000000 -0.923924 0.382576
vn 0.000000 -0.923924 0.382576
vn 0.000000 -0.923924 0.382576
vn 0.000000 -0.923924 0.382576
vn 0.000000 -0.923924 0.382576
vn 0.000000 -0.923924 0.382576
vn 0.000000 1.000000 0.000163
vn 0.000000 1.000000 0.000163
vn 0.000000 1.000000 0.000163
vn 0.000000 1.000000 0.000163
vn 0.000000 1.000000 0.000163
vn 0.000000 1.000000 0.000163
vn 0.000000 0.000000 1.000000
vn 0.000000 0.000000 1.000000
vn 0.000000 0.000000 1.000000
vn 0.000000 0.000000 1.000000
vn 0.000000 0.000000 1.000000
vn 0.000000 0.000000 1.000000
vn 0.000000 0.000000 -1.000000
vn 0.000000 0.000000 -1.000000
vn 0.000000 0.000000 -1.000000
vn 0.000000 0.000000 -1.000000
vn 0.000000 0.000000 -1.000000
vn 0.000000 0.000000 -1.000000
vn 0.000000 -0.923917 -0.382592
vn 0.000000 -0.923917 -0.382592
vn 0.000000 -0.923917 -0.382592
vn 0.000000 -0.923917 -0.382592
vn 0.000000 -0.923917 -0.382592
vn 0.000000 -0.923917 -0.382592
vn 0.000000 -0.382597 0.923915
vn 0.000000 -0.382597 0.923915
vn 0.000000 -0.382597 0.923915
vn 0.000000 -0.382597 0.923915
vn 0.000000 -0.382597 0.923915
vn 0.000000 -0.382597 0.923915
vn 0.000000 -1.000000 -0.000161
vn 0.000000 -1.000000 -0.000161
vn 0.000000 -1.000000 -0.000161
vn 0.000000 -1.000000 -0.000161
vn 0.000000 -1.000000 -0.000161
vn 0.000000 -1.000000 -0.000161
vn -0.995303 -0.053847 0.080453
vn -0.995303 -0.053847 0.080453
vn -0.995303 -0.053847 0.080453
vn 0.000000 0.000000 -1.000000
vn 0.000000 0.000000 -1.000000
vn 0.000000 0.000000 -1.000000
vn 0.000000 0.000000 -1.000000
vn 0.000000 0.000000 -1.000000
vn 0.000000 0.000000 -1.000000
vn 0.000000 -0.393713 0.919233
vn 0.000000 -0.393713 0.919233
vn 0.000000 -0.393713 0.919233
vn 0.000000 -0.393713 0.919233
vn 0.000000 -0.393713 0.919233
vn 0.000000 -0.393713 0.919233
vn -0.996910 0.013267 0.077429
vn -0.996909 0.013267 0.077429
vn -0.996910 0.013267 0.077429
vn 0.000000 0.996088 0.088365
vn 0.000000 0.996088 0.088365
vn 0.000000 0.996088 0.088365
vn 0.000000 0.996088 0.088365
vn 0.000000 0.996088 0.088365
vn 0.000000 0.996088 0.088365
vn -0.997469 0.016230 0.069223
vn -0.997469 0.016230 0.069223
vn -0.997469 0.016230 0.069223
vn -0.995406 -0.035267 0.089014
vn -0.995406 -0.035267 0.089014
vn -0.995406 -0.035267 0.089014
vn 0.000000 0.000000 1.000000
vn 0.000000 0.000000 1.000000
vn 0.000000 0.000000 1.000000
vn 0.000000 0.000000 1.000000
vn 0.000000 0.000000 1.000000
vn 0.000000 0.000000 1.000000
vn 0.000000 -1.000000 0.000163
vn 0.000000 -1.000000 0.000163
vn 0.000000 -1.000000 0.000163
vn 0.000000 -1.000000 0.000163
vn 0.000000 -1.000000 0.000163
vn 0.000000 -1.000000 0.000163
vn 0.000000 0.000000 -1.000000
vn 0.000000 0.000000 -1.000000
vn 0.000000 0.000000 -1.000000
vn 0.000000 0.000000 -1.000000
vn 0.000000 0.000000 -1.000000
vn 0.000000 0.000000 -1.000000
vn 0.000000 -0.382597 0.923915
vn 0.000000 -0.382597 0.923915
vn 0.000000 -0.382597 0.923915
vn 0.000000 -0.382597 0.923915
vn 0.000000 -0.382597 0.923915
vn 0.000000 -0.382597 0.923915
vn 0.000000 -0.382597 0.923915
vn 0.000000 -0.382597 0.923915
vn 0.000000 -0.382597 0.923915
vn 0.000000 -0.382597 0.923915
vn 0.000000 -0.382597 0.923915
vn 0.000000 -0.382597 0.923915
vn 0.000000 -0.923801 0.382872
vn 0.000000 -0.923801 0.382872
vn 0.000000 -0.923801 0.382872
vn 0.000000 -0.923801 0.382872
vn 0.000000 -0.923801 0.382872
vn 0.000000 -0.923801 0.382872
vn 0.000000 0.000000 1.000000
vn 0.000000 0.000000 1.000000
vn 0.000000 0.000000 1.000000
vn 0.000000 0.000000 1.000000
vn 0.000000 0.000000 1.000000
vn 0.000000 0.000000 1.000000
vn 0.000000 1.000000 -0.000161
vn 0.000000 1.000000 -0.000161
vn 0.000000 1.000000 -0.000161
vn 0.000000 1.000000 -0.000161
vn 0.000000 1.000000 -0.000161
vn 0.000000 1.000000 -0.000161
vn 0.000000 0.382597 0.923915
vn 0.000000 0.382597 0.923915
vn 0.000000 0.382597 0.923915
vn 0.000000 0.382597 0.923915
vn 0.000000 0.382597 0.923915
vn 0.000000 0.382597 0.923915
vn 0.000000 0.382597 0.923915
vn 0.000000 0.382597 0.923915
vn 0.000000 0.382597 0.923915
vn 0.000000 0.382597 0.923915
vn 0.000000 0.382597 0.923915
vn 0.000000 0.382597 0.923915
vn 0.000000 0.000000 1.000000
vn 0.000000 0.000000 1.000000
vn 0.000000 0.000000 1.000000
vn 0.000000 0.000000 1.000000
vn 0.000000 0.000000 1.000000
vn 0.000000 0.000000 1.000000
vn 0.000000 -1.000000 0.000163
vn 0.000000 -1.000000 0.000163
vn 0.000000 -1.000000 0.000163
vn 0.000000 -1.000000 0.000163
vn 0.000000 -1.000000 0.000163
vn 0.000000 -1.000000 0.000163
vn 0.000000 -0.382565 -0.923929
vn 0.000000 -0.382565 -0.923929
vn 0.000000 -0.382565 -0.923929
vn 0.000000 -0.382565 -0.923929
vn 0.000000 -0.382565 -0.923929
vn 0.000000 -0.382565 -0.923929
vn 0.000000 0.000000 -1.000000
vn 0.000000 0.000000 -1.000000
vn 0.000000 0.000000 -1.000000
vn 0.000000 0.000000 -1.000000
vn 0.000000 0.000000 -1.000000
vn 0.000000 0.000000 -1.000000
vn 0.000000 1.000000 -0.000161
vn 0.000000 1.000000 -0.000161
vn 0.000000 1.000000 -0.000161
vn 0.000000 1.000000 -0.000161
vn 0.000000 1.000000 -0.000161
vn 0.000000 1.000000 -0.000161
vn 0.000000 0.923917 -0.382592
vn 0.000000 0.923917 -0.382592
vn 0.000000 0.923917 -0.382592
vn 0.000000 0.923917 -0.382592
vn 0.000000 0.923917 -0.382592
vn 0.000000 0.923917 -0.382592
vn 0.000000 0.382565 -0.923929
vn 0.000000 0.382565 -0.923929
vn 0.000000 0.382565 -0.923929
vn 0.000000 0.382565 -0.923929
vn 0.000000 0.382565 -0.923929
vn 0.000000 0.382565 -0.923929
vn -0.281967 0.868424 -0.407842
vn -0.281967 0.868424 -0.407842
vn -0.281967 0.868424 -0.407842
vn -0.299563 0.867453 -0.397224
vn -0.299563 0.867453 -0.397224
vn -0.299563 0.867453 -0.397224
vn -0.855229 0.495016 -0.153437
vn -0.855229 0.495016 -0.153437
vn -0.855229 0.495016 -0.153437
vn -0.877067 0.467371 -0.110985
vn -0.877067 0.467371 -0.110985
vn -0.877067 0.467371 -0.110985
vn -0.370951 0.357237 -0.857191
vn -0.370951 0.357237 -0.857191
vn -0.370951 0.357237 -0.857191
vn -0.385252 0.361877 -0.848897
vn -0.385252 0.361877 -0.848897
vn -0.385252 0.361877 -0.848897
vn -0.931947 0.170735 -0.319883
vn -0.931947 0.170735 -0.319883
vn -0.931947 0.170735 -0.319883
vn -0.937789 0.178953 -0.297537
vn -0.937788 0.178953 -0.297537
vn -0.937789 0.178953 -0.297537
vn -0.380972 -0.378866 -0.843398
vn -0.380972 -0.378866 -0.843398
vn -0.380972 -0.378866 -0.843398
vn -0.383921 -0.377332 -0.842749
vn -0.383921 -0.377332 -0.842749
vn -0.383921 -0.377332 -0.842749
vn -0.937229 -0.172498 -0.303061
vn -0.937229 -0.172498 -0.303061
vn -0.937229 -0.172498 -0.303061
vn -0.940017 -0.165996 -0.298017
vn -0.940017 -0.165996 -0.298017
vn -0.940017 -0.165996 -0.298017
vn -0.318300 -0.910605 -0.263597
vn -0.318300 -0.910605 -0.263597
vn -0.318300 -0.910605 -0.263597
vn -0.324648 -0.907924 -0.265100
vn -0.324648 -0.907924 -0.265100
vn -0.324648 -0.907924 -0.265100
vn -0.881750 -0.467935 -0.059612
vn -0.881750 -0.467935 -0.059612
vn -0.881750 -0.467935 -0.059612
vn -0.889815 -0.451811 -0.064004
vn -0.889815 -0.451811 -0.064004
vn -0.889814 -0.451811 -0.064004
vn -0.308184 -0.835570 0.454803
vn -0.308184 -0.835570 0.454803
vn -0.308184 -0.835570 0.454803
vn -0.319150 -0.833993 0.450111
vn -0.319150 -0.833993 0.450111
vn -0.319150 -0.833993 0.450111
vn -0.878274 -0.383555 0.285519
vn -0.878274 -0.383555 0.285519
vn -0.878274 -0.383555 0.285519
vn -0.891672 -0.367593 0.264191
vn -0.891672 -0.367593 0.264191
vn -0.891672 -0.367593 0.264191
vn -0.349035 -0.333697 0.875683
vn -0.349035 -0.333697 0.875683
vn -0.349035 -0.333697 0.875683
vn -0.358985 -0.336358 0.870628
vn -0.358985 -0.336358 0.870628
vn -0.358985 -0.336358 0.870628
vn -0.887316 -0.139281 0.439625
vn -0.887316 -0.139281 0.439625
vn -0.887316 -0.139281 0.439625
vn -0.894576 -0.145158 0.422685
vn -0.894576 -0.145158 0.422685
vn -0.894576 -0.145158 0.422685
vn -0.347534 0.355620 0.867614
vn -0.347534 0.355620 0.867614
vn -0.347534 0.355620 0.867614
vn -0.350553 0.353820 0.867136
vn -0.350553 0.353820 0.867136
vn -0.350553 0.353820 0.867136
vn -0.887193 0.145994 0.437692
vn -0.887193 0.145994 0.437692
vn -0.887193 0.145994 0.437692
vn -0.890729 0.139159 0.432708
vn -0.890729 0.139159 0.432708
vn -0.890729 0.139159 0.432708
vn -0.297353 0.897540 0.325580
vn -0.297353 0.897540 0.325580
vn -0.297353 0.897540 0.325580
vn -0.306293 0.893155 0.329331
vn -0.306293 0.893155 0.329331
vn -0.306293 0.893155 0.329331
vn -0.873502 0.426108 0.235428
vn -0.873502 0.426108 0.235428
vn -0.873502 0.426108 0.235428
vn -0.882594 0.403459 0.241346
vn -0.882594 0.403459 0.241346
vn -0.882594 0.403459 0.241346
vn 0.305517 0.894801 0.325562
vn 0.305517 0.894801 0.325562
vn 0.305517 0.894801 0.325562
vn 0.296296 0.896508 0.329367
vn 0.296296 0.896508 0.329367
vn 0.296296 0.896508 0.329367
vn 0.880259 0.413858 0.232090
vn 0.880259 0.413858 0.232090
vn 0.880259 0.413858 0.232090
vn 0.867738 0.429978 0.249298
vn 0.867738 0.429978 0.249298
vn 0.867738 0.429978 0.249298
vn 0.350081 0.355147 0.866784
vn 0.350081 0.355147 0.866784
vn 0.350081 0.355147 0.866784
vn 0.347420 0.354400 0.868159
vn 0.347420 0.354400 0.868159
vn 0.347420 0.354400 0.868159
vn 0.889034 0.144519 0.434433
vn 0.889034 0.144519 0.434433
vn 0.889034 0.144519 0.434433
vn 0.886615 0.142393 0.440042
vn 0.886616 0.142393 0.440042
vn 0.886615 0.142393 0.440042
vn 0.385396 0.355588 -0.851485
vn 0.385396 0.355588 -0.851485
vn 0.385396 0.355588 -0.851485
vn 0.367820 0.363896 -0.855738
vn 0.367820 0.363896 -0.855738
vn 0.367820 0.363896 -0.855738
vn 0.938696 0.164217 -0.303123
vn 0.938696 0.164217 -0.303123
vn 0.938696 0.164217 -0.303123
vn 0.923259 0.193840 -0.331692
vn 0.923259 0.193840 -0.331692
vn 0.923259 0.193840 -0.331692
vn 0.297961 0.864747 -0.404267
vn 0.297961 0.864747 -0.404267
vn 0.297961 0.864747 -0.404267
vn 0.279987 0.871984 -0.401562
vn 0.279987 0.871984 -0.401562
vn 0.279987 0.871984 -0.401562
vn 0.871315 0.470460 -0.139563
vn 0.871315 0.470460 -0.139563
vn 0.871315 0.470460 -0.139563
vn 0.841478 0.522248 -0.138465
vn 0.841478 0.522248 -0.138465
vn 0.841478 0.522248 -0.138465
vn 0.324014 -0.908925 -0.262433
vn 0.324014 -0.908925 -0.262433
vn 0.324014 -0.908925 -0.262433
vn 0.317542 -0.910008 -0.266555
vn 0.317542 -0.910008 -0.266555
vn 0.317542 -0.910008 -0.266555
vn 0.886347 -0.459579 -0.056355
vn 0.886347 -0.459579 -0.056355
vn 0.886347 -0.459579 -0.056355
vn 0.878637 -0.471975 -0.072372
vn 0.878637 -0.471975 -0.072372
vn 0.878637 -0.471975 -0.072372
vn 0.383424 -0.378562 -0.842423
vn 0.383424 -0.378562 -0.842423
vn 0.383424 -0.378562 -0.842423
vn 0.380862 -0.377711 -0.843966
vn 0.380862 -0.377711 -0.843966
vn 0.380862 -0.377711 -0.843966
vn 0.938446 -0.171244 -0.299991
vn 0.938446 -0.171244 -0.299991
vn 0.938446 -0.171244 -0.299991
vn 0.937018 -0.169030 -0.305656
vn 0.937018 -0.169030 -0.305656
vn 0.937018 -0.169030 -0.305656
vn 0.358785 -0.331970 0.872393
vn 0.358785 -0.331970 0.872393
vn 0.358785 -0.331970 0.872393
vn 0.347202 -0.338466 0.874581
vn 0.347202 -0.338466 0.874581
vn 0.347202 -0.338466 0.874581
vn 0.893727 -0.134318 0.428032
vn 0.893727 -0.134318 0.428032
vn 0.893726 -0.134318 0.428032
vn 0.881246 -0.156087 0.446142
vn 0.881246 -0.156087 0.446142
vn 0.881246 -0.156087 0.446142
vn 0.317905 -0.832261 0.454178
vn 0.317905 -0.832261 0.454178
vn 0.317905 -0.832261 0.454178
vn 0.307285 -0.838037 0.450854
vn 0.307285 -0.838037 0.450854
vn 0.307285 -0.838037 0.450854
vn 0.886129 -0.369703 0.279455
vn 0.886129 -0.369703 0.279455
vn 0.886129 -0.369703 0.279455
vn 0.875048 -0.397472 0.276238
vn 0.875048 -0.397472 0.276238
vn 0.875048 -0.397472 0.276238
vn -0.385396 -0.355588 -0.851485
vn -0.385396 -0.355588 -0.851485
vn -0.385396 -0.355588 -0.851485
vn -0.367820 -0.363896 -0.855738
vn -0.367820 -0.363896 -0.855738
vn -0.367820 -0.363896 -0.855738
vn -0.938696 -0.164217 -0.303123
vn -0.938696 -0.164217 -0.303123
vn -0.938696 -0.164217 -0.303123
vn -0.923259 -0.193840 -0.331692
vn -0.923259 -0.193840 -0.331692
vn -0.923259 -0.193840 -0.331692
vn -0.297961 -0.864747 -0.404267
vn -0.297961 -0.864747 -0.404267
vn -0.297961 -0.864747 -0.404267
vn -0.279987 -0.871984 -0.401562
vn -0.279987 -0.871984 -0.401562
vn -0.279987 -0.871984 -0.401562
vn -0.871315 -0.470460 -0.139563
vn -0.871315 -0.470460 -0.139563
vn -0.871315 -0.470460 -0.139563
vn -0.841478 -0.522248 -0.138465
vn -0.841478 -0.522248 -0.138465
vn -0.841478 -0.522248 -0.138465
vn -0.324014 0.908925 -0.262433
vn -0.324014 0.908925 -0.262433
vn -0.324014 0.908925 -0.262433
vn -0.317542 0.910008 -0.266555
vn -0.317542 0.910008 -0.266555
vn -0.317542 0.910008 -0.266555
vn -0.886347 0.459579 -0.056355
vn -0.886347 0.459579 -0.056355
vn -0.886347 0.459579 -0.056355
vn -0.878637 0.471975 -0.072372
vn -0.878637 0.471975 -0.072372
vn -0.878637 0.471975 -0.072372
vn -0.383424 0.378562 -0.842423
vn -0.383424 0.378562 -0.842423
vn -0.383424 0.378562 -0.842423
vn -0.380862 0.377711 -0.843966
vn -0.380862 0.377711 -0.843966
vn -0.380862 0.377711 -0.843966
vn -0.938446 0.171244 -0.299991
vn -0.938446 0.171244 -0.299991
vn -0.938446 0.171244 -0.299991
vn -0.937018 0.169030 -0.305656
vn -0.937018 0.169030 -0.305656
vn -0.937018 0.169030 -0.305656
vn -0.358785 0.331970 0.872393
vn -0.358785 0.331970 0.872393
vn -0.358785 0.331970 0.872393
vn -0.347202 0.338466 0.874581
vn -0.347202 0.338466 0.874581
vn -0.347202 0.338466 0.874581
vn -0.893727 0.134318 0.428032
vn -0.893727 0.134318 0.428032
vn -0.893726 0.134318 0.428032
vn -0.881246 0.156087 0.446142
vn -0.881246 0.156087 0.446142
vn -0.881246 0.156087 0.446142
vn -0.317905 0.832261 0.454178
vn -0.317905 0.832261 0.454178
vn -0.317905 0.832261 0.454178
vn -0.307285 0.838037 0.450854
vn -0.307285 0.838037 0.450854
vn -0.307285 0.838037 0.450854
vn -0.886129 0.369703 0.279455
vn -0.886129 0.369703 0.279455
vn -0.886129 0.369703 0.279455
vn -0.875048 0.397472 0.276238
vn -0.875048 0.397472 0.276238
vn -0.875048 0.397472 0.276238
vn -0.305517 -0.894801 0.325562
vn -0.305517 -0.894801 0.325562
vn -0.305517 -0.894801 0.325562
vn -0.296296 -0.896508 0.329367
vn -0.296296 -0.896508 0.329367
vn -0.296296 -0.896508 0.329367
vn -0.880259 -0.413858 0.232090
vn -0.880259 -0.413858 0.232090
vn -0.880259 -0.413858 0.232090
vn -0.867738 -0.429978 0.249298
vn -0.867738 -0.429978 0.249298
vn -0.867738 -0.429978 0.249298
vn -0.350081 -0.355147 0.866784
vn -0.350081 -0.355147 0.866784
vn -0.350081 -0.355147 0.866784
vn -0.347420 -0.354400 0.868159
vn -0.347420 -0.354400 0.868159
vn -0.347420 -0.354400 0.868159
vn -0.889034 -0.144519 0.434433
vn -0.889034 -0.144519 0.434433
vn -0.889034 -0.144519 0.434433
vn -0.886615 -0.142393 0.440042
vn -0.886616 -0.142393 0.440042
vn -0.886615 -0.142393 0.440042
vn 0.347534 -0.355620 0.867614
vn 0.347534 -0.355620 0.867614
vn 0.347534 -0.355620 0.867614
vn 0.350553 -0.353820 0.867136
vn 0.350553 -0.353820 0.867136
vn 0.350553 -0.353820 0.867136
vn 0.887193 -0.145994 0.437692
vn 0.887193 -0.145994 0.437692
vn 0.887193 -0.145994 0.437692
vn 0.890729 -0.139159 0.432708
vn 0.890729 -0.139159 0.432708
vn 0.890729 -0.139159 0.432708
vn 0.297353 -0.897540 0.325580
vn 0.297353 -0.897540 0.325580
vn 0.297353 -0.897540 0.325580
vn 0.306293 -0.893155 0.329331
vn 0.306293 -0.893155 0.329331
vn 0.306293 -0.893155 0.329331
vn 0.873502 -0.426108 0.235428
vn 0.873502 -0.426108 0.235428
vn 0.873502 -0.426108 0.235428
vn 0.882594 -0.403459 0.241346
vn 0.882594 -0.403459 0.241346
vn 0.882594 -0.403459 0.241346
vn 0.281967 -0.868424 -0.407842
vn 0.281967 -0.868424 -0.407842
vn 0.281967 -0.868424 -0.407842
vn 0.299563 -0.867453 -0.397224
vn 0.299563 -0.867453 -0.397224
vn 0.299563 -0.867453 -0.397224
vn 0.855229 -0.495016 -0.153437
vn 0.855229 -0.495016 -0.153437
vn 0.855229 -0.495016 -0.153437
vn 0.877067 -0.467371 -0.110985
vn 0.877067 -0.467371 -0.110985
vn 0.877067 -0.467371 -0.110985
vn 0.370951 -0.357237 -0.857191
vn 0.370951 -0.357237 -0.857191
vn 0.370951 -0.357237 -0.857191
vn 0.385252 -0.361877 -0.848897
vn 0.385252 -0.361877 -0.848897
vn 0.385252 -0.361877 -0.848897
vn 0.931947 -0.170735 -0.319883
vn 0.931947 -0.170735 -0.319883
vn 0.931947 -0.170735 -0.319883
vn 0.937789 -0.178953 -0.297537
vn 0.937788 -0.178953 -0.297537
vn 0.937789 -0.178953 -0.297537
vn 0.380972 0.378866 -0.843398
vn 0.380972 0.378866 -0.843398
vn 0.380972 0.378866 -0.843398
vn 0.383921 0.377332 -0.842749
vn 0.383921 0.377332 -0.842749
vn 0.383921 0.377332 -0.842749
vn 0.937229 0.172498 -0.303061
vn 0.937229 0.172498 -0.303061
vn 0.937229 0.172498 -0.303061
vn 0.940017 0.165996 -0.298017
vn 0.940017 0.165996 -0.298017
vn 0.940017 0.165996 -0.298017
vn 0.318300 0.910605 -0.263597
vn 0.318300 0.910605 -0.263597
vn 0.318300 0.910605 -0.263597
vn 0.324648 0.907924 -0.265100
vn 0.324648 0.907924 -0.265100
vn 0.324648 0.907924 -0.265100
vn 0.881750 0.467935 -0.059612
vn 0.881750 0.467935 -0.059612
vn 0.881750 0.467935 -0.059612
vn 0.889815 0.451811 -0.064004
vn 0.889815 0.451811 -0.064004
vn 0.889814 0.451811 -0.064004
vn 0.308184 0.835570 0.454803
vn 0.308184 0.835570 0.454803
vn 0.308184 0.835570 0.454803
vn 0.319150 0.833993 0.450111
vn 0.319150 0.833993 0.450111
vn 0.319150 0.833993 0.450111
vn 0.878274 0.383555 0.285519
vn 0.878274 0.383555 0.285519
vn 0.878274 0.383555 0.285519
vn 0.891672 0.367593 0.264191
vn 0.891672 0.367593 0.264191
vn 0.891672 0.367593 0.264191
vn 0.349035 0.333697 0.875683
vn 0.349035 0.333697 0.875683
vn 0.349035 0.333697 0.875683
vn 0.358985 0.336358 0.870628
vn 0.358985 0.336358 0.870628
vn 0.358985 0.336358 0.870628
vn 0.887316 0.139281 0.439625
vn 0.887316 0.139281 0.439625
vn 0.887316 0.139281 0.439625
vn 0.894576 0.145158 0.422685
vn 0.894576 0.145158 0.422685
vn 0.894576 0.145158 0.422685
vn -0.923778 0.146489 -0.353801
vn -0.923778 0.146489 -0.353801
vn -0.923778 0.146489 -0.353801
vn -0.923806 0.146494 -0.353725
vn -0.923806 0.146494 -0.353725
vn -0.923806 0.146494 -0.353725
vn -0.382806 0.353486 -0.853526
vn -0.382806 0.353486 -0.853527
vn -0.382806 0.353486 -0.853526
vn -0.382650 0.353449 -0.853612
vn -0.382650 0.353449 -0.853612
vn -0.382650 0.353449 -0.853612
vn -0.923806 0.353776 -0.146372
vn -0.923806 0.353776 -0.146372
vn -0.923806 0.353776 -0.146372
vn -0.923705 0.353950 -0.146587
vn -0.923705 0.353950 -0.146587
vn -0.923705 0.353950 -0.146587
vn -0.383150 0.853395 -0.353430
vn -0.383150 0.853395 -0.353430
vn -0.383150 0.853395 -0.353430
vn -0.383235 0.853377 -0.353382
vn -0.383235 0.853377 -0.353382
vn -0.383235 0.853377 -0.353382
vn -0.923671 0.146601 0.354035
vn -0.923671 0.146601 0.354035
vn -0.923671 0.146601 0.354035
vn -0.923668 0.146607 0.354040
vn -0.923668 0.146607 0.354040
vn -0.923668 0.146607 0.354040
vn -0.383168 0.353392 0.853403
vn -0.383168 0.353392 0.853403
vn -0.383168 0.353392 0.853403
vn -0.383156 0.353399 0.853405
vn -0.383156 0.353399 0.853406
vn -0.383156 0.353399 0.853406
vn -0.923672 0.354029 0.146604
vn -0.923672 0.354029 0.146604
vn -0.923672 0.354029 0.146604
vn -0.923787 0.353721 0.146624
vn -0.923787 0.353721 0.146624
vn -0.923787 0.353721 0.146624
vn -0.382793 0.853419 0.353759
vn -0.382793 0.853419 0.353759
vn -0.382793 0.853419 0.353759
vn -0.382671 0.853486 0.353730
vn -0.382671 0.853486 0.353730
vn -0.382671 0.853486 0.353730
vn -0.923669 -0.146665 0.354012
vn -0.923669 -0.146665 0.354012
vn -0.923669 -0.146665 0.354012
vn -0.923666 -0.146664 0.354020
vn -0.923666 -0.146664 0.354020
vn -0.923666 -0.146664 0.354020
vn -0.383495 -0.353474 0.853222
vn -0.383495 -0.353474 0.853222
vn -0.383495 -0.353474 0.853222
vn -0.383167 -0.353397 0.853401
vn -0.383167 -0.353397 0.853401
vn -0.383167 -0.353397 0.853401
vn -0.923675 -0.354029 0.146589
vn -0.923675 -0.354029 0.146589
vn -0.923675 -0.354029 0.146589
vn -0.923655 -0.354063 0.146631
vn -0.923655 -0.354063 0.146631
vn -0.923655 -0.354063 0.146631
vn -0.383403 -0.853300 0.353385
vn -0.383403 -0.853300 0.353385
vn -0.383403 -0.853300 0.353385
vn -0.383512 -0.853277 0.353323
vn -0.383512 -0.853277 0.353323
vn -0.383512 -0.853277 0.353323
vn -0.923800 -0.146474 -0.353749
vn -0.923800 -0.146474 -0.353749
vn -0.923801 -0.146474 -0.353749
vn -0.923786 -0.146505 -0.353774
vn -0.923786 -0.146505 -0.353774
vn -0.923786 -0.146505 -0.353774
vn -0.382373 -0.353535 -0.853700
vn -0.382373 -0.353535 -0.853700
vn -0.382373 -0.353535 -0.853700
vn -0.382734 -0.353331 -0.853623
vn -0.382734 -0.353331 -0.853623
vn -0.382734 -0.353331 -0.853623
vn -0.923711 -0.353949 -0.146556
vn -0.923711 -0.353949 -0.146556
vn -0.923711 -0.353949 -0.146556
vn -0.923848 -0.353582 -0.146580
vn -0.923848 -0.353582 -0.146580
vn -0.923848 -0.353582 -0.146580
vn -0.383178 -0.853260 -0.353726
vn -0.383178 -0.853260 -0.353726
vn -0.383178 -0.853260 -0.353726
vn -0.382327 -0.853724 -0.353525
vn -0.382327 -0.853724 -0.353525
vn -0.382327 -0.853725 -0.353525
vn 0.923651 -0.354081 0.146611
vn 0.923651 -0.354081 0.146611
vn 0.923651 -0.354081 0.146611
vn 0.923673 -0.354023 0.146615
vn 0.923673 -0.354023 0.146615
vn 0.923673 -0.354023 0.146615
vn 0.383519 -0.853256 0.353366
vn 0.383519 -0.853256 0.353366
vn 0.383519 -0.853256 0.353366
vn 0.383406 -0.853317 0.353340
vn 0.383406 -0.853317 0.353340
vn 0.383406 -0.853317 0.353340
vn 0.923666 -0.146668 0.354019
vn 0.923666 -0.146668 0.354019
vn 0.923666 -0.146668 0.354019
vn 0.923669 -0.146661 0.354014
vn 0.923669 -0.146661 0.354014
vn 0.923669 -0.146661 0.354014
vn 0.383157 -0.353527 0.853351
vn 0.383157 -0.353527 0.853351
vn 0.383157 -0.353527 0.853352
vn 0.383475 -0.353348 0.853283
vn 0.383475 -0.353348 0.853283
vn 0.383475 -0.353348 0.853283
vn 0.923797 0.353752 0.146489
vn 0.923797 0.353752 0.146489
vn 0.923797 0.353752 0.146489
vn 0.923692 0.353932 0.146712
vn 0.923692 0.353932 0.146712
vn 0.923692 0.353932 0.146712
vn 0.382667 0.853467 0.353779
vn 0.382667 0.853467 0.353779
vn 0.382667 0.853467 0.353779
vn 0.382785 0.853442 0.353712
vn 0.382785 0.853442 0.353712
vn 0.382785 0.853442 0.353712
vn 0.923667 0.146604 0.354042
vn 0.923667 0.146604 0.354042
vn 0.923667 0.146604 0.354042
vn 0.923670 0.146604 0.354034
vn 0.923670 0.146604 0.354034
vn 0.923670 0.146604 0.354034
vn 0.383155 0.353394 0.853408
vn 0.383155 0.353394 0.853408
vn 0.383155 0.353394 0.853408
vn 0.383167 0.353397 0.853401
vn 0.383167 0.353397 0.853401
vn 0.383167 0.353397 0.853401
vn 0.923809 0.146461 -0.353732
vn 0.923809 0.146461 -0.353732
vn 0.923809 0.146461 -0.353732
vn 0.923783 0.146516 -0.353777
vn 0.923783 0.146516 -0.353777
vn 0.923783 0.146516 -0.353777
vn 0.382645 0.353511 -0.853588
vn 0.382645 0.353511 -0.853588
vn 0.382645 0.353511 -0.853588
vn 0.382796 0.353426 -0.853556
vn 0.382796 0.353426 -0.853556
vn 0.382796 0.353426 -0.853556
vn 0.923686 0.354043 -0.146483
vn 0.923686 0.354043 -0.146483
vn 0.923686 0.354043 -0.146483
vn 0.923797 0.353746 -0.146502
vn 0.923797 0.353746 -0.146502
vn 0.923797 0.353746 -0.146502
vn 0.383241 0.853360 -0.353415
vn 0.383241 0.853361 -0.353415
vn 0.383241 0.853360 -0.353415
vn 0.383153 0.853409 -0.353395
vn 0.383153 0.853409 -0.353395
vn 0.383153 0.853409 -0.353395
vn 0.923783 -0.146490 -0.353788
vn 0.923783 -0.146490 -0.353788
vn 0.923783 -0.146490 -0.353788
vn 0.923799 -0.146493 -0.353744
vn 0.923799 -0.146493 -0.353744
vn 0.923799 -0.146493 -0.353744
vn 0.382757 -0.353474 -0.853553
vn 0.382757 -0.353474 -0.853553
vn 0.382757 -0.353474 -0.853553
vn 0.382384 -0.353387 -0.853757
vn 0.382384 -0.353386 -0.853757
vn 0.382384 -0.353387 -0.853756
vn 0.923859 -0.353618 -0.146419
vn 0.923859 -0.353618 -0.146419
vn 0.923859 -0.353618 -0.146419
vn 0.923735 -0.353833 -0.146684
vn 0.923735 -0.353833 -0.146684
vn 0.923735 -0.353833 -0.146684
vn 0.382302 -0.853595 -0.353865
vn 0.382302 -0.853595 -0.353865
vn 0.382302 -0.853595 -0.353865
vn 0.383125 -0.853419 -0.353399
vn 0.383125 -0.853419 -0.353399
vn 0.383125 -0.853419 -0.353399
vn -0.923686 -0.354043 -0.146483
vn -0.923686 -0.354043 -0.146483
vn -0.923686 -0.354043 -0.146483
vn -0.923797 -0.353746 -0.146502
vn -0.923797 -0.353746 -0.146502
vn -0.923797 -0.353746 -0.146502
vn -0.383241 -0.853360 -0.353415
vn -0.383241 -0.853361 -0.353415
vn -0.383241 -0.853360 -0.353415
vn -0.383153 -0.853409 -0.353395
vn -0.383153 -0.853409 -0.353395
vn -0.383153 -0.853409 -0.353395
vn -0.923809 -0.146461 -0.353732
vn -0.923809 -0.146461 -0.353732
vn -0.923809 -0.146461 -0.353732
vn -0.923783 -0.146516 -0.353777
vn -0.923783 -0.146516 -0.353777
vn -0.923783 -0.146516 -0.353777
vn -0.382645 -0.353511 -0.853588
vn -0.382645 -0.353511 -0.853588
vn -0.382645 -0.353511 -0.853588
vn -0.382796 -0.353426 -0.853556
vn -0.382796 -0.353426 -0.853556
vn -0.382796 -0.353426 -0.853556
vn -0.923797 -0.353752 0.146489
vn -0.923797 -0.353752 0.146489
vn -0.923797 -0.353752 0.146489
vn -0.923692 -0.353932 0.146712
vn -0.923692 -0.353932 0.146712
vn -0.923692 -0.353932 0.146712
vn -0.382667 -0.853467 0.353779
vn -0.382667 -0.853467 0.353779
vn -0.382667 -0.853467 0.353779
vn -0.382785 -0.853442 0.353712
vn -0.382785 -0.853442 0.353712
vn -0.382785 -0.853442 0.353712
vn -0.923667 -0.146604 0.354042
vn -0.923667 -0.146604 0.354042
vn -0.923667 -0.146604 0.354042
vn -0.923670 -0.146604 0.354034
vn -0.923670 -0.146604 0.354034
vn -0.923670 -0.146604 0.354034
vn -0.383155 -0.353394 0.853408
vn -0.383155 -0.353394 0.853408
vn -0.383155 -0.353394 0.853408
vn -0.383167 -0.353397 0.853401
vn -0.383167 -0.353397 0.853401
vn -0.383167 -0.353397 0.853401
vn -0.923651 0.354081 0.146611
vn -0.923651 0.354081 0.146611
vn -0.923651 0.354081 0.146611
vn -0.923673 0.354023 0.146615
vn -0.923673 0.354023 0.146615
vn -0.923673 0.354023 0.146615
vn -0.383519 0.853256 0.353366
vn -0.383519 0.853256 0.353366
vn -0.383519 0.853256 0.353366
vn -0.383406 0.853317 0.353340
vn -0.383406 0.853317 0.353340
vn -0.383406 0.853317 0.353340
vn -0.923666 0.146668 0.354019
vn -0.923666 0.146668 0.354019
vn -0.923666 0.146668 0.354019
vn -0.923669 0.146661 0.354014
vn -0.923669 0.146661 0.354014
vn -0.923669 0.146661 0.354014
vn -0.383157 0.353527 0.853351
vn -0.383157 0.353527 0.853351
vn -0.383157 0.353527 0.853352
vn -0.383475 0.353348 0.853283
vn -0.383475 0.353348 0.853283
vn -0.383475 0.353348 0.853283
vn -0.923859 0.353618 -0.146419
vn -0.923859 0.353618 -0.146419
vn -0.923859 0.353618 -0.146419
vn -0.923735 0.353833 -0.146684
vn -0.923735 0.353833 -0.146684
vn -0.923735 0.353833 -0.146684
vn -0.382302 0.853595 -0.353865
vn -0.382302 0.853595 -0.353865
vn -0.382302 0.853595 -0.353865
vn -0.383125 0.853419 -0.353399
vn -0.383125 0.853419 -0.353399
vn -0.383125 0.853419 -0.353399
vn -0.923783 0.146490 -0.353788
vn -0.923783 0.146490 -0.353788
vn -0.923783 0.146490 -0.353788
vn -0.923799 0.146493 -0.353744
vn -0.923799 0.146493 -0.353744
vn -0.923799 0.146493 -0.353744
vn -0.382757 0.353474 -0.853553
vn -0.382757 0.353474 -0.853553
vn -0.382757 0.353474 -0.853553
vn -0.382384 0.353387 -0.853757
vn -0.382384 0.353386 -0.853757
vn -0.382384 0.353387 -0.853756
vn 0.923669 0.146665 0.354012
vn 0.923669 0.146665 0.354012
vn 0.923669 0.146665 0.354012
vn 0.923666 0.146664 0.354020
vn 0.923666 0.146664 0.354020
vn 0.923666 0.146664 0.354020
vn 0.383495 0.353474 0.853222
vn 0.383495 0.353474 0.853222
vn 0.383495 0.353474 0.853222
vn 0.383167 0.353397 0.853401
vn 0.383167 0.353397 0.853401
vn 0.383167 0.353397 0.853401
vn 0.923675 0.354029 0.146589
vn 0.923675 0.354029 0.146589
vn 0.923675 0.354029 0.146589
vn 0.923655 0.354063 0.146631
vn 0.923655 0.354063 0.146631
vn 0.923655 0.354063 0.146631
vn 0.383403 0.853300 0.353385
vn 0.383403 0.853300 0.353385
vn 0.383403 0.853300 0.353385
vn 0.383512 0.853277 0.353323
vn 0.383512 0.853277 0.353323
vn 0.383512 0.853277 0.353323
vn 0.923671 -0.146601 0.354035
vn 0.923671 -0.146601 0.354035
vn 0.923671 -0.146601 0.354035
vn 0.923668 -0.146607 0.354040
vn 0.923668 -0.146607 0.354040
vn 0.923668 -0.146607 0.354040
vn 0.383168 -0.353392 0.853403
vn 0.383168 -0.353392 0.853403
vn 0.383168 -0.353392 0.853403
vn 0.383156 -0.353399 0.853405
vn 0.383156 -0.353399 0.853406
vn 0.383156 -0.353399 0.853406
vn 0.923672 -0.354029 0.146604
vn 0.923672 -0.354029 0.146604
vn 0.923672 -0.354029 0.146604
vn 0.923787 -0.353721 0.146624
vn 0.923787 -0.353721 0.146624
vn 0.923787 -0.353721 0.146624
vn 0.382793 -0.853419 0.353759
vn 0.382793 -0.853419 0.353759
vn 0.382793 -0.853419 0.353759
vn 0.382671 -0.853486 0.353730
vn 0.382671 -0.853486 0.353730
vn 0.382671 -0.853486 0.353730
vn 0.923806 -0.353776 -0.146372
vn 0.923806 -0.353776 -0.146372
vn 0.923806 -0.353776 -0.146372
vn 0.923705 -0.353950 -0.146587
vn 0.923705 -0.353950 -0.146587
vn 0.923705 -0.353950 -0.146587
vn 0.383150 -0.853395 -0.353430
vn 0.383150 -0.853395 -0.353430
vn 0.383150 -0.853395 -0.353430
vn 0.383235 -0.853377 -0.353382
vn 0.383235 -0.853377 -0.353382
vn 0.383235 -0.853377 -0.353382
vn 0.923778 -0.146489 -0.353801
vn 0.923778 -0.146489 -0.353801
vn 0.923778 -0.146489 -0.353801
vn 0.923806 -0.146494 -0.353725
vn 0.923806 -0.146494 -0.353725
vn 0.923806 -0.146494 -0.353725
vn 0.382806 -0.353486 -0.853526
vn 0.382806 -0.353486 -0.853527
vn 0.382806 -0.353486 -0.853526
vn 0.382650 -0.353449 -0.853612
vn 0.382650 -0.353449 -0.853612
vn 0.382650 -0.353449 -0.853612
vn 0.923711 0.353949 -0.146556
vn 0.923711 0.353949 -0.146556
vn 0.923711 0.353949 -0.146556
vn 0.923848 0.353582 -0.146580
vn 0.923848 0.353582 -0.146580
vn 0.923848 0.353582 -0.146580
vn 0.383178 0.853260 -0.353726
vn 0.383178 0.853260 -0.353726
vn 0.383178 0.853260 -0.353726
vn 0.382327 0.853724 -0.353525
vn 0.382327 0.853724 -0.353525
vn 0.382327 0.853725 -0.353525
vn 0.923800 0.146474 -0.353749
vn 0.923800 0.146474 -0.353749
vn 0.923801 0.146474 -0.353749
vn 0.923786 0.146505 -0.353774
vn 0.923786 0.146505 -0.353774
vn 0.923786 0.146505 -0.353774
vn 0.382373 0.353535 -0.853700
vn 0.382373 0.353535 -0.853700
vn 0.382373 0.353535 -0.853700
vn 0.382734 0.353331 -0.853623
vn 0.382734 0.353331 -0.853623
vn 0.382734 0.353331 -0.853623
vn -0.923804 0.000000 -0.382865
vn -0.923804 0.000000 -0.382865
vn -0.923804 0.000000 -0.382865
vn -0.923804 0.000000 -0.382865
vn -0.923804 0.000000 -0.382865
vn -0.923804 0.000000 -0.382865
vn -0.382409 0.000000 -0.923993
vn -0.382409 0.000000 -0.923993
vn -0.382409 0.000000 -0.923993
vn -0.382409 0.000000 -0.923993
vn -0.382409 0.000000 -0.923993
vn -0.382409 0.000000 -0.923993
vn -0.494612 0.000000 -0.869114
vn -0.494612 0.000000 -0.869114
vn -0.494612 0.000000 -0.869114
vn -0.499294 0.000081 -0.866432
vn -0.499294 0.000081 -0.866432
vn -0.499294 0.000081 -0.866432
vn -0.973799 0.000021 -0.227412
vn -0.973799 0.000021 -0.227412
vn -0.973799 0.000021 -0.227412
vn -0.972833 0.000099 -0.231508
vn -0.972833 0.000099 -0.231508
vn -0.972833 0.000099 -0.231508
vn -0.923814 -0.382842 -0.000063
vn -0.923814 -0.382842 -0.000063
vn -0.923814 -0.382842 -0.000063
vn -0.923663 -0.383206 -0.000049
vn -0.923663 -0.383206 -0.000049
vn -0.923663 -0.383206 -0.000049
vn -0.382372 -0.924008 -0.000118
vn -0.382372 -0.924008 -0.000118
vn -0.382372 -0.924008 -0.000118
vn -0.383187 -0.923671 -0.000148
vn -0.383187 -0.923671 -0.000148
vn -0.383187 -0.923671 -0.000148
vn -0.387316 -0.913741 0.122735
vn -0.387316 -0.913741 0.122735
vn -0.387316 -0.913741 0.122735
vn -0.391846 -0.911757 0.123106
vn -0.391846 -0.911757 0.123106
vn -0.391846 -0.911757 0.123106
vn -0.908276 -0.396612 0.133169
vn -0.908276 -0.396612 0.133169
vn -0.908276 -0.396612 0.133169
vn -0.929088 -0.345663 0.131576
vn -0.929088 -0.345663 0.131576
vn -0.929088 -0.345663 0.131576
vn -0.923669 0.000000 0.383192
vn -0.923669 0.000000 0.383192
vn -0.923669 0.000000 0.383192
vn -0.923669 0.000000 0.383192
vn -0.923669 0.000000 0.383192
vn -0.923669 0.000000 0.383192
vn -0.383243 0.000000 0.923648
vn -0.383243 0.000000 0.923648
vn -0.383243 0.000000 0.923648
vn -0.383243 0.000000 0.923648
vn -0.383243 0.000000 0.923648
vn -0.383243 0.000000 0.923648
vn -0.444159 0.000000 0.895948
vn -0.444159 0.000000 0.895948
vn -0.444159 0.000000 0.895948
vn -0.447857 -0.000066 0.894105
vn -0.447857 -0.000066 0.894105
vn -0.447857 -0.000066 0.894105
vn -0.924835 -0.000018 0.380368
vn -0.924835 -0.000018 0.380368
vn -0.924835 -0.000018 0.380368
vn -0.923626 -0.000077 0.383295
vn -0.923626 -0.000077 0.383295
vn -0.923626 -0.000077 0.383295
vn -0.353559 0.934337 -0.044846
vn -0.353559 0.934337 -0.044846
vn -0.353559 0.934337 -0.044846
vn -0.372208 0.927200 -0.041969
vn -0.372208 0.927200 -0.041969
vn -0.372208 0.927200 -0.041969
vn -0.895506 0.441312 0.057557
vn -0.895506 0.441312 0.057557
vn -0.895506 0.441312 0.057557
vn -0.925461 0.372742 0.067710
vn -0.925461 0.372742 0.067710
vn -0.925461 0.372742 0.067710
vn -0.923803 0.382869 0.000050
vn -0.923803 0.382869 0.000050
vn -0.923803 0.382869 0.000050
vn -0.923796 0.382886 0.000050
vn -0.923796 0.382886 0.000050
vn -0.923796 0.382886 0.000050
vn -0.382432 0.923984 0.000120
vn -0.382432 0.923984 0.000120
vn -0.382432 0.923984 0.000120
vn -0.383247 0.923646 0.000151
vn -0.383247 0.923646 0.000151
vn -0.383247 0.923646 0.000151
vn 0.923804 0.000000 -0.382865
vn 0.923804 0.000000 -0.382865
vn 0.923804 0.000000 -0.382865
vn 0.923804 0.000000 -0.382865
vn 0.923804 0.000000 -0.382865
vn 0.923804 0.000000 -0.382865
vn 0.382409 0.000000 -0.923993
vn 0.382409 0.000000 -0.923993
vn 0.382409 0.000000 -0.923993
vn 0.382409 0.000000 -0.923993
vn 0.382409 0.000000 -0.923993
vn 0.382409 0.000000 -0.923993
vn 0.391855 -0.911762 0.123048
vn 0.391855 -0.911762 0.123048
vn 0.391855 -0.911762 0.123048
vn 0.387322 -0.913731 0.122793
vn 0.387322 -0.913731 0.122793
vn 0.387322 -0.913731 0.122793
vn 0.929231 -0.345536 0.130903
vn 0.929231 -0.345536 0.130903
vn 0.929231 -0.345536 0.130903
vn 0.908299 -0.396347 0.133801
vn 0.908299 -0.396347 0.133801
vn 0.908299 -0.396347 0.133801
vn 0.499315 0.000000 -0.866420
vn 0.499315 0.000000 -0.866420
vn 0.499315 0.000000 -0.866420
vn 0.494628 0.000082 -0.869105
vn 0.494628 0.000082 -0.869105
vn 0.494628 0.000082 -0.869105
vn 0.972825 0.000022 -0.231540
vn 0.972825 0.000022 -0.231540
vn 0.972825 0.000022 -0.231540
vn 0.973788 0.000098 -0.227455
vn 0.973788 0.000098 -0.227455
vn 0.973789 0.000098 -0.227455
vn 0.923662 -0.383209 -0.000063
vn 0.923662 -0.383209 -0.000063
vn 0.923662 -0.383209 -0.000063
vn 0.923813 -0.382844 -0.000049
vn 0.923813 -0.382844 -0.000049
vn 0.923813 -0.382844 -0.000049
vn 0.383190 -0.923670 -0.000118
vn 0.383190 -0.923670 -0.000118
vn 0.383190 -0.923670 -0.000118
vn 0.382375 -0.924007 -0.000149
vn 0.382375 -0.924007 -0.000149
vn 0.382375 -0.924007 -0.000149
vn 0.923669 0.000000 0.383192
vn 0.923669 0.000000 0.383192
vn 0.923669 0.000000 0.383192
vn 0.923669 0.000000 0.383192
vn 0.923669 0.000000 0.383192
vn 0.923669 0.000000 0.383192
vn 0.383243 0.000000 0.923648
vn 0.383243 0.000000 0.923648
vn 0.383243 0.000000 0.923648
vn 0.383243 0.000000 0.923648
vn 0.383243 0.000000 0.923648
vn 0.383243 0.000000 0.923648
vn 0.447871 0.000000 0.894098
vn 0.447871 0.000000 0.894098
vn 0.447871 0.000000 0.894098
vn 0.444171 -0.000066 0.895942
vn 0.444171 -0.000066 0.895942
vn 0.444171 -0.000066 0.895942
vn 0.923617 -0.000018 0.383317
vn 0.923617 -0.000018 0.383317
vn 0.923617 -0.000018 0.383317
vn 0.924824 -0.000076 0.380394
vn 0.924824 -0.000076 0.380394
vn 0.924824 -0.000076 0.380394
vn 0.923796 0.382886 0.000050
vn 0.923796 0.382886 0.000050
vn 0.923796 0.382886 0.000050
vn 0.923803 0.382869 0.000050
vn 0.923803 0.382869 0.000050
vn 0.923803 0.382869 0.000050
vn 0.383249 0.923645 0.000120
vn 0.383249 0.923645 0.000120
vn 0.383249 0.923645 0.000120
vn 0.382434 0.923983 0.000151
vn 0.382434 0.923983 0.000151
vn 0.382434 0.923983 0.000151
vn 0.372239 0.927177 -0.042201
vn 0.372239 0.927177 -0.042201
vn 0.372239 0.927177 -0.042201
vn 0.353579 0.934340 -0.044612
vn 0.353579 0.934340 -0.044612
vn 0.353579 0.934340 -0.044612
vn 0.925634 0.372459 0.066908
vn 0.925634 0.372459 0.066908
vn 0.925634 0.372459 0.066908
vn 0.895532 0.441145 0.058416
vn 0.895532 0.441145 0.058416
vn 0.895532 0.441145 0.058416
vn -0.923804 0.000000 -0.382865
vn -0.923804 0.000000 -0.382865
vn -0.923804 0.000000 -0.382865
vn -0.923804 0.000000 -0.382865
vn -0.923804 0.000000 -0.382865
vn -0.923804 0.000000 -0.382865
vn -0.382409 0.000000 -0.923993
vn -0.382409 0.000000 -0.923993
vn -0.382409 0.000000 -0.923993
vn -0.382409 0.000000 -0.923993
vn -0.382409 0.000000 -0.923993
vn -0.382409 0.000000 -0.923993
vn -0.391855 0.911762 0.123048
vn -0.391855 0.911762 0.123048
vn -0.391855 0.911762 0.123048
vn -0.387322 0.913731 0.122793
vn -0.387322 0.913731 0.122793
vn -0.387322 0.913731 0.122793
vn -0.929231 0.345536 0.130903
vn -0.929231 0.345536 0.130903
vn -0.929231 0.345536 0.130903
vn -0.908299 0.396347 0.133801
vn -0.908299 0.396347 0.133801
vn -0.908299 0.396347 0.133801
vn -0.499315 0.000000 -0.866420
vn -0.499315 0.000000 -0.866420
vn -0.499315 0.000000 -0.866420
vn -0.494628 -0.000082 -0.869105
vn -0.494628 -0.000082 -0.869105
vn -0.494628 -0.000082 -0.869105
vn -0.972825 -0.000022 -0.231540
vn -0.972825 -0.000022 -0.231540
vn -0.972825 -0.000022 -0.231540
vn -0.973788 -0.000098 -0.227455
vn -0.973788 -0.000098 -0.227455
vn -0.973789 -0.000098 -0.227455
vn -0.923662 0.383209 -0.000063
vn -0.923662 0.383209 -0.000063
vn -0.923662 0.383209 -0.000063
vn -0.923813 0.382844 -0.000049
vn -0.923813 0.382844 -0.000049
vn -0.923813 0.382844 -0.000049
vn -0.383190 0.923670 -0.000118
vn -0.383190 0.923670 -0.000118
vn -0.383190 0.923670 -0.000118
vn -0.382375 0.924007 -0.000149
vn -0.382375 0.924007 -0.000149
vn -0.382375 0.924007 -0.000149
vn -0.923669 0.000000 0.383192
vn -0.923669 0.000000 0.383192
vn -0.923669 0.000000 0.383192
vn -0.923669 0.000000 0.383192
vn -0.923669 0.000000 0.383192
vn -0.923669 0.000000 0.383192
vn -0.383243 0.000000 0.923648
vn -0.383243 0.000000 0.923648
vn -0.383243 0.000000 0.923648
vn -0.383243 0.000000 0.923648
vn -0.383243 0.000000 0.923648
vn -0.383243 0.000000 0.923648
vn -0.447871 0.000000 0.894098
vn -0.447871 0.000000 0.894098
vn -0.447871 0.000000 0.894098
vn -0.444171 0.000066 0.895942
vn -0.444171 0.000066 0.895942
vn -0.444171 0.000066 0.895942
vn -0.923617 0.000018 0.383317
vn -0.923617 0.000018 0.383317
vn -0.923617 0.000018 0.383317
vn -0.924824 0.000076 0.380394
vn -0.924824 0.000076 0.380394
vn -0.924824 0.000076 0.380394
vn -0.372239 -0.927177 -0.042201
vn -0.372239 -0.927177 -0.042201
vn -0.372239 -0.927177 -0.042201
vn -0.353579 -0.934340 -0.044612
vn -0.353579 -0.934340 -0.044612
vn -0.353579 -0.934340 -0.044612
vn -0.925634 -0.372459 0.066908
vn -0.925634 -0.372459 0.066908
vn -0.925634 -0.372459 0.066908
vn -0.895532 -0.441145 0.058416
vn -0.895532 -0.441145 0.058416
vn -0.895532 -0.441145 0.058416
vn -0.923796 -0.382886 0.000050
vn -0.923796 -0.382886 0.000050
vn -0.923796 -0.382886 0.000050
vn -0.923803 -0.382869 0.000050
vn -0.923803 -0.382869 0.000050
vn -0.923803 -0.382869 0.000050
vn -0.383249 -0.923645 0.000120
vn -0.383249 -0.923645 0.000120
vn -0.383249 -0.923645 0.000120
vn -0.382434 -0.923983 0.000151
vn -0.382434 -0.923983 0.000151
vn -0.382434 -0.923983 0.000151
vn 0.923804 0.000000 -0.382865
vn 0.923804 0.000000 -0.382865
vn 0.923804 0.000000 -0.382865
vn 0.923804 0.000000 -0.382865
vn 0.923804 0.000000 -0.382865
vn 0.923804 0.000000 -0.382865
vn 0.382409 0.000000 -0.923993
vn 0.382409 0.000000 -0.923993
vn 0.382409 0.000000 -0.923993
vn 0.382409 0.000000 -0.923993
vn 0.382409 0.000000 -0.923993
vn 0.382409 0.000000 -0.923993
vn 0.494612 0.000000 -0.869114
vn 0.494612 0.000000 -0.869114
vn 0.494612 0.000000 -0.869114
vn 0.499294 -0.000081 -0.866432
vn 0.499294 -0.000081 -0.866432
vn 0.499294 -0.000081 -0.866432
vn 0.973799 -0.000021 -0.227412
vn 0.973799 -0.000021 -0.227412
vn 0.973799 -0.000021 -0.227412
vn 0.972833 -0.000099 -0.231508
vn 0.972833 -0.000099 -0.231508
vn 0.972833 -0.000099 -0.231508
vn 0.923814 0.382842 -0.000063
vn 0.923814 0.382842 -0.000063
vn 0.923814 0.382842 -0.000063
vn 0.923663 0.383206 -0.000049
vn 0.923663 0.383206 -0.000049
vn 0.923663 0.383206 -0.000049
vn 0.382372 0.924008 -0.000118
vn 0.382372 0.924008 -0.000118
vn 0.382372 0.924008 -0.000118
vn 0.383187 0.923671 -0.000148
vn 0.383187 0.923671 -0.000148
vn 0.383187 0.923671 -0.000148
vn 0.387316 0.913741 0.122735
vn 0.387316 0.913741 0.122735
vn 0.387316 0.913741 0.122735
vn 0.391846 0.911757 0.123106
vn 0.391846 0.911757 0.123106
vn 0.391846 0.911757 0.123106
vn 0.908276 0.396612 0.133169
vn 0.908276 0.396612 0.133169
vn 0.908276 0.396612 0.133169
vn 0.929088 0.345663 0.131576
vn 0.929088 0.345663 0.131576
vn 0.929088 0.345663 0.131576
vn 0.923669 0.000000 0.383192
vn 0.923669 0.000000 0.383192
vn 0.923669 0.000000 0.383192
vn 0.923669 0.000000 0.383192
vn 0.923669 0.000000 0.383192
vn 0.923669 0.000000 0.383192
vn 0.383243 0.000000 0.923648
vn 0.383243 0.000000 0.923648
vn 0.383243 0.000000 0.923648
vn 0.383243 0.000000 0.923648
vn 0.383243 0.000000 0.923648
vn 0.383243 0.000000 0.923648
vn 0.444159 0.000000 0.895948
vn 0.444159 0.000000 0.895948
vn 0.444159 0.000000 0.895948
vn 0.447857 0.000066 0.894105
vn 0.447857 0.000066 0.894105
vn 0.447857 0.000066 0.894105
vn 0.924835 0.000018 0.380368
vn 0.924835 0.000018 0.380368
vn 0.924835 0.000018 0.380368
vn 0.923626 0.000077 0.383295
vn 0.923626 0.000077 0.383295
vn 0.923626 0.000077 0.383295
vn 0.923803 -0.382869 0.000050
vn 0.923803 -0.382869 0.000050
vn 0.923803 -0.382869 0.000050
vn 0.923796 -0.382886 0.000050
vn 0.923796 -0.382886 0.000050
vn 0.923796 -0.382886 0.000050
vn 0.382432 -0.923984 0.000120
vn 0.382432 -0.923984 0.000120
vn 0.382432 -0.923984 0.000120
vn 0.383247 -0.923646 0.000151
vn 0.383247 -0.923646 0.000151
vn 0.383247 -0.923646 0.000151
vn 0.353559 -0.934337 -0.044846
vn 0.353559 -0.934337 -0.044846
vn 0.353559 -0.934337 -0.044846
vn 0.372208 -0.927200 -0.041969
vn 0.372208 -0.927200 -0.041969
vn 0.372208 -0.927200 -0.041969
vn 0.895506 -0.441312 0.057557
vn 0.895506 -0.441312 0.057557
vn 0.895506 -0.441312 0.057557
vn 0.925461 -0.372742 0.067710
vn 0.925461 -0.372742 0.067710
vn 0.925461 -0.372742 0.067710
vn -0.995303 0.053847 0.080453
vn -0.995303 0.053847 0.080453
vn -0.995303 0.053847 0.080453
vn -0.281896 -0.367133 -0.886425
vn -0.281896 -0.367133 -0.886424
vn -0.281896 -0.367133 -0.886424
vn -0.367146 -0.281882 -0.886424
vn -0.367146 -0.281882 -0.886424
vn -0.367146 -0.281882 -0.886424
vn -0.367129 -0.886418 -0.281920
vn -0.367129 -0.886418 -0.281920
vn -0.367129 -0.886418 -0.281920
vn -0.281919 -0.886418 -0.367130
vn -0.281919 -0.886418 -0.367130
vn -0.281919 -0.886418 -0.367130
vn -0.886423 -0.281881 -0.367149
vn -0.886423 -0.281881 -0.367149
vn -0.886422 -0.281881 -0.367149
vn -0.886424 -0.367135 -0.281896
vn -0.886424 -0.367135 -0.281896
vn -0.886424 -0.367135 -0.281896
vn -0.281922 -0.886418 0.367128
vn -0.281922 -0.886418 0.367128
vn -0.281922 -0.886418 0.367128
vn -0.367129 -0.886418 0.281920
vn -0.367129 -0.886418 0.281920
vn -0.367129 -0.886418 0.281920
vn -0.367145 -0.281890 0.886421
vn -0.367145 -0.281890 0.886421
vn -0.367145 -0.281890 0.886421
vn -0.281904 -0.367132 0.886422
vn -0.281904 -0.367132 0.886422
vn -0.281904 -0.367132 0.886422
vn -0.886424 -0.367135 0.281896
vn -0.886424 -0.367135 0.281896
vn -0.886424 -0.367135 0.281896
vn -0.886423 -0.281884 0.367146
vn -0.886423 -0.281884 0.367146
vn -0.886423 -0.281884 0.367146
vn -0.367146 0.281882 -0.886424
vn -0.367146 0.281882 -0.886424
vn -0.367146 0.281882 -0.886424
vn -0.281896 0.367133 -0.886424
vn -0.281896 0.367133 -0.886424
vn -0.281896 0.367133 -0.886425
vn -0.886424 0.367135 -0.281896
vn -0.886424 0.367135 -0.281896
vn -0.886424 0.367135 -0.281896
vn -0.886422 0.281881 -0.367149
vn -0.886423 0.281881 -0.367149
vn -0.886423 0.281881 -0.367149
vn -0.281919 0.886418 -0.367130
vn -0.281919 0.886418 -0.367130
vn -0.281919 0.886418 -0.367130
vn -0.367129 0.886418 -0.281920
vn -0.367129 0.886418 -0.281920
vn -0.367129 0.886418 -0.281920
vn -0.281904 0.367132 0.886422
vn -0.281904 0.367132 0.886422
vn -0.281904 0.367132 0.886422
vn -0.367145 0.281890 0.886421
vn -0.367145 0.281890 0.886421
vn -0.367145 0.281890 0.886421
vn -0.367129 0.886418 0.281920
vn -0.367129 0.886418 0.281920
vn -0.367129 0.886418 0.281920
vn -0.281922 0.886418 0.367128
vn -0.281922 0.886418 0.367128
vn -0.281922 0.886418 0.367128
vn -0.886423 0.281884 0.367146
vn -0.886423 0.281884 0.367146
vn -0.886423 0.281884 0.367146
vn -0.886424 0.367135 0.281896
vn -0.886424 0.367135 0.281896
vn -0.886424 0.367135 0.281896
vn 0.367146 -0.281882 -0.886424
vn 0.367146 -0.281882 -0.886424
vn 0.367146 -0.281882 -0.886424
vn 0.281896 -0.367133 -0.886424
vn 0.281896 -0.367133 -0.886424
vn 0.281896 -0.367133 -0.886425
vn 0.886424 -0.367135 -0.281896
vn 0.886424 -0.367135 -0.281896
vn 0.886424 -0.367135 -0.281896
vn 0.886422 -0.281881 -0.367149
vn 0.886423 -0.281881 -0.367149
vn 0.886423 -0.281881 -0.367149
vn 0.281919 -0.886418 -0.367130
vn 0.281919 -0.886418 -0.367130
vn 0.281919 -0.886418 -0.367130
vn 0.367129 -0.886418 -0.281920
vn 0.367129 -0.886418 -0.281920
vn 0.367129 -0.886418 -0.281920
vn 0.281904 -0.367132 0.886422
vn 0.281904 -0.367132 0.886422
vn 0.281904 -0.367132 0.886422
vn 0.367145 -0.281890 0.886421
vn 0.367145 -0.281890 0.886421
vn 0.367145 -0.281890 0.886421
vn 0.367129 -0.886418 0.281920
vn 0.367129 -0.886418 0.281920
vn 0.367129 -0.886418 0.281920
vn 0.281922 -0.886418 0.367128
vn 0.281922 -0.886418 0.367128
vn 0.281922 -0.886418 0.367128
vn 0.886423 -0.281884 0.367146
vn 0.886423 -0.281884 0.367146
vn 0.886423 -0.281884 0.367146
vn 0.886424 -0.367135 0.281896
vn 0.886424 -0.367135 0.281896
vn 0.886424 -0.367135 0.281896
vn 0.281896 0.367133 -0.886425
vn 0.281896 0.367133 -0.886424
vn 0.281896 0.367133 -0.886424
vn 0.367146 0.281882 -0.886424
vn 0.367146 0.281882 -0.886424
vn 0.367146 0.281882 -0.886424
vn 0.367129 0.886418 -0.281920
vn 0.367129 0.886418 -0.281920
vn 0.367129 0.886418 -0.281920
vn 0.281919 0.886418 -0.367130
vn 0.281919 0.886418 -0.367130
vn 0.281919 0.886418 -0.367130
vn 0.886423 0.281881 -0.367149
vn 0.886423 0.281881 -0.367149
vn 0.886422 0.281881 -0.367149
vn 0.886424 0.367135 -0.281896
vn 0.886424 0.367135 -0.281896
vn 0.886424 0.367135 -0.281896
vn 0.367145 0.281890 0.886421
vn 0.367145 0.281890 0.886421
vn 0.367145 0.281890 0.886421
vn 0.281904 0.367132 0.886422
vn 0.281904 0.367132 0.886422
vn 0.281904 0.367132 0.886422
vn 0.886424 0.367135 0.281896
vn 0.886424 0.367135 0.281896
vn 0.886424 0.367135 0.281896
vn 0.886423 0.281884 0.367146
vn 0.886423 0.281884 0.367146
vn 0.886423 0.281884 0.367146
vn 0.281922 0.886418 0.367128
vn 0.281922 0.886418 0.367128
vn 0.281922 0.886418 0.367128
vn 0.367129 0.886418 0.281920
vn 0.367129 0.886418 0.281920
vn 0.367129 0.886418 0.281920
vn -0.382663 0.000000 -0.923888
vn -0.382663 0.000000 -0.923888
vn -0.382663 0.000000 -0.923888
vn -0.382663 0.000000 -0.923888
vn -0.382663 0.000000 -0.923888
vn -0.382663 0.000000 -0.923888
vn -0.923887 0.000000 -0.382666
vn -0.923887 0.000000 -0.382666
vn -0.923887 0.000000 -0.382666
vn -0.923887 0.000000 -0.382666
vn -0.923887 0.000000 -0.382666
vn -0.923887 0.000000 -0.382666
vn -0.382650 -0.923893 0.000000
vn -0.382650 -0.923893 0.000000
vn -0.382650 -0.923893 0.000000
vn -0.382650 -0.923893 0.000000
vn -0.382650 -0.923893 0.000000
vn -0.382650 -0.923893 0.000000
vn -0.923892 -0.382653 0.000000
vn -0.923892 -0.382653 0.000000
vn -0.923892 -0.382653 0.000000
vn -0.923892 -0.382653 0.000000
vn -0.923892 -0.382653 0.000000
vn -0.923892 -0.382653 0.000000
vn -0.382663 0.000000 0.923888
vn -0.382663 0.000000 0.923888
vn -0.382663 0.000000 0.923888
vn -0.382663 0.000000 0.923888
vn -0.382663 0.000000 0.923888
vn -0.382663 0.000000 0.923888
vn -0.923888 0.000000 0.382664
vn -0.923888 0.000000 0.382664
vn -0.923888 0.000000 0.382664
vn -0.923888 0.000000 0.382664
vn -0.923888 0.000000 0.382664
vn -0.923888 0.000000 0.382664
vn -0.382650 0.923893 0.000000
vn -0.382650 0.923893 0.000000
vn -0.382650 0.923893 0.000000
vn -0.382650 0.923893 0.000000
vn -0.382650 0.923893 0.000000
vn -0.382650 0.923893 0.000000
vn -0.923892 0.382653 0.000000
vn -0.923892 0.382653 0.000000
vn -0.923892 0.382653 0.000000
vn -0.923892 0.382653 0.000000
vn -0.923892 0.382653 0.000000
vn -0.923892 0.382653 0.000000
vn 0.000000 0.382651 -0.923893
vn 0.000000 0.382651 -0.923893
vn 0.000000 0.382651 -0.923893
vn 0.000000 0.382651 -0.923893
vn 0.000000 0.382651 -0.923893
vn 0.000000 0.382651 -0.923893
vn 0.000000 0.923893 -0.382651
vn 0.000000 0.923893 -0.382651
vn 0.000000 0.923893 -0.382651
vn 0.000000 0.923893 -0.382651
vn 0.000000 0.923893 -0.382651
vn 0.000000 0.923893 -0.382651
vn 0.000000 0.382651 0.923893
vn 0.000000 0.382651 0.923893
vn 0.000000 0.382651 0.923893
vn 0.000000 0.382651 0.923893
vn 0.000000 0.382651 0.923893
vn 0.000000 0.382651 0.923893
vn 0.000000 0.923894 0.382649
vn 0.000000 0.923894 0.382649
vn 0.000000 0.923894 0.382649
vn 0.000000 0.923894 0.382649
vn 0.000000 0.923894 0.382649
vn 0.000000 0.923894 0.382649
vn 0.923892 0.382653 0.000000
vn 0.923892 0.382653 0.000000
vn 0.923892 0.382653 0.000000
vn 0.923892 0.382653 0.000000
vn 0.923892 0.382653 0.000000
vn 0.923892 0.382653 0.000000
vn 0.382650 0.923893 0.000000
vn 0.382650 0.923893 0.000000
vn 0.382650 0.923893 0.000000
vn 0.382650 0.923893 0.000000
vn 0.382650 0.923893 0.000000
vn 0.382650 0.923893 0.000000
vn 0.382663 0.000000 -0.923888
vn 0.382663 0.000000 -0.923888
vn 0.382663 0.000000 -0.923888
vn 0.382663 0.000000 -0.923888
vn 0.382663 0.000000 -0.923888
vn 0.382663 0.000000 -0.923888
vn 0.923887 0.000000 -0.382666
vn 0.923887 0.000000 -0.382666
vn 0.923887 0.000000 -0.382666
vn 0.923887 0.000000 -0.382666
vn 0.923887 0.000000 -0.382666
vn 0.923887 0.000000 -0.382666
vn 0.382663 0.000000 0.923888
vn 0.382663 0.000000 0.923888
vn 0.382663 0.000000 0.923888
vn 0.382663 0.000000 0.923888
vn 0.382663 0.000000 0.923888
vn 0.382663 0.000000 0.923888
vn 0.923888 0.000000 0.382664
vn 0.923888 0.000000 0.382664
vn 0.923888 0.000000 0.382664
vn 0.923888 0.000000 0.382664
vn 0.923888 0.000000 0.382664
vn 0.923888 0.000000 0.382664
vn 0.382650 -0.923893 0.000000
vn 0.382650 -0.923893 0.000000
vn 0.382650 -0.923893 0.000000
vn 0.382650 -0.923893 0.000000
vn 0.382650 -0.923893 0.000000
vn 0.382650 -0.923893 0.000000
vn 0.923892 -0.382653 0.000000
vn 0.923892 -0.382653 0.000000
vn 0.923892 -0.382653 0.000000
vn 0.923892 -0.382653 0.000000
vn 0.923892 -0.382653 0.000000
vn 0.923892 -0.382653 0.000000
vn 0.000000 -0.382651 -0.923893
vn 0.000000 -0.382651 -0.923893
vn 0.000000 -0.382651 -0.923893
vn 0.000000 -0.382651 -0.923893
vn 0.000000 -0.382651 -0.923893
vn 0.000000 -0.382651 -0.923893
vn 0.000000 -0.923893 -0.382651
vn 0.000000 -0.923893 -0.382651
vn 0.000000 -0.923893 -0.382651
vn 0.000000 -0.923893 -0.382651
vn 0.000000 -0.923893 -0.382651
vn 0.000000 -0.923893 -0.382651
vn 0.000000 -0.382651 0.923893
vn 0.000000 -0.382651 0.923893
vn 0.000000 -0.382651 0.923893
vn 0.000000 -0.382651 0.923893
vn 0.000000 -0.382651 0.923893
vn 0.000000 -0.382651 0.923893
vn 0.000000 -0.923894 0.382649
vn 0.000000 -0.923894 0.382649
vn 0.000000 -0.923894 0.382649
vn 0.000000 -0.923894 0.382649
vn 0.000000 -0.923894 0.382649
vn 0.000000 -0.923894 0.382649
vn 0.000000 0.000000 -1.000000
vn 0.000000 0.000000 -1.000000
vn 0.000000 0.000000 -1.000000
vn 0.000000 0.000000 -1.000000
vn 0.000000 0.000000 -1.000000
vn 0.000000 0.000000 -1.000000
vn 0.367046 -0.281722 -0.886515
vn 0.367046 -0.281722 -0.886515
vn 0.367046 -0.281722 -0.886515
vn 0.281730 -0.367039 -0.886516
vn 0.281730 -0.367039 -0.886516
vn 0.281730 -0.367039 -0.886516
vn 0.886488 -0.367502 -0.281215
vn 0.886488 -0.367502 -0.281215
vn 0.886488 -0.367502 -0.281215
vn 0.886501 -0.281412 -0.367318
vn 0.886501 -0.281412 -0.367318
vn 0.886501 -0.281412 -0.367318
vn 0.281432 -0.886503 -0.367300
vn 0.281432 -0.886503 -0.367300
vn 0.281432 -0.886503 -0.367300
vn 0.367491 -0.886489 -0.281226
vn 0.367491 -0.886489 -0.281226
vn 0.367491 -0.886489 -0.281226
vn 0.886490 -0.281185 0.367519
vn 0.886490 -0.281185 0.367519
vn 0.886490 -0.281185 0.367519
vn 0.886491 -0.367503 0.281201
vn 0.886492 -0.367503 0.281201
vn 0.886492 -0.367503 0.281201
vn 0.281182 -0.367522 0.886490
vn 0.281182 -0.367522 0.886490
vn 0.281182 -0.367522 0.886490
vn 0.367529 -0.281174 0.886489
vn 0.367529 -0.281174 0.886490
vn 0.367529 -0.281174 0.886490
vn 0.367493 -0.886492 0.281213
vn 0.367493 -0.886492 0.281213
vn 0.367493 -0.886492 0.281213
vn 0.281204 -0.886492 0.367500
vn 0.281204 -0.886492 0.367500
vn 0.281204 -0.886492 0.367500
vn -0.281924 -0.366856 -0.886530
vn -0.281924 -0.366856 -0.886530
vn -0.281924 -0.366856 -0.886530
vn -0.367046 -0.281722 -0.886515
vn -0.367046 -0.281722 -0.886515
vn -0.367046 -0.281722 -0.886515
vn -0.367049 -0.886523 -0.281693
vn -0.367049 -0.886523 -0.281693
vn -0.367049 -0.886523 -0.281693
vn -0.281898 -0.886537 -0.366859
vn -0.281898 -0.886537 -0.366859
vn -0.281898 -0.886537 -0.366859
vn -0.886501 -0.281412 -0.367318
vn -0.886501 -0.281412 -0.367318
vn -0.886501 -0.281412 -0.367318
vn -0.886502 -0.367319 -0.281408
vn -0.886502 -0.367319 -0.281408
vn -0.886502 -0.367319 -0.281408
vn -0.367529 -0.281174 0.886490
vn -0.367529 -0.281174 0.886490
vn -0.367529 -0.281174 0.886489
vn -0.281375 -0.367339 0.886505
vn -0.281375 -0.367339 0.886504
vn -0.281375 -0.367339 0.886504
vn -0.886506 -0.367320 0.281395
vn -0.886506 -0.367320 0.281395
vn -0.886506 -0.367320 0.281395
vn -0.886490 -0.281185 0.367519
vn -0.886490 -0.281185 0.367519
vn -0.886490 -0.281185 0.367519
vn -0.281671 -0.886526 0.367059
vn -0.281671 -0.886526 0.367059
vn -0.281671 -0.886526 0.367059
vn -0.367051 -0.886527 0.281679
vn -0.367051 -0.886527 0.281679
vn -0.367051 -0.886527 0.281679
vn 0.281732 0.367052 -0.886510
vn 0.281732 0.367052 -0.886510
vn 0.281732 0.367052 -0.886510
vn 0.367045 0.281736 -0.886512
vn 0.367045 0.281736 -0.886512
vn 0.367045 0.281736 -0.886512
vn 0.367491 0.886489 -0.281226
vn 0.367491 0.886489 -0.281226
vn 0.367491 0.886489 -0.281226
vn 0.281432 0.886503 -0.367300
vn 0.281432 0.886503 -0.367300
vn 0.281432 0.886503 -0.367300
vn 0.886497 0.281426 -0.367317
vn 0.886497 0.281426 -0.367317
vn 0.886497 0.281426 -0.367317
vn 0.886482 0.367515 -0.281216
vn 0.886482 0.367515 -0.281216
vn 0.886482 0.367515 -0.281216
vn 0.367528 0.281187 0.886486
vn 0.367528 0.281187 0.886486
vn 0.367528 0.281187 0.886486
vn 0.281183 0.367535 0.886484
vn 0.281183 0.367535 0.886484
vn 0.281183 0.367535 0.886484
vn 0.886485 0.367517 0.281203
vn 0.886485 0.367517 0.281203
vn 0.886486 0.367517 0.281203
vn 0.886487 0.281199 0.367517
vn 0.886487 0.281199 0.367517
vn 0.886487 0.281199 0.367517
vn 0.281204 0.886492 0.367500
vn 0.281204 0.886492 0.367500
vn 0.281204 0.886492 0.367500
vn 0.367493 0.886492 0.281213
vn 0.367493 0.886492 0.281213
vn 0.367493 0.886492 0.281213
vn -0.367045 0.281736 -0.886512
vn -0.367045 0.281736 -0.886512
vn -0.367045 0.281736 -0.886512
vn -0.281732 0.367052 -0.886510
vn -0.281732 0.367052 -0.886510
vn -0.281732 0.367052 -0.886510
vn -0.886482 0.367515 -0.281216
vn -0.886482 0.367515 -0.281216
vn -0.886482 0.367515 -0.281216
vn -0.886497 0.281426 -0.367317
vn -0.886497 0.281426 -0.367317
vn -0.886497 0.281426 -0.367317
vn -0.281432 0.886503 -0.367300
vn -0.281432 0.886503 -0.367300
vn -0.281432 0.886503 -0.367300
vn -0.367491 0.886489 -0.281226
vn -0.367491 0.886489 -0.281226
vn -0.367491 0.886489 -0.281226
vn -0.281183 0.367535 0.886484
vn -0.281183 0.367535 0.886484
vn -0.281183 0.367535 0.886484
vn -0.367528 0.281187 0.886486
vn -0.367528 0.281187 0.886486
vn -0.367528 0.281187 0.886486
vn -0.367493 0.886492 0.281213
vn -0.367493 0.886492 0.281213
vn -0.367493 0.886492 0.281213
vn -0.281204 0.886492 0.367500
vn -0.281204 0.886492 0.367500
vn -0.281204 0.886492 0.367500
vn -0.886487 0.281199 0.367517
vn -0.886487 0.281199 0.367517
vn -0.886487 0.281199 0.367517
vn -0.886486 0.367517 0.281203
vn -0.886485 0.367517 0.281203
vn -0.886485 0.367517 0.281203
vn 0.281924 0.366856 -0.886530
vn 0.281924 0.366856 -0.886530
vn 0.281924 0.366856 -0.886530
vn 0.367046 0.281722 -0.886515
vn 0.367046 0.281722 -0.886515
vn 0.367046 0.281722 -0.886515
vn 0.367049 0.886523 -0.281693
vn 0.367049 0.886523 -0.281693
vn 0.367049 0.886523 -0.281693
vn 0.281898 0.886537 -0.366859
vn 0.281898 0.886537 -0.366859
vn 0.281898 0.886537 -0.366859
vn 0.886501 0.281412 -0.367318
vn 0.886501 0.281412 -0.367318
vn 0.886501 0.281412 -0.367318
vn 0.886502 0.367319 -0.281408
vn 0.886502 0.367319 -0.281408
vn 0.886502 0.367319 -0.281408
vn 0.886458 0.367301 0.281571
vn 0.886458 0.367301 0.281571
vn 0.886458 0.367301 0.281571
vn 0.886428 0.281416 0.367493
vn 0.886428 0.281416 0.367493
vn 0.886428 0.281416 0.367493
vn 0.281902 0.886464 0.367033
vn 0.281902 0.886464 0.367033
vn 0.281902 0.886464 0.367033
vn 0.367031 0.886479 0.281856
vn 0.367031 0.886479 0.281857
vn 0.367031 0.886479 0.281856
vn 0.367467 0.281730 0.886339
vn 0.367467 0.281730 0.886339
vn 0.367467 0.281730 0.886339
vn 0.281932 0.367276 0.886353
vn 0.281932 0.367276 0.886353
vn 0.281932 0.367276 0.886353
vn -0.367046 0.281722 -0.886515
vn -0.367046 0.281722 -0.886515
vn -0.367046 0.281722 -0.886515
vn -0.281924 0.366856 -0.886530
vn -0.281924 0.366856 -0.886530
vn -0.281924 0.366856 -0.886530
vn -0.886502 0.367319 -0.281408
vn -0.886502 0.367319 -0.281408
vn -0.886502 0.367319 -0.281408
vn -0.886501 0.281412 -0.367318
vn -0.886501 0.281412 -0.367318
vn -0.886501 0.281412 -0.367318
vn -0.281898 0.886537 -0.366859
vn -0.281898 0.886537 -0.366859
vn -0.281898 0.886537 -0.366859
vn -0.367049 0.886523 -0.281693
vn -0.367049 0.886523 -0.281693
vn -0.367049 0.886523 -0.281693
vn -0.281375 0.367339 0.886504
vn -0.281375 0.367339 0.886504
vn -0.281375 0.367339 0.886505
vn -0.367529 0.281174 0.886489
vn -0.367529 0.281174 0.886490
vn -0.367529 0.281174 0.886490
vn -0.367051 0.886527 0.281679
vn -0.367051 0.886527 0.281679
vn -0.367051 0.886527 0.281679
vn -0.281671 0.886526 0.367059
vn -0.281671 0.886526 0.367059
vn -0.281671 0.886526 0.367059
vn -0.886490 0.281185 0.367519
vn -0.886490 0.281185 0.367519
vn -0.886490 0.281185 0.367519
vn -0.886506 0.367320 0.281395
vn -0.886506 0.367320 0.281395
vn -0.886506 0.367320 0.281395
vn 0.367045 -0.281736 -0.886512
vn 0.367045 -0.281736 -0.886512
vn 0.367045 -0.281736 -0.886512
vn 0.281732 -0.367052 -0.886510
vn 0.281732 -0.367052 -0.886510
vn 0.281732 -0.367052 -0.886510
vn 0.886482 -0.367515 -0.281216
vn 0.886482 -0.367515 -0.281216
vn 0.886482 -0.367515 -0.281216
vn 0.886497 -0.281426 -0.367317
vn 0.886497 -0.281426 -0.367317
vn 0.886497 -0.281426 -0.367317
vn 0.281432 -0.886503 -0.367300
vn 0.281432 -0.886503 -0.367300
vn 0.281432 -0.886503 -0.367300
vn 0.367491 -0.886489 -0.281226
vn 0.367491 -0.886489 -0.281226
vn 0.367491 -0.886489 -0.281226
vn 0.281183 -0.367535 0.886484
vn 0.281183 -0.367535 0.886484
vn 0.281183 -0.367535 0.886484
vn 0.367528 -0.281187 0.886486
vn 0.367528 -0.281187 0.886486
vn 0.367528 -0.281187 0.886486
vn 0.367493 -0.886492 0.281213
vn 0.367493 -0.886492 0.281213
vn 0.367493 -0.886492 0.281213
vn 0.281204 -0.886492 0.367500
vn 0.281204 -0.886492 0.367500
vn 0.281204 -0.886492 0.367500
vn 0.886487 -0.281199 0.367517
vn 0.886487 -0.281199 0.367517
vn 0.886487 -0.281199 0.367517
vn 0.886486 -0.367517 0.281203
vn 0.886485 -0.367517 0.281203
vn 0.886485 -0.367517 0.281203
vn -0.281732 -0.367052 -0.886510
vn -0.281732 -0.367052 -0.886510
vn -0.281732 -0.367052 -0.886510
vn -0.367045 -0.281736 -0.886512
vn -0.367045 -0.281736 -0.886512
vn -0.367045 -0.281736 -0.886512
vn -0.367491 -0.886489 -0.281226
vn -0.367491 -0.886489 -0.281226
vn -0.367491 -0.886489 -0.281226
vn -0.281432 -0.886503 -0.367300
vn -0.281432 -0.886503 -0.367300
vn -0.281432 -0.886503 -0.367300
vn -0.886497 -0.281426 -0.367317
vn -0.886497 -0.281426 -0.367317
vn -0.886497 -0.281426 -0.367317
vn -0.886482 -0.367515 -0.281216
vn -0.886482 -0.367515 -0.281216
vn -0.886482 -0.367515 -0.281216
vn -0.367528 -0.281187 0.886486
vn -0.367528 -0.281187 0.886486
vn -0.367528 -0.281187 0.886486
vn -0.281183 -0.367535 0.886484
vn -0.281183 -0.367535 0.886484
vn -0.281183 -0.367535 0.886484
vn -0.886485 -0.367517 0.281203
vn -0.886485 -0.367517 0.281203
vn -0.886486 -0.367517 0.281203
vn -0.886487 -0.281199 0.367517
vn -0.886487 -0.281199 0.367517
vn -0.886487 -0.281199 0.367517
vn -0.281204 -0.886492 0.367500
vn -0.281204 -0.886492 0.367500
vn -0.281204 -0.886492 0.367500
vn -0.367493 -0.886492 0.281213
vn -0.367493 -0.886492 0.281213
vn -0.367493 -0.886492 0.281213
vn 0.000000 -0.382366 -0.924011
vn 0.000000 -0.382366 -0.924011
vn 0.000000 -0.382366 -0.924011
vn 0.000001 -0.382534 -0.923942
vn 0.000001 -0.382534 -0.923942
vn 0.000001 -0.382534 -0.923942
vn 0.000001 -0.924011 -0.382366
vn 0.000001 -0.924011 -0.382366
vn 0.000001 -0.924011 -0.382366
vn 0.000000 -0.923843 -0.382771
vn 0.000000 -0.923843 -0.382771
vn 0.000000 -0.923843 -0.382771
vn 0.923767 -0.382956 0.000000
vn 0.923766 -0.382956 0.000000
vn 0.923767 -0.382956 0.000000
vn 0.923767 -0.382956 0.000000
vn 0.923766 -0.382956 0.000000
vn 0.923767 -0.382956 0.000000
vn 0.382946 -0.923771 0.000000
vn 0.382946 -0.923771 0.000000
vn 0.382946 -0.923771 0.000000
vn 0.382946 -0.923771 0.000000
vn 0.382946 -0.923771 0.000000
vn 0.382946 -0.923771 0.000000
vn 0.000000 -0.382973 0.923760
vn 0.000000 -0.382973 0.923760
vn 0.000000 -0.382973 0.923760
vn 0.000001 -0.382805 0.923829
vn 0.000001 -0.382805 0.923829
vn 0.000001 -0.382805 0.923829
vn 0.000001 -0.923768 0.382953
vn 0.000001 -0.923768 0.382953
vn 0.000001 -0.923768 0.382953
vn 0.000000 -0.923936 0.382548
vn 0.000000 -0.923936 0.382548
vn 0.000000 -0.923936 0.382548
vn -0.923836 -0.382788 0.000000
vn -0.923836 -0.382788 0.000000
vn -0.923836 -0.382788 0.000000
vn -0.923836 -0.382788 0.000000
vn -0.923836 -0.382788 0.000000
vn -0.923836 -0.382788 0.000000
vn -0.382541 -0.923939 0.000000
vn -0.382541 -0.923939 0.000000
vn -0.382541 -0.923939 0.000000
vn -0.382541 -0.923939 0.000000
vn -0.382541 -0.923939 0.000000
vn -0.382541 -0.923939 0.000000
vn -0.382541 0.000000 -0.923939
vn -0.382541 0.000000 -0.923939
vn -0.382541 0.000000 -0.923939
vn -0.382541 0.000000 -0.923939
vn -0.382541 0.000000 -0.923939
vn -0.382541 0.000000 -0.923939
vn -0.923836 0.000000 -0.382788
vn -0.923836 0.000000 -0.382788
vn -0.923836 0.000000 -0.382788
vn -0.923836 0.000000 -0.382788
vn -0.923836 0.000000 -0.382788
vn -0.923836 0.000000 -0.382788
vn -0.382980 0.000000 0.923757
vn -0.382980 0.000000 0.923757
vn -0.382980 0.000000 0.923757
vn -0.382980 0.000000 0.923757
vn -0.382980 0.000000 0.923757
vn -0.382980 0.000000 0.923757
vn -0.923761 0.000000 0.382970
vn -0.923761 0.000000 0.382970
vn -0.923761 0.000000 0.382970
vn -0.923761 0.000000 0.382970
vn -0.923761 0.000000 0.382970
vn -0.923761 0.000000 0.382970
vn -0.382946 0.923771 0.000000
vn -0.382946 0.923771 0.000000
vn -0.382946 0.923771 0.000000
vn -0.382946 0.923771 0.000000
vn -0.382946 0.923771 0.000000
vn -0.382946 0.923771 0.000000
vn -0.923761 0.382970 0.000000
vn -0.923761 0.382970 0.000000
vn -0.923761 0.382970 0.000000
vn -0.923761 0.382970 0.000000
vn -0.923761 0.382970 0.000000
vn -0.923761 0.382970 0.000000
vn 0.000000 0.382548 -0.923936
vn 0.000000 0.382548 -0.923936
vn 0.000000 0.382548 -0.923936
vn 0.000000 0.382548 -0.923936
vn 0.000000 0.382548 -0.923936
vn 0.000000 0.382548 -0.923936
vn 0.000000 0.923843 -0.382771
vn 0.000000 0.923843 -0.382771
vn 0.000000 0.923843 -0.382771
vn 0.000000 0.923843 -0.382771
vn 0.000000 0.923843 -0.382771
vn 0.000000 0.923843 -0.382771
vn 0.000000 0.382987 0.923754
vn 0.000000 0.382987 0.923754
vn 0.000000 0.382987 0.923754
vn 0.000000 0.382987 0.923754
vn 0.000000 0.382987 0.923754
vn 0.000000 0.382987 0.923754
vn 0.000000 0.923768 0.382953
vn 0.000000 0.923768 0.382953
vn 0.000000 0.923768 0.382953
vn 0.000000 0.923768 0.382953
vn 0.000000 0.923768 0.382953
vn 0.000000 0.923768 0.382953
vn 0.923761 0.382970 0.000000
vn 0.923761 0.382970 0.000000
vn 0.923761 0.382970 0.000000
vn 0.923761 0.382970 0.000000
vn 0.923761 0.382970 0.000000
vn 0.923761 0.382970 0.000000
vn 0.382946 0.923771 0.000000
vn 0.382946 0.923771 0.000000
vn 0.382946 0.923771 0.000000
vn 0.382946 0.923771 0.000000
vn 0.382946 0.923771 0.000000
vn 0.382946 0.923771 0.000000
vn 0.382541 0.000000 -0.923939
vn 0.382541 0.000000 -0.923939
vn 0.382541 0.000000 -0.923939
vn 0.382541 0.000000 -0.923939
vn 0.382541 0.000000 -0.923939
vn 0.382541 0.000000 -0.923939
vn 0.923836 0.000000 -0.382788
vn 0.923836 0.000000 -0.382788
vn 0.923836 0.000000 -0.382788
vn 0.923836 0.000000 -0.382788
vn 0.923836 0.000000 -0.382788
vn 0.923836 0.000000 -0.382788
vn 0.382980 0.000000 0.923757
vn 0.382980 0.000000 0.923757
vn 0.382980 0.000000 0.923757
vn 0.382980 0.000000 0.923757
vn 0.382980 0.000000 0.923757
vn 0.382980 0.000000 0.923757
vn 0.923761 0.000000 0.382970
vn 0.923761 0.000000 0.382970
vn 0.923761 0.000000 0.382970
vn 0.923761 0.000000 0.382970
vn 0.923761 0.000000 0.382970
vn 0.923761 0.000000 0.382970
vn 0.000000 0.924011 -0.382366
vn 0.000000 0.924011 -0.382366
vn 0.000000 0.924011 -0.382366
vn 0.000000 0.924011 -0.382366
vn 0.000000 0.924011 -0.382366
vn 0.000000 0.924011 -0.382366
vn 0.000000 0.382366 -0.924011
vn 0.000000 0.382366 -0.924011
vn 0.000000 0.382366 -0.924011
vn 0.000000 0.382366 -0.924011
vn 0.000000 0.382366 -0.924011
vn 0.000000 0.382366 -0.924011
vn 0.382541 0.923939 0.000000
vn 0.382541 0.923939 0.000000
vn 0.382541 0.923939 0.000000
vn 0.382541 0.923939 0.000000
vn 0.382541 0.923939 0.000000
vn 0.382541 0.923939 0.000000
vn 0.923836 0.382788 0.000000
vn 0.923836 0.382788 0.000000
vn 0.923836 0.382788 0.000000
vn 0.923836 0.382788 0.000000
vn 0.923836 0.382788 0.000000
vn 0.923836 0.382788 0.000000
vn 0.000000 0.923936 0.382548
vn 0.000000 0.923936 0.382548
vn 0.000000 0.923936 0.382548
vn 0.000000 0.923936 0.382548
vn 0.000000 0.923936 0.382548
vn 0.000000 0.923936 0.382548
vn 0.000000 0.382805 0.923829
vn 0.000000 0.382805 0.923829
vn 0.000000 0.382805 0.923829
vn 0.000000 0.382805 0.923829
vn 0.000000 0.382805 0.923829
vn 0.000000 0.382805 0.923829
vn -0.382541 0.923939 0.000000
vn -0.382541 0.923939 0.000000
vn -0.382541 0.923939 0.000000
vn -0.382541 0.923939 0.000000
vn -0.382541 0.923939 0.000000
vn -0.382541 0.923939 0.000000
vn -0.923836 0.382788 0.000000
vn -0.923836 0.382788 0.000000
vn -0.923836 0.382788 0.000000
vn -0.923836 0.382788 0.000000
vn -0.923836 0.382788 0.000000
vn -0.923836 0.382788 0.000000
vn -0.923836 0.000000 -0.382788
vn -0.923836 0.000000 -0.382788
vn -0.923836 0.000000 -0.382788
vn -0.923836 0.000000 -0.382788
vn -0.923836 0.000000 -0.382788
vn -0.923836 0.000000 -0.382788
vn -0.382541 0.000000 -0.923939
vn -0.382541 0.000000 -0.923939
vn -0.382541 0.000000 -0.923939
vn -0.382541 0.000000 -0.923939
vn -0.382541 0.000000 -0.923939
vn -0.382541 0.000000 -0.923939
vn -0.923761 0.000000 0.382970
vn -0.923761 0.000000 0.382970
vn -0.923761 0.000000 0.382970
vn -0.923761 0.000000 0.382970
vn -0.923761 0.000000 0.382970
vn -0.923761 0.000000 0.382970
vn -0.382980 0.000000 0.923757
vn -0.382980 0.000000 0.923757
vn -0.382980 0.000000 0.923757
vn -0.382980 0.000000 0.923757
vn -0.382980 0.000000 0.923757
vn -0.382980 0.000000 0.923757
vn -0.923761 -0.382970 0.000000
vn -0.923761 -0.382970 0.000000
vn -0.923761 -0.382970 0.000000
vn -0.923761 -0.382970 0.000000
vn -0.923761 -0.382970 0.000000
vn -0.923761 -0.382970 0.000000
vn -0.382946 -0.923771 0.000000
vn -0.382946 -0.923771 0.000000
vn -0.382946 -0.923771 0.000000
vn -0.382946 -0.923771 0.000000
vn -0.382946 -0.923771 0.000000
vn -0.382946 -0.923771 0.000000
vn 0.000000 -0.923843 -0.382771
vn 0.000000 -0.923843 -0.382771
vn 0.000000 -0.923843 -0.382771
vn 0.000000 -0.923843 -0.382771
vn 0.000000 -0.923843 -0.382771
vn 0.000000 -0.923843 -0.382771
vn 0.000000 -0.382548 -0.923936
vn 0.000000 -0.382548 -0.923936
vn 0.000000 -0.382548 -0.923936
vn 0.000000 -0.382548 -0.923936
vn 0.000000 -0.382548 -0.923936
vn 0.000000 -0.382548 -0.923936
vn 0.000000 -0.923768 0.382953
vn 0.000000 -0.923768 0.382953
vn 0.000000 -0.923768 0.382953
vn 0.000000 -0.923768 0.382953
vn 0.000000 -0.923768 0.382953
vn 0.000000 -0.923768 0.382953
vn 0.000000 -0.382987 0.923754
vn 0.000000 -0.382987 0.923754
vn 0.000000 -0.382987 0.923754
vn 0.000000 -0.382987 0.923754
vn 0.000000 -0.382987 0.923754
vn 0.000000 -0.382987 0.923754
vn 0.382946 -0.923771 0.000000
vn 0.382946 -0.923771 0.000000
vn 0.382946 -0.923771 0.000000
vn 0.382946 -0.923771 0.000000
vn 0.382946 -0.923771 0.000000
vn 0.382946 -0.923771 0.000000
vn 0.923761 -0.382970 0.000000
vn 0.923761 -0.382970 0.000000
vn 0.923761 -0.382970 0.000000
vn 0.923761 -0.382970 0.000000
vn 0.923761 -0.382970 0.000000
vn 0.923761 -0.382970 0.000000
vn 0.923836 0.000000 -0.382788
vn 0.923836 0.000000 -0.382788
vn 0.923836 0.000000 -0.382788
vn 0.923836 0.000000 -0.382788
vn 0.923836 0.000000 -0.382788
vn 0.923836 0.000000 -0.382788
vn 0.382541 0.000000 -0.923939
vn 0.382541 0.000000 -0.923939
vn 0.382541 0.000000 -0.923939
vn 0.382541 0.000000 -0.923939
vn 0.382541 0.000000 -0.923939
vn 0.382541 0.000000 -0.923939
vn 0.923761 0.000000 0.382970
vn 0.923761 0.000000 0.382970
vn 0.923761 0.000000 0.382970
vn 0.923761 0.000000 0.382970
vn 0.923761 0.000000 0.382970
vn 0.923761 0.000000 0.382970
vn 0.382980 0.000000 0.923757
vn 0.382980 0.000000 0.923757
vn 0.382980 0.000000 0.923757
vn 0.382980 0.000000 0.923757
vn 0.382980 0.000000 0.923757
vn 0.382980 0.000000 0.923757
vn 0.000000 0.000000 -1.000000
vn 0.000000 0.000000 -1.000000
vn 0.000000 0.000000 -1.000000
vn 0.000000 0.000000 -1.000000
vn 0.000000 0.000000 -1.000000
vn 0.000000 0.000000 -1.000000
vn -0.227463 -0.372482 -0.899732
vn -0.227463 -0.372482 -0.899732
vn -0.227463 -0.372482 -0.899732
vn -0.301639 -0.304303 -0.903556
vn -0.301639 -0.304303 -0.903556
vn -0.301639 -0.304303 -0.903556
vn -0.300222 -0.904180 -0.303851
vn -0.300222 -0.904180 -0.303851
vn -0.300222 -0.904180 -0.303851
vn -0.225531 -0.900147 -0.372653
vn -0.225531 -0.900148 -0.372653
vn -0.225531 -0.900147 -0.372653
vn -0.846174 -0.316625 -0.428646
vn -0.846174 -0.316625 -0.428646
vn -0.846174 -0.316625 -0.428646
vn -0.845365 -0.430803 -0.315860
vn -0.845364 -0.430803 -0.315860
vn -0.845365 -0.430803 -0.315860
vn 0.301639 -0.304303 -0.903556
vn 0.301639 -0.304303 -0.903556
vn 0.301639 -0.304303 -0.903556
vn 0.227463 -0.372482 -0.899732
vn 0.227463 -0.372482 -0.899732
vn 0.227463 -0.372482 -0.899732
vn 0.845365 -0.430803 -0.315860
vn 0.845364 -0.430803 -0.315860
vn 0.845365 -0.430803 -0.315860
vn 0.846174 -0.316625 -0.428646
vn 0.846174 -0.316625 -0.428646
vn 0.846174 -0.316625 -0.428646
vn 0.225531 -0.900147 -0.372653
vn 0.225531 -0.900148 -0.372653
vn 0.225531 -0.900147 -0.372653
vn 0.300222 -0.904180 -0.303851
vn 0.300222 -0.904180 -0.303851
vn 0.300222 -0.904180 -0.303851
vn 0.255748 -0.582592 0.771478
vn 0.255748 -0.582592 0.771478
vn 0.255748 -0.582592 0.771478
vn 0.338073 -0.517007 0.786391
vn 0.338073 -0.517007 0.786391
vn 0.338073 -0.517007 0.786391
vn 0.310563 -0.919663 0.240355
vn 0.310563 -0.919663 0.240355
vn 0.310563 -0.919663 0.240355
vn 0.215372 -0.921619 0.322851
vn 0.215372 -0.921619 0.322851
vn 0.215372 -0.921619 0.322851
vn 0.865640 -0.397841 0.303958
vn 0.865639 -0.397841 0.303958
vn 0.865640 -0.397841 0.303958
vn 0.859902 -0.435305 0.266605
vn 0.859902 -0.435305 0.266605
vn 0.859902 -0.435305 0.266605
vn -0.338073 -0.517007 0.786391
vn -0.338073 -0.517007 0.786391
vn -0.338073 -0.517007 0.786391
vn -0.255748 -0.582592 0.771478
vn -0.255748 -0.582592 0.771478
vn -0.255748 -0.582592 0.771478
vn -0.859902 -0.435305 0.266605
vn -0.859902 -0.435305 0.266605
vn -0.859902 -0.435305 0.266605
vn -0.865640 -0.397841 0.303958
vn -0.865639 -0.397841 0.303958
vn -0.865640 -0.397841 0.303958
vn -0.215372 -0.921619 0.322851
vn -0.215372 -0.921619 0.322851
vn -0.215372 -0.921619 0.322851
vn -0.310563 -0.919663 0.240355
vn -0.310563 -0.919663 0.240355
vn -0.310563 -0.919663 0.240355
vn 0.347641 0.908144 -0.233280
vn 0.347641 0.908144 -0.233280
vn 0.347641 0.908144 -0.233280
vn 0.250159 0.914346 -0.318419
vn 0.250159 0.914346 -0.318419
vn 0.250159 0.914346 -0.318419
vn 0.881924 0.373709 -0.287318
vn 0.881924 0.373709 -0.287318
vn 0.881924 0.373709 -0.287318
vn 0.880529 0.397099 -0.258808
vn 0.880529 0.397099 -0.258808
vn 0.880529 0.397098 -0.258808
vn 0.265600 0.585480 -0.765944
vn 0.265600 0.585480 -0.765944
vn 0.265600 0.585480 -0.765944
vn 0.359158 0.507188 -0.783432
vn 0.359158 0.507188 -0.783432
vn 0.359158 0.507188 -0.783432
vn -0.300777 0.907263 -0.293951
vn -0.300777 0.907263 -0.293951
vn -0.300777 0.907263 -0.293951
vn -0.378130 0.898483 -0.223038
vn -0.378130 0.898483 -0.223038
vn -0.378130 0.898483 -0.223038
vn -0.414274 0.470306 -0.779224
vn -0.414274 0.470306 -0.779224
vn -0.414274 0.470306 -0.779224
vn -0.331219 0.547109 -0.768743
vn -0.331219 0.547109 -0.768743
vn -0.331219 0.547109 -0.768743
vn -0.874248 0.420558 -0.242532
vn -0.874248 0.420558 -0.242532
vn -0.874248 0.420558 -0.242532
vn -0.877734 0.356698 -0.319920
vn -0.877734 0.356698 -0.319920
vn -0.877734 0.356698 -0.319920
vn 0.885851 0.368358 0.282099
vn 0.885851 0.368358 0.282099
vn 0.885851 0.368358 0.282099
vn 0.885846 0.283722 0.367122
vn 0.885846 0.283722 0.367122
vn 0.885846 0.283722 0.367122
vn 0.281187 0.886734 0.366930
vn 0.281187 0.886733 0.366930
vn 0.281187 0.886734 0.366930
vn 0.366875 0.886635 0.281568
vn 0.366875 0.886635 0.281568
vn 0.366875 0.886635 0.281568
vn 0.366567 0.285524 0.885497
vn 0.366567 0.285524 0.885497
vn 0.366567 0.285524 0.885497
vn 0.280902 0.370887 0.885176
vn 0.280902 0.370887 0.885176
vn 0.280902 0.370887 0.885176
vn -0.366875 0.886635 0.281568
vn -0.366875 0.886635 0.281568
vn -0.366875 0.886635 0.281568
vn -0.281187 0.886734 0.366930
vn -0.281187 0.886733 0.366930
vn -0.281187 0.886734 0.366930
vn -0.885846 0.283722 0.367122
vn -0.885846 0.283722 0.367122
vn -0.885846 0.283722 0.367122
vn -0.885851 0.368358 0.282099
vn -0.885851 0.368358 0.282099
vn -0.885851 0.368358 0.282099
vn -0.280902 0.370887 0.885176
vn -0.280902 0.370887 0.885176
vn -0.280902 0.370887 0.885176
vn -0.366567 0.285524 0.885497
vn -0.366567 0.285524 0.885497
vn -0.366567 0.285524 0.885497
vn -0.341162 0.000000 -0.940004
vn -0.341162 0.000000 -0.940004
vn -0.341162 0.000000 -0.940004
vn -0.344248 -0.000077 -0.938879
vn -0.344248 -0.000077 -0.938879
vn -0.344248 -0.000077 -0.938879
vn -0.903975 -0.000004 -0.427584
vn -0.903975 -0.000004 -0.427584
vn -0.903975 -0.000004 -0.427584
vn -0.905195 -0.000065 -0.424995
vn -0.905195 -0.000065 -0.424995
vn -0.905195 -0.000065 -0.424995
vn 0.000000 -0.602634 0.798018
vn 0.000000 -0.602634 0.798018
vn 0.000000 -0.602634 0.798018
vn 0.000000 -0.602634 0.798018
vn 0.000000 -0.602634 0.798018
vn 0.000000 -0.602634 0.798018
vn 0.000000 -0.943767 0.330610
vn 0.000000 -0.943767 0.330610
vn 0.000000 -0.943767 0.330610
vn 0.000000 -0.943767 0.330610
vn 0.000000 -0.943767 0.330610
vn 0.000000 -0.943767 0.330610
vn 0.344248 -0.000077 -0.938879
vn 0.344248 -0.000077 -0.938879
vn 0.344248 -0.000077 -0.938879
vn 0.341162 0.000000 -0.940004
vn 0.341162 0.000000 -0.940004
vn 0.341162 0.000000 -0.940004
vn 0.905195 -0.000065 -0.424995
vn 0.905195 -0.000065 -0.424995
vn 0.905195 -0.000065 -0.424995
vn 0.903975 -0.000004 -0.427584
vn 0.903975 -0.000004 -0.427584
vn 0.903975 -0.000004 -0.427584
vn -0.340603 -0.940207 0.000000
vn -0.340603 -0.940207 0.000000
vn -0.340603 -0.940207 0.000000
vn -0.339037 -0.940773 -0.000039
vn -0.339037 -0.940773 -0.000039
vn -0.339037 -0.940773 -0.000039
vn -0.903054 -0.429528 -0.000018
vn -0.903054 -0.429528 -0.000018
vn -0.903054 -0.429528 -0.000018
vn -0.901957 -0.431825 -0.000071
vn -0.901958 -0.431825 -0.000071
vn -0.901958 -0.431825 -0.000071
vn 0.339034 -0.940774 0.000000
vn 0.339034 -0.940774 0.000000
vn 0.339034 -0.940774 0.000000
vn 0.340600 -0.940208 -0.000039
vn 0.340600 -0.940208 -0.000039
vn 0.340600 -0.940208 -0.000039
vn 0.901956 -0.431829 -0.000018
vn 0.901956 -0.431829 -0.000018
vn 0.901956 -0.431829 -0.000018
vn 0.903052 -0.429532 -0.000071
vn 0.903052 -0.429532 -0.000071
vn 0.903052 -0.429532 -0.000071
vn 0.000000 -0.382509 -0.923952
vn 0.000000 -0.382509 -0.923952
vn 0.000000 -0.382509 -0.923952
vn 0.000000 -0.382509 -0.923952
vn 0.000000 -0.382509 -0.923952
vn 0.000000 -0.382509 -0.923952
vn 0.000000 -0.923952 -0.382508
vn 0.000000 -0.923952 -0.382508
vn 0.000000 -0.923952 -0.382508
vn 0.000000 -0.923952 -0.382508
vn 0.000000 -0.923952 -0.382508
vn 0.000000 -0.923952 -0.382508
vn 0.000000 0.579839 -0.814731
vn 0.000000 0.579839 -0.814731
vn 0.000000 0.579839 -0.814731
vn 0.001231 0.607291 -0.794478
vn 0.001231 0.607291 -0.794478
vn 0.001231 0.607291 -0.794478
vn 0.000000 0.944373 -0.328876
vn 0.000000 0.944373 -0.328876
vn 0.000000 0.944373 -0.328876
vn 0.000795 0.951314 -0.308223
vn 0.000795 0.951314 -0.308223
vn 0.000795 0.951314 -0.308223
vn -0.444263 0.279597 -0.851150
vn -0.444263 0.279597 -0.851150
vn -0.444263 0.279597 -0.851150
vn -0.414406 0.284092 -0.864615
vn -0.414406 0.284092 -0.864615
vn -0.414406 0.284092 -0.864615
vn -0.930568 0.114287 -0.347825
vn -0.930568 0.114287 -0.347825
vn -0.930568 0.114287 -0.347825
vn -0.935740 0.110066 -0.335075
vn -0.935740 0.110066 -0.335075
vn -0.935740 0.110066 -0.335075
vn 0.414394 0.284029 -0.864642
vn 0.414394 0.284029 -0.864642
vn 0.414394 0.284029 -0.864642
vn 0.412467 0.284298 -0.865474
vn 0.412467 0.284298 -0.865474
vn 0.412467 0.284298 -0.865474
vn 0.935741 0.110071 -0.335071
vn 0.935741 0.110071 -0.335071
vn 0.935741 0.110071 -0.335071
vn 0.934831 0.110817 -0.337360
vn 0.934830 0.110817 -0.337360
vn 0.934830 0.110817 -0.337360
vn 0.923882 0.001888 0.382673
vn 0.923882 0.001888 0.382673
vn 0.923882 0.001888 0.382673
vn 0.923872 0.001887 0.382697
vn 0.923872 0.001887 0.382697
vn 0.923872 0.001887 0.382697
vn 0.382732 0.004558 0.923848
vn 0.382732 0.004558 0.923848
vn 0.382732 0.004558 0.923848
vn 0.382486 0.004565 0.923950
vn 0.382486 0.004565 0.923950
vn 0.382486 0.004565 0.923950
vn 0.000000 0.924015 0.382357
vn 0.000000 0.924015 0.382357
vn 0.000000 0.924015 0.382357
vn 0.000000 0.924015 0.382357
vn 0.000000 0.924015 0.382357
vn 0.000000 0.924015 0.382357
vn 0.000000 0.386447 0.922312
vn 0.000000 0.386447 0.922312
vn 0.000000 0.386447 0.922312
vn 0.000000 0.386447 0.922312
vn 0.000000 0.386447 0.922312
vn 0.000000 0.386447 0.922312
vn -0.923872 0.001887 0.382697
vn -0.923872 0.001887 0.382697
vn -0.923872 0.001887 0.382697
vn -0.923882 0.001888 0.382673
vn -0.923882 0.001888 0.382673
vn -0.923882 0.001888 0.382673
vn -0.382486 0.004558 0.923950
vn -0.382486 0.004558 0.923950
vn -0.382486 0.004558 0.923950
vn -0.382731 0.004564 0.923848
vn -0.382731 0.004564 0.923849
vn -0.382731 0.004564 0.923849
vn 0.415197 -0.277370 0.866416
vn 0.415198 -0.277370 0.866416
vn 0.415198 -0.277370 0.866416
vn 0.415746 -0.277295 0.866177
vn 0.415746 -0.277295 0.866177
vn 0.415746 -0.277295 0.866177
vn 0.936052 -0.107284 0.335107
vn 0.936052 -0.107284 0.335107
vn 0.936052 -0.107284 0.335107
vn 0.936021 -0.107309 0.335186
vn 0.936021 -0.107309 0.335186
vn 0.936021 -0.107309 0.335186
vn 0.383103 0.923705 0.000422
vn 0.383103 0.923706 0.000422
vn 0.383103 0.923706 0.000422
vn 0.382982 0.923756 0.000418
vn 0.382982 0.923756 0.000418
vn 0.382982 0.923756 0.000418
vn 0.923869 0.382710 0.000173
vn 0.923869 0.382710 0.000173
vn 0.923869 0.382710 0.000173
vn 0.923874 0.382697 0.000174
vn 0.923874 0.382697 0.000174
vn 0.923874 0.382697 0.000174
vn -0.921878 0.387480 0.000176
vn -0.921878 0.387480 0.000176
vn -0.921878 0.387480 0.000176
vn -0.923874 0.382697 0.000040
vn -0.923874 0.382697 0.000040
vn -0.923874 0.382697 0.000040
vn -0.394379 0.918948 0.000097
vn -0.394379 0.918948 0.000097
vn -0.394379 0.918948 0.000097
vn -0.382982 0.923756 0.000422
vn -0.382982 0.923756 0.000422
vn -0.382982 0.923756 0.000422
vn -0.936052 -0.107283 0.335107
vn -0.936052 -0.107283 0.335107
vn -0.936052 -0.107283 0.335107
vn -0.936021 -0.107309 0.335186
vn -0.936021 -0.107309 0.335186
vn -0.936021 -0.107309 0.335186
vn -0.415198 -0.277371 0.866416
vn -0.415198 -0.277371 0.866416
vn -0.415198 -0.277371 0.866416
vn -0.415747 -0.277294 0.866177
vn -0.415746 -0.277294 0.866177
vn -0.415746 -0.277294 0.866177
vn -1.000000 0.000000 0.000000
vn -1.000000 0.000000 0.000000
vn -1.000000 0.000000 0.000000
vn -0.281170 -0.367834 -0.886364
vn -0.281170 -0.367834 -0.886364
vn -0.281170 -0.367834 -0.886364
vn -0.367386 -0.281648 -0.886398
vn -0.367386 -0.281648 -0.886398
vn -0.367386 -0.281648 -0.886398
vn -0.367326 -0.886415 -0.281674
vn -0.367326 -0.886415 -0.281674
vn -0.367326 -0.886415 -0.281674
vn -0.281180 -0.886379 -0.367791
vn -0.281180 -0.886379 -0.367791
vn -0.281180 -0.886379 -0.367791
vn -0.886012 -0.282473 -0.367684
vn -0.886012 -0.282473 -0.367684
vn -0.886012 -0.282473 -0.367684
vn -0.886014 -0.367666 -0.282490
vn -0.886014 -0.367666 -0.282490
vn -0.886014 -0.367666 -0.282490
vn -0.281190 -0.886376 0.367790
vn -0.281190 -0.886376 0.367790
vn -0.281190 -0.886376 0.367790
vn -0.367325 -0.886413 0.281682
vn -0.367325 -0.886413 0.281682
vn -0.367325 -0.886413 0.281682
vn -0.367383 -0.281673 0.886391
vn -0.367383 -0.281673 0.886392
vn -0.367383 -0.281673 0.886392
vn -0.281195 -0.367831 0.886358
vn -0.281195 -0.367831 0.886358
vn -0.281195 -0.367831 0.886358
vn -0.886012 -0.367665 0.282498
vn -0.886012 -0.367665 0.282498
vn -0.886012 -0.367665 0.282498
vn -0.886009 -0.282484 0.367682
vn -0.886009 -0.282484 0.367682
vn -0.886009 -0.282484 0.367683
vn -0.367433 0.281233 -0.886511
vn -0.367433 0.281233 -0.886511
vn -0.367433 0.281233 -0.886511
vn -0.281158 0.367394 -0.886550
vn -0.281158 0.367394 -0.886550
vn -0.281158 0.367394 -0.886551
vn -0.886200 0.367226 -0.282478
vn -0.886200 0.367227 -0.282478
vn -0.886200 0.367226 -0.282478
vn -0.886125 0.282058 -0.367731
vn -0.886125 0.282058 -0.367730
vn -0.886125 0.282058 -0.367731
vn -0.281280 0.886352 -0.367780
vn -0.281280 0.886352 -0.367780
vn -0.281280 0.886352 -0.367780
vn -0.367315 0.886388 -0.281774
vn -0.367315 0.886388 -0.281774
vn -0.367315 0.886388 -0.281774
vn -0.281183 0.367391 0.886544
vn -0.281183 0.367391 0.886544
vn -0.281183 0.367391 0.886544
vn -0.367430 0.281258 0.886504
vn -0.367430 0.281258 0.886504
vn -0.367430 0.281258 0.886504
vn -0.367314 0.886386 0.281782
vn -0.367314 0.886386 0.281782
vn -0.367314 0.886386 0.281782
vn -0.281290 0.886349 0.367779
vn -0.281290 0.886349 0.367779
vn -0.281291 0.886349 0.367779
vn -0.886122 0.282068 0.367729
vn -0.886122 0.282068 0.367729
vn -0.886122 0.282068 0.367729
vn -0.886198 0.367226 0.282486
vn -0.886198 0.367226 0.282486
vn -0.886198 0.367226 0.282486
vn 0.367402 -0.281650 -0.886391
vn 0.367402 -0.281649 -0.886391
vn 0.367402 -0.281650 -0.886391
vn 0.281640 -0.367403 -0.886394
vn 0.281640 -0.367403 -0.886394
vn 0.281640 -0.367403 -0.886394
vn 0.886489 -0.366263 -0.282823
vn 0.886489 -0.366263 -0.282823
vn 0.886489 -0.366263 -0.282823
vn 0.886454 -0.282354 -0.366709
vn 0.886454 -0.282354 -0.366709
vn 0.886454 -0.282354 -0.366709
vn 0.282291 -0.886456 -0.366754
vn 0.282291 -0.886456 -0.366754
vn 0.282291 -0.886456 -0.366754
vn 0.366307 -0.886488 -0.282769
vn 0.366307 -0.886488 -0.282769
vn 0.366307 -0.886488 -0.282769
vn 0.281211 -0.367829 0.886353
vn 0.281211 -0.367829 0.886353
vn 0.281211 -0.367829 0.886353
vn 0.367399 -0.281675 0.886384
vn 0.367399 -0.281675 0.886385
vn 0.367399 -0.281675 0.886384
vn 0.367341 -0.886406 0.281684
vn 0.367341 -0.886406 0.281684
vn 0.367341 -0.886406 0.281684
vn 0.281206 -0.886372 0.367788
vn 0.281206 -0.886372 0.367788
vn 0.281206 -0.886372 0.367788
vn 0.886451 -0.282365 0.366708
vn 0.886451 -0.282365 0.366708
vn 0.886451 -0.282365 0.366708
vn 0.886454 -0.366690 0.282379
vn 0.886454 -0.366690 0.282379
vn 0.886454 -0.366690 0.282379
vn 0.281174 0.367392 -0.886546
vn 0.281174 0.367392 -0.886546
vn 0.281174 0.367392 -0.886546
vn 0.367448 0.281235 -0.886504
vn 0.367448 0.281235 -0.886504
vn 0.367448 0.281235 -0.886504
vn 0.367331 0.886381 -0.281776
vn 0.367331 0.886381 -0.281776
vn 0.367330 0.886381 -0.281776
vn 0.281296 0.886347 -0.367778
vn 0.281296 0.886347 -0.367778
vn 0.281296 0.886347 -0.367778
vn 0.886567 0.281939 -0.366755
vn 0.886567 0.281939 -0.366755
vn 0.886567 0.281939 -0.366755
vn 0.886641 0.366252 -0.282359
vn 0.886641 0.366252 -0.282359
vn 0.886641 0.366252 -0.282359
vn 0.367445 0.281260 0.886497
vn 0.367445 0.281260 0.886497
vn 0.367445 0.281260 0.886497
vn 0.281199 0.367389 0.886539
vn 0.281199 0.367389 0.886539
vn 0.281199 0.367389 0.886539
vn 0.886639 0.366251 0.282367
vn 0.886639 0.366251 0.282367
vn 0.886639 0.366251 0.282367
vn 0.886564 0.281950 0.366754
vn 0.886564 0.281950 0.366754
vn 0.886564 0.281950 0.366754
vn 0.281306 0.886345 0.367777
vn 0.281306 0.886345 0.367777
vn 0.281306 0.886345 0.367777
vn 0.367330 0.886378 0.281784
vn 0.367330 0.886378 0.281784
vn 0.367330 0.886378 0.281784
vn 0.367386 -0.281648 -0.886398
vn 0.367386 -0.281648 -0.886398
vn 0.367386 -0.281648 -0.886398
vn 0.281624 -0.367405 -0.886398
vn 0.281624 -0.367405 -0.886398
vn 0.281624 -0.367405 -0.886398
vn 0.886047 -0.367237 -0.282943
vn 0.886047 -0.367237 -0.282943
vn 0.886047 -0.367237 -0.282943
vn 0.886012 -0.282473 -0.367684
vn 0.886012 -0.282473 -0.367684
vn 0.886012 -0.282473 -0.367684
vn 0.282275 -0.886460 -0.366756
vn 0.282275 -0.886460 -0.366756
vn 0.282275 -0.886460 -0.366756
vn 0.366292 -0.886495 -0.282767
vn 0.366292 -0.886495 -0.282767
vn 0.366292 -0.886495 -0.282767
vn 0.367325 -0.886413 0.281682
vn 0.367325 -0.886413 0.281682
vn 0.367325 -0.886413 0.281682
vn 0.281190 -0.886376 0.367790
vn 0.281190 -0.886376 0.367790
vn 0.281190 -0.886376 0.367790
vn 0.886009 -0.282484 0.367683
vn 0.886009 -0.282484 0.367682
vn 0.886009 -0.282484 0.367682
vn 0.886012 -0.367665 0.282498
vn 0.886012 -0.367665 0.282498
vn 0.886012 -0.367665 0.282498
vn 0.281195 -0.367831 0.886358
vn 0.281195 -0.367831 0.886358
vn 0.281195 -0.367831 0.886358
vn 0.367383 -0.281673 0.886392
vn 0.367383 -0.281673 0.886392
vn 0.367383 -0.281673 0.886391
vn 0.281158 0.367394 -0.886551
vn 0.281158 0.367394 -0.886550
vn 0.281158 0.367394 -0.886550
vn 0.367433 0.281233 -0.886511
vn 0.367433 0.281233 -0.886511
vn 0.367433 0.281233 -0.886511
vn 0.367315 0.886388 -0.281774
vn 0.367315 0.886388 -0.281774
vn 0.367315 0.886388 -0.281774
vn 0.281280 0.886352 -0.367780
vn 0.281280 0.886352 -0.367780
vn 0.281280 0.886352 -0.367780
vn 0.886125 0.282058 -0.367731
vn 0.886125 0.282058 -0.367730
vn 0.886125 0.282058 -0.367731
vn 0.886200 0.367226 -0.282478
vn 0.886200 0.367227 -0.282478
vn 0.886200 0.367226 -0.282478
vn 0.367430 0.281258 0.886504
vn 0.367430 0.281258 0.886504
vn 0.367430 0.281258 0.886504
vn 0.281183 0.367391 0.886544
vn 0.281183 0.367391 0.886544
vn 0.281183 0.367391 0.886544
vn 0.886198 0.367226 0.282486
vn 0.886198 0.367226 0.282486
vn 0.886198 0.367226 0.282486
vn 0.886122 0.282068 0.367729
vn 0.886122 0.282068 0.367729
vn 0.886122 0.282068 0.367729
vn 0.281291 0.886349 0.367779
vn 0.281290 0.886349 0.367779
vn 0.281290 0.886349 0.367779
vn 0.367314 0.886386 0.281782
vn 0.367314 0.886386 0.281782
vn 0.367314 0.886386 0.281782
vn -0.281186 -0.367832 -0.886360
vn -0.281186 -0.367832 -0.886360
vn -0.281186 -0.367832 -0.886360
vn -0.367402 -0.281650 -0.886391
vn -0.367402 -0.281649 -0.886391
vn -0.367402 -0.281650 -0.886391
vn -0.367342 -0.886408 -0.281676
vn -0.367342 -0.886408 -0.281676
vn -0.367342 -0.886408 -0.281676
vn -0.281196 -0.886375 -0.367790
vn -0.281196 -0.886375 -0.367790
vn -0.281196 -0.886375 -0.367790
vn -0.886454 -0.282354 -0.366709
vn -0.886454 -0.282354 -0.366709
vn -0.886454 -0.282354 -0.366709
vn -0.886456 -0.366691 -0.282371
vn -0.886456 -0.366691 -0.282371
vn -0.886456 -0.366691 -0.282371
vn -0.367399 -0.281675 0.886384
vn -0.367399 -0.281675 0.886385
vn -0.367399 -0.281675 0.886384
vn -0.281665 -0.367400 0.886387
vn -0.281665 -0.367400 0.886387
vn -0.281665 -0.367400 0.886387
vn -0.886487 -0.366262 0.282831
vn -0.886487 -0.366262 0.282831
vn -0.886487 -0.366262 0.282831
vn -0.886451 -0.282365 0.366708
vn -0.886451 -0.282365 0.366708
vn -0.886451 -0.282365 0.366708
vn -0.282301 -0.886453 0.366753
vn -0.282301 -0.886453 0.366753
vn -0.282301 -0.886453 0.366753
vn -0.366306 -0.886486 0.282777
vn -0.366306 -0.886486 0.282777
vn -0.366306 -0.886486 0.282777
vn -0.367448 0.281235 -0.886504
vn -0.367448 0.281235 -0.886504
vn -0.367448 0.281235 -0.886504
vn -0.281174 0.367392 -0.886546
vn -0.281174 0.367392 -0.886546
vn -0.281174 0.367392 -0.886546
vn -0.886641 0.366252 -0.282359
vn -0.886641 0.366252 -0.282359
vn -0.886641 0.366252 -0.282359
vn -0.886567 0.281939 -0.366755
vn -0.886567 0.281939 -0.366755
vn -0.886567 0.281939 -0.366755
vn -0.281296 0.886347 -0.367778
vn -0.281296 0.886347 -0.367778
vn -0.281296 0.886347 -0.367778
vn -0.367330 0.886381 -0.281776
vn -0.367331 0.886381 -0.281776
vn -0.367331 0.886381 -0.281776
vn -0.281199 0.367389 0.886539
vn -0.281199 0.367389 0.886539
vn -0.281199 0.367389 0.886539
vn -0.367445 0.281260 0.886497
vn -0.367445 0.281260 0.886497
vn -0.367445 0.281260 0.886497
vn -0.367330 0.886378 0.281784
vn -0.367330 0.886378 0.281784
vn -0.367330 0.886378 0.281784
vn -0.281306 0.886345 0.367777
vn -0.281306 0.886345 0.367777
vn -0.281306 0.886345 0.367777
vn -0.886564 0.281950 0.366754
vn -0.886564 0.281950 0.366754
vn -0.886564 0.281950 0.366754
vn -0.886639 0.366251 0.282367
vn -0.886639 0.366251 0.282367
vn -0.886639 0.366251 0.282367
vn -0.367386 0.281648 -0.886398
vn -0.367386 0.281648 -0.886398
vn -0.367386 0.281648 -0.886398
vn -0.281624 0.367405 -0.886398
vn -0.281624 0.367405 -0.886398
vn -0.281624 0.367405 -0.886398
vn -0.886047 0.367237 -0.282943
vn -0.886047 0.367237 -0.282943
vn -0.886047 0.367237 -0.282943
vn -0.886012 0.282473 -0.367684
vn -0.886012 0.282473 -0.367684
vn -0.886012 0.282473 -0.367684
vn -0.282275 0.886460 -0.366756
vn -0.282275 0.886460 -0.366756
vn -0.282275 0.886460 -0.366756
vn -0.366292 0.886495 -0.282767
vn -0.366292 0.886495 -0.282767
vn -0.366292 0.886495 -0.282767
vn -0.367325 0.886413 0.281682
vn -0.367325 0.886413 0.281682
vn -0.367325 0.886413 0.281682
vn -0.281190 0.886376 0.367790
vn -0.281190 0.886376 0.367790
vn -0.281190 0.886376 0.367790
vn -0.886009 0.282484 0.367683
vn -0.886009 0.282484 0.367682
vn -0.886009 0.282484 0.367682
vn -0.886012 0.367665 0.282498
vn -0.886012 0.367665 0.282498
vn -0.886012 0.367665 0.282498
vn -0.281195 0.367831 0.886358
vn -0.281195 0.367831 0.886358
vn -0.281195 0.367831 0.886358
vn -0.367383 0.281673 0.886392
vn -0.367383 0.281673 0.886392
vn -0.367383 0.281673 0.886391
vn -0.281158 -0.367394 -0.886551
vn -0.281158 -0.367394 -0.886550
vn -0.281158 -0.367394 -0.886550
vn -0.367433 -0.281233 -0.886511
vn -0.367433 -0.281233 -0.886511
vn -0.367433 -0.281233 -0.886511
vn -0.367315 -0.886388 -0.281774
vn -0.367315 -0.886388 -0.281774
vn -0.367315 -0.886388 -0.281774
vn -0.281280 -0.886352 -0.367780
vn -0.281280 -0.886352 -0.367780
vn -0.281280 -0.886352 -0.367780
vn -0.886125 -0.282058 -0.367731
vn -0.886125 -0.282058 -0.367730
vn -0.886125 -0.282058 -0.367731
vn -0.886200 -0.367226 -0.282478
vn -0.886200 -0.367227 -0.282478
vn -0.886200 -0.367226 -0.282478
vn -0.367430 -0.281258 0.886504
vn -0.367430 -0.281258 0.886504
vn -0.367430 -0.281258 0.886504
vn -0.281183 -0.367391 0.886544
vn -0.281183 -0.367391 0.886544
vn -0.281183 -0.367391 0.886544
vn -0.886198 -0.367226 0.282486
vn -0.886198 -0.367226 0.282486
vn -0.886198 -0.367226 0.282486
vn -0.886122 -0.282068 0.367729
vn -0.886122 -0.282068 0.367729
vn -0.886122 -0.282068 0.367729
vn -0.281291 -0.886349 0.367779
vn -0.281290 -0.886349 0.367779
vn -0.281290 -0.886349 0.367779
vn -0.367314 -0.886386 0.281782
vn -0.367314 -0.886386 0.281782
vn -0.367314 -0.886386 0.281782
vn 0.281186 0.367832 -0.886360
vn 0.281186 0.367832 -0.886360
vn 0.281186 0.367832 -0.886360
vn 0.367402 0.281650 -0.886391
vn 0.367402 0.281649 -0.886391
vn 0.367402 0.281650 -0.886391
vn 0.367342 0.886408 -0.281676
vn 0.367342 0.886408 -0.281676
vn 0.367342 0.886408 -0.281676
vn 0.281196 0.886375 -0.367790
vn 0.281196 0.886375 -0.367790
vn 0.281196 0.886375 -0.367790
vn 0.886454 0.282354 -0.366709
vn 0.886454 0.282354 -0.366709
vn 0.886454 0.282354 -0.366709
vn 0.886456 0.366691 -0.282371
vn 0.886456 0.366691 -0.282371
vn 0.886456 0.366691 -0.282371
vn 0.367399 0.281675 0.886384
vn 0.367399 0.281675 0.886385
vn 0.367399 0.281675 0.886384
vn 0.281665 0.367400 0.886387
vn 0.281665 0.367400 0.886387
vn 0.281665 0.367400 0.886387
vn 0.886487 0.366262 0.282831
vn 0.886487 0.366262 0.282831
vn 0.886487 0.366262 0.282831
vn 0.886451 0.282365 0.366708
vn 0.886451 0.282365 0.366708
vn 0.886451 0.282365 0.366708
vn 0.282301 0.886453 0.366753
vn 0.282301 0.886453 0.366753
vn 0.282301 0.886453 0.366753
vn 0.366306 0.886486 0.282777
vn 0.366306 0.886486 0.282777
vn 0.366306 0.886486 0.282777
vn 0.367448 -0.281235 -0.886504
vn 0.367448 -0.281235 -0.886504
vn 0.367448 -0.281235 -0.886504
vn 0.281174 -0.367392 -0.886546
vn 0.281174 -0.367392 -0.886546
vn 0.281174 -0.367392 -0.886546
vn 0.886641 -0.366252 -0.282359
vn 0.886641 -0.366252 -0.282359
vn 0.886641 -0.366252 -0.282359
vn 0.886567 -0.281939 -0.366755
vn 0.886567 -0.281939 -0.366755
vn 0.886567 -0.281939 -0.366755
vn 0.281296 -0.886347 -0.367778
vn 0.281296 -0.886347 -0.367778
vn 0.281296 -0.886347 -0.367778
vn 0.367330 -0.886381 -0.281776
vn 0.367331 -0.886381 -0.281776
vn 0.367331 -0.886381 -0.281776
vn 0.281199 -0.367389 0.886539
vn 0.281199 -0.367389 0.886539
vn 0.281199 -0.367389 0.886539
vn 0.367445 -0.281260 0.886497
vn 0.367445 -0.281260 0.886497
vn 0.367445 -0.281260 0.886497
vn 0.367330 -0.886378 0.281784
vn 0.367330 -0.886378 0.281784
vn 0.367330 -0.886378 0.281784
vn 0.281306 -0.886345 0.367777
vn 0.281306 -0.886345 0.367777
vn 0.281306 -0.886345 0.367777
vn 0.886564 -0.281950 0.366754
vn 0.886564 -0.281950 0.366754
vn 0.886564 -0.281950 0.366754
vn 0.886639 -0.366251 0.282367
vn 0.886639 -0.366251 0.282367
vn 0.886639 -0.366251 0.282367
vn 0.281170 0.367834 -0.886364
vn 0.281170 0.367834 -0.886364
vn 0.281170 0.367834 -0.886364
vn 0.367386 0.281648 -0.886398
vn 0.367386 0.281648 -0.886398
vn 0.367386 0.281648 -0.886398
vn 0.367326 0.886415 -0.281674
vn 0.367326 0.886415 -0.281674
vn 0.367326 0.886415 -0.281674
vn 0.281180 0.886379 -0.367791
vn 0.281180 0.886379 -0.367791
vn 0.281180 0.886379 -0.367791
vn 0.886012 0.282473 -0.367684
vn 0.886012 0.282473 -0.367684
vn 0.886012 0.282473 -0.367684
vn 0.886014 0.367666 -0.282490
vn 0.886014 0.367666 -0.282490
vn 0.886014 0.367666 -0.282490
vn 0.281190 0.886376 0.367790
vn 0.281190 0.886376 0.367790
vn 0.281190 0.886376 0.367790
vn 0.367325 0.886413 0.281682
vn 0.367325 0.886413 0.281682
vn 0.367325 0.886413 0.281682
vn 0.367383 0.281673 0.886391
vn 0.367383 0.281673 0.886392
vn 0.367383 0.281673 0.886392
vn 0.281195 0.367831 0.886358
vn 0.281195 0.367831 0.886358
vn 0.281195 0.367831 0.886358
vn 0.886012 0.367665 0.282498
vn 0.886012 0.367665 0.282498
vn 0.886012 0.367665 0.282498
vn 0.886009 0.282484 0.367682
vn 0.886009 0.282484 0.367682
vn 0.886009 0.282484 0.367683
vn 0.367433 -0.281233 -0.886511
vn 0.367433 -0.281233 -0.886511
vn 0.367433 -0.281233 -0.886511
vn 0.281158 -0.367394 -0.886550
vn 0.281158 -0.367394 -0.886550
vn 0.281158 -0.367394 -0.886551
vn 0.886200 -0.367226 -0.282478
vn 0.886200 -0.367227 -0.282478
vn 0.886200 -0.367226 -0.282478
vn 0.886125 -0.282058 -0.367731
vn 0.886125 -0.282058 -0.367730
vn 0.886125 -0.282058 -0.367731
vn 0.281280 -0.886352 -0.367780
vn 0.281280 -0.886352 -0.367780
vn 0.281280 -0.886352 -0.367780
vn 0.367315 -0.886388 -0.281774
vn 0.367315 -0.886388 -0.281774
vn 0.367315 -0.886388 -0.281774
vn 0.281183 -0.367391 0.886544
vn 0.281183 -0.367391 0.886544
vn 0.281183 -0.367391 0.886544
vn 0.367430 -0.281258 0.886504
vn 0.367430 -0.281258 0.886504
vn 0.367430 -0.281258 0.886504
vn 0.367314 -0.886386 0.281782
vn 0.367314 -0.886386 0.281782
vn 0.367314 -0.886386 0.281782
vn 0.281290 -0.886349 0.367779
vn 0.281290 -0.886349 0.367779
vn 0.281291 -0.886349 0.367779
vn 0.886122 -0.282068 0.367729
vn 0.886122 -0.282068 0.367729
vn 0.886122 -0.282068 0.367729
vn 0.886198 -0.367226 0.282486
vn 0.886198 -0.367226 0.282486
vn 0.886198 -0.367226 0.282486
vn -0.367402 0.281650 -0.886391
vn -0.367402 0.281649 -0.886391
vn -0.367402 0.281650 -0.886391
vn -0.281640 0.367403 -0.886394
vn -0.281640 0.367403 -0.886394
vn -0.281640 0.367403 -0.886394
vn -0.886489 0.366263 -0.282823
vn -0.886489 0.366263 -0.282823
vn -0.886489 0.366263 -0.282823
vn -0.886454 0.282354 -0.366709
vn -0.886454 0.282354 -0.366709
vn -0.886454 0.282354 -0.366709
vn -0.282291 0.886456 -0.366754
vn -0.282291 0.886456 -0.366754
vn -0.282291 0.886456 -0.366754
vn -0.366307 0.886488 -0.282769
vn -0.366307 0.886488 -0.282769
vn -0.366307 0.886488 -0.282769
vn -0.281211 0.367829 0.886353
vn -0.281211 0.367829 0.886353
vn -0.281211 0.367829 0.886353
vn -0.367399 0.281675 0.886384
vn -0.367399 0.281675 0.886385
vn -0.367399 0.281675 0.886384
vn -0.367341 0.886406 0.281684
vn -0.367341 0.886406 0.281684
vn -0.367341 0.886406 0.281684
vn -0.281206 0.886372 0.367788
vn -0.281206 0.886372 0.367788
vn -0.281206 0.886372 0.367788
vn -0.886451 0.282365 0.366708
vn -0.886451 0.282365 0.366708
vn -0.886451 0.282365 0.366708
vn -0.886454 0.366690 0.282379
vn -0.886454 0.366690 0.282379
vn -0.886454 0.366690 0.282379
vn -0.281174 -0.367392 -0.886546
vn -0.281174 -0.367392 -0.886546
vn -0.281174 -0.367392 -0.886546
vn -0.367448 -0.281235 -0.886504
vn -0.367448 -0.281235 -0.886504
vn -0.367448 -0.281235 -0.886504
vn -0.367331 -0.886381 -0.281776
vn -0.367331 -0.886381 -0.281776
vn -0.367330 -0.886381 -0.281776
vn -0.281296 -0.886347 -0.367778
vn -0.281296 -0.886347 -0.367778
vn -0.281296 -0.886347 -0.367778
vn -0.886567 -0.281939 -0.366755
vn -0.886567 -0.281939 -0.366755
vn -0.886567 -0.281939 -0.366755
vn -0.886641 -0.366252 -0.282359
vn -0.886641 -0.366252 -0.282359
vn -0.886641 -0.366252 -0.282359
vn -0.367445 -0.281260 0.886497
vn -0.367445 -0.281260 0.886497
vn -0.367445 -0.281260 0.886497
vn -0.281199 -0.367389 0.886539
vn -0.281199 -0.367389 0.886539
vn -0.281199 -0.367389 0.886539
vn -0.886639 -0.366251 0.282367
vn -0.886639 -0.366251 0.282367
vn -0.886639 -0.366251 0.282367
vn -0.886564 -0.281950 0.366754
vn -0.886564 -0.281950 0.366754
vn -0.886564 -0.281950 0.366754
vn -0.281306 -0.886345 0.367777
vn -0.281306 -0.886345 0.367777
vn -0.281306 -0.886345 0.367777
vn -0.367330 -0.886378 0.281784
vn -0.367330 -0.886378 0.281784
vn -0.367330 -0.886378 0.281784
vn -0.382886 0.000000 -0.923796
vn -0.382886 0.000000 -0.923796
vn -0.382886 0.000000 -0.923796
vn -0.382886 0.000000 -0.923796
vn -0.382886 0.000000 -0.923796
vn -0.382886 0.000000 -0.923796
vn -0.923627 0.000000 -0.383293
vn -0.923627 0.000000 -0.383293
vn -0.923627 0.000000 -0.383293
vn -0.923627 0.000000 -0.383293
vn -0.923627 0.000000 -0.383293
vn -0.923627 0.000000 -0.383293
vn -0.382827 -0.923820 0.000000
vn -0.382827 -0.923820 0.000000
vn -0.382827 -0.923820 0.000000
vn -0.382827 -0.923820 0.000000
vn -0.382827 -0.923820 0.000000
vn -0.382827 -0.923820 0.000000
vn -0.923634 -0.383277 0.000000
vn -0.923634 -0.383277 0.000000
vn -0.923634 -0.383277 0.000000
vn -0.923634 -0.383277 0.000000
vn -0.923634 -0.383277 0.000000
vn -0.923634 -0.383277 0.000000
vn -0.382886 0.000000 0.923796
vn -0.382886 0.000000 0.923796
vn -0.382886 0.000000 0.923796
vn -0.382886 0.000000 0.923796
vn -0.382886 0.000000 0.923796
vn -0.382886 0.000000 0.923796
vn -0.923627 0.000000 0.383293
vn -0.923627 0.000000 0.383293
vn -0.923627 0.000000 0.383293
vn -0.923627 0.000000 0.383293
vn -0.923627 0.000000 0.383293
vn -0.923627 0.000000 0.383293
vn -0.382827 0.923820 0.000000
vn -0.382827 0.923820 0.000000
vn -0.382827 0.923820 0.000000
vn -0.382827 0.923820 0.000000
vn -0.382827 0.923820 0.000000
vn -0.382827 0.923820 0.000000
vn -0.923824 0.382817 0.000000
vn -0.923824 0.382817 0.000000
vn -0.923824 0.382817 0.000000
vn -0.923824 0.382817 0.000000
vn -0.923824 0.382817 0.000000
vn -0.923824 0.382817 0.000000
vn 0.000000 0.382837 -0.923816
vn 0.000000 0.382837 -0.923816
vn 0.000000 0.382837 -0.923816
vn 0.000000 0.382837 -0.923816
vn 0.000000 0.382837 -0.923816
vn 0.000000 0.382837 -0.923816
vn 0.000000 0.923643 -0.383254
vn 0.000000 0.923643 -0.383254
vn 0.000000 0.923643 -0.383254
vn 0.000000 0.923643 -0.383254
vn 0.000000 0.923643 -0.383254
vn 0.000000 0.923643 -0.383254
vn 0.000000 0.382837 0.923816
vn 0.000000 0.382837 0.923816
vn 0.000000 0.382837 0.923816
vn 0.000000 0.382837 0.923816
vn 0.000000 0.382837 0.923816
vn 0.000000 0.382837 0.923816
vn 0.000000 0.923643 0.383254
vn 0.000000 0.923643 0.383254
vn 0.000000 0.923643 0.383254
vn 0.000000 0.923643 0.383254
vn 0.000000 0.923643 0.383254
vn 0.000000 0.923643 0.383254
vn 0.924250 0.381788 0.000000
vn 0.924250 0.381788 0.000000
vn 0.924250 0.381788 0.000000
vn 0.924250 0.381788 0.000000
vn 0.924250 0.381788 0.000000
vn 0.924250 0.381788 0.000000
vn 0.382843 0.923813 0.000000
vn 0.382843 0.923813 0.000000
vn 0.382843 0.923813 0.000000
vn 0.382843 0.923813 0.000000
vn 0.382843 0.923813 0.000000
vn 0.382843 0.923813 0.000000
vn 0.382903 0.000000 -0.923789
vn 0.382903 0.000000 -0.923789
vn 0.382903 0.000000 -0.923789
vn 0.382903 0.000000 -0.923789
vn 0.382903 0.000000 -0.923789
vn 0.382903 0.000000 -0.923789
vn 0.924054 0.000000 -0.382263
vn 0.924054 0.000000 -0.382263
vn 0.924054 0.000000 -0.382263
vn 0.924054 0.000000 -0.382263
vn 0.924054 0.000000 -0.382263
vn 0.924054 0.000000 -0.382263
vn 0.382903 0.000000 0.923789
vn 0.382903 0.000000 0.923789
vn 0.382903 0.000000 0.923789
vn 0.382903 0.000000 0.923789
vn 0.382903 0.000000 0.923789
vn 0.382903 0.000000 0.923789
vn 0.924054 0.000000 0.382263
vn 0.924054 0.000000 0.382263
vn 0.924054 0.000000 0.382263
vn 0.924054 0.000000 0.382263
vn 0.924054 0.000000 0.382263
vn 0.924054 0.000000 0.382263
vn 0.381893 -0.924207 0.000000
vn 0.381893 -0.924207 0.000000
vn 0.381893 -0.924207 0.000000
vn 0.382843 -0.923813 0.000007
vn 0.382843 -0.923813 0.000007
vn 0.382843 -0.923813 0.000007
vn 0.924223 -0.381853 0.000003
vn 0.924223 -0.381853 0.000003
vn 0.924223 -0.381853 0.000003
vn 0.924060 -0.382246 0.000000
vn 0.924060 -0.382247 0.000000
vn 0.924060 -0.382247 0.000000
vn 0.000000 -0.382903 -0.923789
vn 0.000000 -0.382903 -0.923789
vn 0.000000 -0.382903 -0.923789
vn -0.000020 -0.383297 -0.923625
vn -0.000020 -0.383297 -0.923625
vn -0.000020 -0.383297 -0.923625
vn -0.000047 -0.924037 -0.382303
vn -0.000047 -0.924037 -0.382303
vn -0.000047 -0.924037 -0.382303
vn 0.000000 -0.923643 -0.383254
vn 0.000000 -0.923643 -0.383254
vn 0.000000 -0.923643 -0.383254
vn 0.000000 -0.383297 0.923625
vn 0.000000 -0.383297 0.923625
vn 0.000000 -0.383297 0.923625
vn 0.000000 -0.383297 0.923625
vn 0.000000 -0.383297 0.923625
vn 0.000000 -0.383297 0.923625
vn 0.000000 -0.923643 0.383254
vn 0.000000 -0.923643 0.383254
vn 0.000000 -0.923643 0.383254
vn 0.000000 -0.923643 0.383254
vn 0.000000 -0.923643 0.383254
vn 0.000000 -0.923643 0.383254
vn 0.923627 0.000000 -0.383293
vn 0.923627 0.000000 -0.383293
vn 0.923627 0.000000 -0.383293
vn 0.923627 0.000000 -0.383293
vn 0.923627 0.000000 -0.383293
vn 0.923627 0.000000 -0.383293
vn 0.382886 0.000000 -0.923796
vn 0.382886 0.000000 -0.923796
vn 0.382886 0.000000 -0.923796
vn 0.382886 0.000000 -0.923796
vn 0.382886 0.000000 -0.923796
vn 0.382886 0.000000 -0.923796
vn 0.923634 -0.383277 0.000000
vn 0.923634 -0.383277 0.000000
vn 0.923634 -0.383277 0.000000
vn 0.923797 -0.382883 0.000003
vn 0.923797 -0.382883 0.000003
vn 0.923797 -0.382883 0.000003
vn 0.382827 -0.923820 0.000007
vn 0.382827 -0.923820 0.000007
vn 0.382827 -0.923820 0.000007
vn 0.381876 -0.924213 0.000000
vn 0.381876 -0.924213 0.000000
vn 0.381876 -0.924213 0.000000
vn 0.923627 0.000000 0.383293
vn 0.923627 0.000000 0.383293
vn 0.923627 0.000000 0.383293
vn 0.923627 0.000000 0.383293
vn 0.923627 0.000000 0.383293
vn 0.923627 0.000000 0.383293
vn 0.382886 0.000000 0.923796
vn 0.382886 0.000000 0.923796
vn 0.382886 0.000000 0.923796
vn 0.382886 0.000000 0.923796
vn 0.382886 0.000000 0.923796
vn 0.382886 0.000000 0.923796
vn 0.923824 0.382817 0.000000
vn 0.923824 0.382817 0.000000
vn 0.923824 0.382817 0.000000
vn 0.923824 0.382817 0.000000
vn 0.923824 0.382817 0.000000
vn 0.923824 0.382817 0.000000
vn 0.382827 0.923820 0.000000
vn 0.382827 0.923820 0.000000
vn 0.382827 0.923820 0.000000
vn 0.382827 0.923820 0.000000
vn 0.382827 0.923820 0.000000
vn 0.382827 0.923820 0.000000
vn 0.000000 0.923643 -0.383254
vn 0.000000 0.923643 -0.383254
vn 0.000000 0.923643 -0.383254
vn 0.000000 0.923643 -0.383254
vn 0.000000 0.923643 -0.383254
vn 0.000000 0.923643 -0.383254
vn 0.000000 0.382837 -0.923816
vn 0.000000 0.382837 -0.923816
vn 0.000000 0.382837 -0.923816
vn 0.000000 0.382837 -0.923816
vn 0.000000 0.382837 -0.923816
vn 0.000000 0.382837 -0.923816
vn 0.000000 0.923643 0.383254
vn 0.000000 0.923643 0.383254
vn 0.000000 0.923643 0.383254
vn 0.000000 0.923643 0.383254
vn 0.000000 0.923643 0.383254
vn 0.000000 0.923643 0.383254
vn 0.000000 0.382837 0.923816
vn 0.000000 0.382837 0.923816
vn 0.000000 0.382837 0.923816
vn 0.000000 0.382837 0.923816
vn 0.000000 0.382837 0.923816
vn 0.000000 0.382837 0.923816
vn -0.382843 0.923813 0.000000
vn -0.382843 0.923813 0.000000
vn -0.382843 0.923813 0.000000
vn -0.382843 0.923813 0.000000
vn -0.382843 0.923813 0.000000
vn -0.382843 0.923813 0.000000
vn -0.924250 0.381788 0.000000
vn -0.924250 0.381788 0.000000
vn -0.924250 0.381788 0.000000
vn -0.924250 0.381788 0.000000
vn -0.924250 0.381788 0.000000
vn -0.924250 0.381788 0.000000
vn -0.924054 0.000000 -0.382263
vn -0.924054 0.000000 -0.382263
vn -0.924054 0.000000 -0.382263
vn -0.924054 0.000000 -0.382263
vn -0.924054 0.000000 -0.382263
vn -0.924054 0.000000 -0.382263
vn -0.382903 0.000000 -0.923789
vn -0.382903 0.000000 -0.923789
vn -0.382903 0.000000 -0.923789
vn -0.382903 0.000000 -0.923789
vn -0.382903 0.000000 -0.923789
vn -0.382903 0.000000 -0.923789
vn -0.924054 0.000000 0.382263
vn -0.924054 0.000000 0.382263
vn -0.924054 0.000000 0.382263
vn -0.924054 0.000000 0.382263
vn -0.924054 0.000000 0.382263
vn -0.924054 0.000000 0.382263
vn -0.382903 0.000000 0.923789
vn -0.382903 0.000000 0.923789
vn -0.382903 0.000000 0.923789
vn -0.382903 0.000000 0.923789
vn -0.382903 0.000000 0.923789
vn -0.382903 0.000000 0.923789
vn -0.924060 -0.382246 0.000000
vn -0.924060 -0.382247 0.000000
vn -0.924060 -0.382247 0.000000
vn -0.924223 -0.381853 -0.000003
vn -0.924223 -0.381853 -0.000003
vn -0.924223 -0.381853 -0.000003
vn -0.382843 -0.923813 -0.000007
vn -0.382843 -0.923813 -0.000007
vn -0.382843 -0.923813 -0.000007
vn -0.381893 -0.924207 0.000000
vn -0.381893 -0.924207 0.000000
vn -0.381893 -0.924207 0.000000
vn 0.000000 -0.923643 -0.383254
vn 0.000000 -0.923643 -0.383254
vn 0.000000 -0.923643 -0.383254
vn -0.000047 -0.924037 -0.382303
vn -0.000047 -0.924037 -0.382303
vn -0.000047 -0.924037 -0.382303
vn -0.000020 -0.383297 -0.923625
vn -0.000020 -0.383297 -0.923625
vn -0.000020 -0.383297 -0.923625
vn 0.000000 -0.382903 -0.923789
vn 0.000000 -0.382903 -0.923789
vn 0.000000 -0.382903 -0.923789
vn 0.000000 -0.923643 0.383254
vn 0.000000 -0.923643 0.383254
vn 0.000000 -0.923643 0.383254
vn 0.000047 -0.924037 0.382303
vn 0.000047 -0.924037 0.382303
vn 0.000047 -0.924037 0.382303
vn 0.000020 -0.383297 0.923625
vn 0.000020 -0.383297 0.923625
vn 0.000020 -0.383297 0.923625
vn 0.000000 -0.382903 0.923789
vn 0.000000 -0.382903 0.923789
vn 0.000000 -0.382903 0.923789
vn -0.923627 0.000000 -0.383293
vn -0.923627 0.000000 -0.383293
vn -0.923627 0.000000 -0.383293
vn -0.923627 0.000000 -0.383293
vn -0.923627 0.000000 -0.383293
vn -0.923627 0.000000 -0.383293
vn -0.382886 0.000000 -0.923796
vn -0.382886 0.000000 -0.923796
vn -0.382886 0.000000 -0.923796
vn -0.382886 0.000000 -0.923796
vn -0.382886 0.000000 -0.923796
vn -0.382886 0.000000 -0.923796
vn -0.923634 0.383277 0.000000
vn -0.923634 0.383277 0.000000
vn -0.923634 0.383277 0.000000
vn -0.923797 0.382883 0.000003
vn -0.923797 0.382883 0.000003
vn -0.923797 0.382883 0.000003
vn -0.382827 0.923820 0.000007
vn -0.382827 0.923820 0.000007
vn -0.382827 0.923820 0.000007
vn -0.381876 0.924213 0.000000
vn -0.381876 0.924213 0.000000
vn -0.381876 0.924213 0.000000
vn -0.923627 0.000000 0.383293
vn -0.923627 0.000000 0.383293
vn -0.923627 0.000000 0.383293
vn -0.923627 0.000000 0.383293
vn -0.923627 0.000000 0.383293
vn -0.923627 0.000000 0.383293
vn -0.382886 0.000000 0.923796
vn -0.382886 0.000000 0.923796
vn -0.382886 0.000000 0.923796
vn -0.382886 0.000000 0.923796
vn -0.382886 0.000000 0.923796
vn -0.382886 0.000000 0.923796
vn -0.923824 -0.382817 0.000000
vn -0.923824 -0.382817 0.000000
vn -0.923824 -0.382817 0.000000
vn -0.923824 -0.382817 0.000000
vn -0.923824 -0.382817 0.000000
vn -0.923824 -0.382817 0.000000
vn -0.382827 -0.923820 0.000000
vn -0.382827 -0.923820 0.000000
vn -0.382827 -0.923820 0.000000
vn -0.382827 -0.923820 0.000000
vn -0.382827 -0.923820 0.000000
vn -0.382827 -0.923820 0.000000
vn 0.000000 -0.923643 -0.383254
vn 0.000000 -0.923643 -0.383254
vn 0.000000 -0.923643 -0.383254
vn 0.000000 -0.923643 -0.383254
vn 0.000000 -0.923643 -0.383254
vn 0.000000 -0.923643 -0.383254
vn 0.000000 -0.382837 -0.923816
vn 0.000000 -0.382837 -0.923816
vn 0.000000 -0.382837 -0.923816
vn 0.000000 -0.382837 -0.923816
vn 0.000000 -0.382837 -0.923816
vn 0.000000 -0.382837 -0.923816
vn 0.000000 -0.923643 0.383254
vn 0.000000 -0.923643 0.383254
vn 0.000000 -0.923643 0.383254
vn 0.000000 -0.923643 0.383254
vn 0.000000 -0.923643 0.383254
vn 0.000000 -0.923643 0.383254
vn 0.000000 -0.382837 0.923816
vn 0.000000 -0.382837 0.923816
vn 0.000000 -0.382837 0.923816
vn 0.000000 -0.382837 0.923816
vn 0.000000 -0.382837 0.923816
vn 0.000000 -0.382837 0.923816
vn 0.382843 -0.923813 0.000000
vn 0.382843 -0.923813 0.000000
vn 0.382843 -0.923813 0.000000
vn 0.382843 -0.923813 0.000000
vn 0.382843 -0.923813 0.000000
vn 0.382843 -0.923813 0.000000
vn 0.924250 -0.381788 0.000000
vn 0.924250 -0.381788 0.000000
vn 0.924250 -0.381788 0.000000
vn 0.924250 -0.381788 0.000000
vn 0.924250 -0.381788 0.000000
vn 0.924250 -0.381788 0.000000
vn 0.924054 0.000000 -0.382263
vn 0.924054 0.000000 -0.382263
vn 0.924054 0.000000 -0.382263
vn 0.924054 0.000000 -0.382263
vn 0.924054 0.000000 -0.382263
vn 0.924054 0.000000 -0.382263
vn 0.382903 0.000000 -0.923789
vn 0.382903 0.000000 -0.923789
vn 0.382903 0.000000 -0.923789
vn 0.382903 0.000000 -0.923789
vn 0.382903 0.000000 -0.923789
vn 0.382903 0.000000 -0.923789
vn 0.924054 0.000000 0.382263
vn 0.924054 0.000000 0.382263
vn 0.924054 0.000000 0.382263
vn 0.924054 0.000000 0.382263
vn 0.924054 0.000000 0.382263
vn 0.924054 0.000000 0.382263
vn 0.382903 0.000000 0.923789
vn 0.382903 0.000000 0.923789
vn 0.382903 0.000000 0.923789
vn 0.382903 0.000000 0.923789
vn 0.382903 0.000000 0.923789
vn 0.382903 0.000000 0.923789
vn 0.924060 0.382246 0.000000
vn 0.924060 0.382247 0.000000
vn 0.924060 0.382247 0.000000
vn 0.924223 0.381853 -0.000003
vn 0.924223 0.381853 -0.000003
vn 0.924223 0.381853 -0.000003
vn 0.382843 0.923813 -0.000007
vn 0.382843 0.923813 -0.000007
vn 0.382843 0.923813 -0.000007
vn 0.381893 0.924207 0.000000
vn 0.381893 0.924207 0.000000
vn 0.381893 0.924207 0.000000
vn 0.000000 0.923643 -0.383254
vn 0.000000 0.923643 -0.383254
vn 0.000000 0.923643 -0.383254
vn 0.000047 0.924037 -0.382303
vn 0.000047 0.924037 -0.382303
vn 0.000047 0.924037 -0.382303
vn 0.000020 0.383297 -0.923625
vn 0.000020 0.383297 -0.923625
vn 0.000020 0.383297 -0.923625
vn 0.000000 0.382903 -0.923789
vn 0.000000 0.382903 -0.923789
vn 0.000000 0.382903 -0.923789
vn 0.000000 0.923643 0.383254
vn 0.000000 0.923643 0.383254
vn 0.000000 0.923643 0.383254
vn -0.000047 0.924037 0.382303
vn -0.000047 0.924037 0.382303
vn -0.000047 0.924037 0.382303
vn -0.000020 0.383297 0.923625
vn -0.000020 0.383297 0.923625
vn -0.000020 0.383297 0.923625
vn 0.000000 0.382903 0.923789
vn 0.000000 0.382903 0.923789
vn 0.000000 0.382903 0.923789
vn 0.382886 0.000000 -0.923796
vn 0.382886 0.000000 -0.923796
vn 0.382886 0.000000 -0.923796
vn 0.382886 0.000000 -0.923796
vn 0.382886 0.000000 -0.923796
vn 0.382886 0.000000 -0.923796
vn 0.923627 0.000000 -0.383293
vn 0.923627 0.000000 -0.383293
vn 0.923627 0.000000 -0.383293
vn 0.923627 0.000000 -0.383293
vn 0.923627 0.000000 -0.383293
vn 0.923627 0.000000 -0.383293
vn 0.382827 0.923820 0.000000
vn 0.382827 0.923820 0.000000
vn 0.382827 0.923820 0.000000
vn 0.382827 0.923820 0.000000
vn 0.382827 0.923820 0.000000
vn 0.382827 0.923820 0.000000
vn 0.923634 0.383277 0.000000
vn 0.923634 0.383277 0.000000
vn 0.923634 0.383277 0.000000
vn 0.923634 0.383277 0.000000
vn 0.923634 0.383277 0.000000
vn 0.923634 0.383277 0.000000
vn 0.382886 0.000000 0.923796
vn 0.382886 0.000000 0.923796
vn 0.382886 0.000000 0.923796
vn 0.382886 0.000000 0.923796
vn 0.382886 0.000000 0.923796
vn 0.382886 0.000000 0.923796
vn 0.923627 0.000000 0.383293
vn 0.923627 0.000000 0.383293
vn 0.923627 0.000000 0.383293
vn 0.923627 0.000000 0.383293
vn 0.923627 0.000000 0.383293
vn 0.923627 0.000000 0.383293
vn 0.382827 -0.923820 0.000000
vn 0.382827 -0.923820 0.000000
vn 0.382827 -0.923820 0.000000
vn 0.382827 -0.923820 0.000000
vn 0.382827 -0.923820 0.000000
vn 0.382827 -0.923820 0.000000
vn 0.923824 -0.382817 0.000000
vn 0.923824 -0.382817 0.000000
vn 0.923824 -0.382817 0.000000
vn 0.923824 -0.382817 0.000000
vn 0.923824 -0.382817 0.000000
vn 0.923824 -0.382817 0.000000
vn 0.000000 -0.382837 -0.923816
vn 0.000000 -0.382837 -0.923816
vn 0.000000 -0.382837 -0.923816
vn 0.000000 -0.382837 -0.923816
vn 0.000000 -0.382837 -0.923816
vn 0.000000 -0.382837 -0.923816
vn 0.000000 -0.923643 -0.383254
vn 0.000000 -0.923643 -0.383254
vn 0.000000 -0.923643 -0.383254
vn 0.000000 -0.923643 -0.383254
vn 0.000000 -0.923643 -0.383254
vn 0.000000 -0.923643 -0.383254
vn 0.000000 -0.382837 0.923816
vn 0.000000 -0.382837 0.923816
vn 0.000000 -0.382837 0.923816
vn 0.000000 -0.382837 0.923816
vn 0.000000 -0.382837 0.923816
vn 0.000000 -0.382837 0.923816
vn 0.000000 -0.923643 0.383254
vn 0.000000 -0.923643 0.383254
vn 0.000000 -0.923643 0.383254
vn 0.000000 -0.923643 0.383254
vn 0.000000 -0.923643 0.383254
vn 0.000000 -0.923643 0.383254
vn -0.924250 -0.381788 0.000000
vn -0.924250 -0.381788 0.000000
vn -0.924250 -0.381788 0.000000
vn -0.924250 -0.381788 0.000000
vn -0.924250 -0.381788 0.000000
vn -0.924250 -0.381788 0.000000
vn -0.382843 -0.923813 0.000000
vn -0.382843 -0.923813 0.000000
vn -0.382843 -0.923813 0.000000
vn -0.382843 -0.923813 0.000000
vn -0.382843 -0.923813 0.000000
vn -0.382843 -0.923813 0.000000
vn -0.382903 0.000000 -0.923789
vn -0.382903 0.000000 -0.923789
vn -0.382903 0.000000 -0.923789
vn -0.382903 0.000000 -0.923789
vn -0.382903 0.000000 -0.923789
vn -0.382903 0.000000 -0.923789
vn -0.924054 0.000000 -0.382263
vn -0.924054 0.000000 -0.382263
vn -0.924054 0.000000 -0.382263
vn -0.924054 0.000000 -0.382263
vn -0.924054 0.000000 -0.382263
vn -0.924054 0.000000 -0.382263
vn -0.382903 0.000000 0.923789
vn -0.382903 0.000000 0.923789
vn -0.382903 0.000000 0.923789
vn -0.382903 0.000000 0.923789
vn -0.382903 0.000000 0.923789
vn -0.382903 0.000000 0.923789
vn -0.924054 0.000000 0.382263
vn -0.924054 0.000000 0.382263
vn -0.924054 0.000000 0.382263
vn -0.924054 0.000000 0.382263
vn -0.924054 0.000000 0.382263
vn -0.924054 0.000000 0.382263
vn -0.381893 0.924207 0.000000
vn -0.381893 0.924207 0.000000
vn -0.381893 0.924207 0.000000
vn -0.382843 0.923813 0.000007
vn -0.382843 0.923813 0.000007
vn -0.382843 0.923813 0.000007
vn -0.924223 0.381853 0.000003
vn -0.924223 0.381853 0.000003
vn -0.924223 0.381853 0.000003
vn -0.924060 0.382246 0.000000
vn -0.924060 0.382247 0.000000
vn -0.924060 0.382247 0.000000
vn 0.000000 0.382903 -0.923789
vn 0.000000 0.382903 -0.923789
vn 0.000000 0.382903 -0.923789
vn 0.000020 0.383297 -0.923625
vn 0.000020 0.383297 -0.923625
vn 0.000020 0.383297 -0.923625
vn 0.000047 0.924037 -0.382303
vn 0.000047 0.924037 -0.382303
vn 0.000047 0.924037 -0.382303
vn 0.000000 0.923643 -0.383254
vn 0.000000 0.923643 -0.383254
vn 0.000000 0.923643 -0.383254
vn 0.000000 0.383297 0.923625
vn 0.000000 0.383297 0.923625
vn 0.000000 0.383297 0.923625
vn 0.000000 0.383297 0.923625
vn 0.000000 0.383297 0.923625
vn 0.000000 0.383297 0.923625
vn 0.000000 0.923643 0.383254
vn 0.000000 0.923643 0.383254
vn 0.000000 0.923643 0.383254
vn 0.000000 0.923643 0.383254
vn 0.000000 0.923643 0.383254
vn 0.000000 0.923643 0.383254
vn 0.000000 0.000000 -1.000000
vn 0.000000 0.000000 -1.000000
vn 0.000000 0.000000 -1.000000
vn 0.000000 0.000000 -1.000000
vn 0.000000 0.000000 -1.000000
vn 0.000000 0.000000 -1.000000
vn 0.000000 0.304892 0.952387
vn 0.000000 0.304892 0.952387
vn 0.000000 0.304892 0.952387
vn 0.000000 0.304892 0.952387
vn 0.000000 0.304892 0.952387
vn 0.000000 0.304892 0.952387
vn -1.000000 0.000000 0.000000
vn -1.000000 0.000000 0.000000
vn -1.000000 0.000000 0.000000
vn 1.000000 0.000000 0.000000
vn 1.000000 0.000000 0.000000
vn 1.000000 0.000000 0.000000
vn 1.000000 0.000000 0.000000
vn 1.000000 0.000000 0.000000
vn 1.000000 0.000000 0.000000
vn 1.000000 0.000000 0.000000
vn 1.000000 0.000000 0.000000
vn 1.000000 0.000000 0.000000
vn 1.000000 0.000000 0.000000
vn 1.000000 0.000000 0.000000
vn 1.000000 0.000000 0.000000
vn 0.000000 -0.004944 0.999988
vn 0.000000 -0.004944 0.999988
vn 0.000000 -0.004944 0.999988
vn 0.000000 -0.004944 0.999988
vn 0.000000 -0.004944 0.999988
vn 0.000000 -0.004944 0.999988
vn 0.000000 -0.312086 -0.950054
vn 0.000000 -0.312086 -0.950054
vn 0.000000 -0.312086 -0.950054
vn 0.000000 -0.312086 -0.950054
vn 0.000000 -0.312086 -0.950054
vn 0.000000 -0.312086 -0.950054
vn 0.000000 -1.000000 0.000457
vn 0.000000 -1.000000 0.000457
vn 0.000000 -1.000000 0.000457
vn 0.000000 -1.000000 0.000457
vn 0.000000 -1.000000 0.000457
vn 0.000000 -1.000000 0.000457
vn -1.000000 0.000000 0.000000
vn -1.000000 0.000000 0.000000
vn -1.000000 0.000000 0.000000
vn -1.000000 0.000000 0.000000
vn -1.000000 0.000000 0.000000
vn -1.000000 0.000000 0.000000
vn -1.000000 0.000000 0.000000
vn -1.000000 0.000000 0.000000
vn -1.000000 0.000000 0.000000
vn 0.000000 0.000000 -1.000000
vn 0.000000 0.000000 -1.000000
vn 0.000000 0.000000 -1.000000
vn 0.000000 0.000000 -1.000000
vn 0.000000 0.000000 -1.000000
vn 0.000000 0.000000 -1.000000
vn -0.845373 0.431156 -0.315354
vn -0.845373 0.431156 -0.315354
vn -0.845373 0.431156 -0.315354
vn -0.846223 0.316304 -0.428787
vn -0.846223 0.316304 -0.428787
vn -0.846223 0.316304 -0.428787
vn -0.225516 0.900149 -0.372658
vn -0.225516 0.900149 -0.372658
vn -0.225516 0.900149 -0.372658
vn -0.300455 0.904188 -0.303597
vn -0.300455 0.904188 -0.303597
vn -0.300455 0.904188 -0.303597
vn -0.301792 0.304264 -0.903518
vn -0.301792 0.304264 -0.903518
vn -0.301792 0.304264 -0.903518
vn -0.227428 0.372681 -0.899658
vn -0.227428 0.372681 -0.899658
vn -0.227428 0.372681 -0.899658
vn 0.846223 0.316304 -0.428787
vn 0.846223 0.316304 -0.428787
vn 0.846223 0.316304 -0.428787
vn 0.845373 0.431156 -0.315354
vn 0.845373 0.431156 -0.315354
vn 0.845373 0.431156 -0.315354
vn 0.227428 0.372681 -0.899658
vn 0.227428 0.372681 -0.899658
vn 0.227428 0.372681 -0.899658
vn 0.301792 0.304264 -0.903518
vn 0.301792 0.304264 -0.903518
vn 0.301792 0.304264 -0.903518
vn 0.300455 0.904188 -0.303597
vn 0.300455 0.904188 -0.303597
vn 0.300455 0.904188 -0.303597
vn 0.225516 0.900149 -0.372658
vn 0.225516 0.900149 -0.372658
vn 0.225516 0.900149 -0.372658
vn 0.338338 0.516779 0.786426
vn 0.338338 0.516779 0.786426
vn 0.338338 0.516779 0.786426
vn 0.255490 0.582790 0.771415
vn 0.255490 0.582790 0.771415
vn 0.255490 0.582790 0.771415
vn 0.860072 0.434926 0.266674
vn 0.860072 0.434926 0.266674
vn 0.860072 0.434926 0.266674
vn 0.865789 0.397445 0.304050
vn 0.865789 0.397445 0.304050
vn 0.865789 0.397445 0.304050
vn 0.215067 0.921644 0.322983
vn 0.215067 0.921644 0.322983
vn 0.215067 0.921644 0.322983
vn 0.310637 0.919710 0.240079
vn 0.310637 0.919710 0.240079
vn 0.310637 0.919710 0.240079
vn -0.255490 0.582790 0.771415
vn -0.255490 0.582790 0.771415
vn -0.255490 0.582790 0.771415
vn -0.338338 0.516779 0.786426
vn -0.338338 0.516779 0.786426
vn -0.338338 0.516779 0.786426
vn -0.310637 0.919710 0.240079
vn -0.310637 0.919710 0.240079
vn -0.310637 0.919710 0.240079
vn -0.215067 0.921644 0.322983
vn -0.215067 0.921644 0.322983
vn -0.215067 0.921644 0.322983
vn -0.865789 0.397445 0.304050
vn -0.865789 0.397445 0.304050
vn -0.865789 0.397445 0.304050
vn -0.860072 0.434926 0.266674
vn -0.860072 0.434926 0.266674
vn -0.860072 0.434926 0.266674
vn 0.300948 -0.907246 -0.293827
vn 0.300948 -0.907246 -0.293827
vn 0.300948 -0.907246 -0.293827
vn 0.377974 -0.898515 -0.223173
vn 0.377974 -0.898515 -0.223173
vn 0.377974 -0.898515 -0.223173
vn 0.414543 -0.469730 -0.779428
vn 0.414543 -0.469730 -0.779428
vn 0.414543 -0.469730 -0.779428
vn 0.331052 -0.546996 -0.768896
vn 0.331052 -0.546996 -0.768895
vn 0.331052 -0.546996 -0.768896
vn 0.874393 -0.420407 -0.242271
vn 0.874393 -0.420407 -0.242271
vn 0.874393 -0.420407 -0.242271
vn 0.877898 -0.356159 -0.320071
vn 0.877898 -0.356159 -0.320071
vn 0.877898 -0.356159 -0.320071
vn -0.346933 -0.908197 -0.234128
vn -0.346933 -0.908197 -0.234128
vn -0.346933 -0.908197 -0.234128
vn -0.250279 -0.914275 -0.318529
vn -0.250279 -0.914275 -0.318529
vn -0.250279 -0.914275 -0.318529
vn -0.881843 -0.374012 -0.287172
vn -0.881843 -0.374012 -0.287172
vn -0.881843 -0.374012 -0.287172
vn -0.880498 -0.396697 -0.259529
vn -0.880498 -0.396697 -0.259529
vn -0.880498 -0.396697 -0.259529
vn -0.265606 -0.585512 -0.765917
vn -0.265606 -0.585512 -0.765917
vn -0.265606 -0.585512 -0.765917
vn -0.359063 -0.507331 -0.783383
vn -0.359063 -0.507331 -0.783383
vn -0.359063 -0.507331 -0.783383
vn 0.885885 -0.283565 0.367149
vn 0.885885 -0.283565 0.367149
vn 0.885885 -0.283565 0.367149
vn 0.885907 -0.368150 0.282194
vn 0.885907 -0.368150 0.282194
vn 0.885907 -0.368150 0.282194
vn 0.281211 -0.370796 0.885116
vn 0.281211 -0.370796 0.885116
vn 0.281210 -0.370796 0.885116
vn 0.366568 -0.285684 0.885445
vn 0.366568 -0.285684 0.885445
vn 0.366568 -0.285684 0.885445
vn 0.366505 -0.886539 0.282351
vn 0.366505 -0.886539 0.282351
vn 0.366505 -0.886539 0.282351
vn 0.281458 -0.886555 0.367154
vn 0.281458 -0.886555 0.367154
vn 0.281458 -0.886555 0.367154
vn -0.281458 -0.886555 0.367154
vn -0.281458 -0.886555 0.367154
vn -0.281458 -0.886555 0.367154
vn -0.366505 -0.886539 0.282351
vn -0.366505 -0.886539 0.282351
vn -0.366505 -0.886539 0.282351
vn -0.366568 -0.285684 0.885445
vn -0.366568 -0.285684 0.885445
vn -0.366568 -0.285684 0.885445
vn -0.281210 -0.370796 0.885116
vn -0.281211 -0.370796 0.885116
vn -0.281211 -0.370796 0.885116
vn -0.885907 -0.368150 0.282194
vn -0.885907 -0.368150 0.282194
vn -0.885907 -0.368150 0.282194
vn -0.885885 -0.283565 0.367149
vn -0.885885 -0.283565 0.367149
vn -0.885885 -0.283565 0.367149
vn 0.000000 0.943728 0.330722
vn 0.000000 0.943728 0.330722
vn 0.000000 0.943728 0.330722
vn 0.000000 0.943728 0.330722
vn 0.000000 0.943728 0.330722
vn 0.000000 0.943728 0.330722
vn 0.000000 0.602796 0.797895
vn 0.000000 0.602796 0.797895
vn 0.000000 0.602796 0.797895
vn 0.000000 0.602796 0.797895
vn 0.000000 0.602796 0.797895
vn 0.000000 0.602796 0.797895
vn -0.902964 0.429715 -0.000071
vn -0.902964 0.429715 -0.000071
vn -0.902964 0.429715 -0.000071
vn -0.902146 0.431431 -0.000030
vn -0.902146 0.431431 -0.000030
vn -0.902146 0.431431 -0.000030
vn -0.340675 0.940181 -0.000044
vn -0.340675 0.940181 -0.000044
vn -0.340675 0.940181 -0.000044
vn -0.338965 0.940799 0.000000
vn -0.338965 0.940799 0.000000
vn -0.338965 0.940799 0.000000
vn 0.902147 0.431428 -0.000071
vn 0.902147 0.431428 -0.000071
vn 0.902147 0.431428 -0.000071
vn 0.902966 0.429712 -0.000030
vn 0.902966 0.429712 -0.000030
vn 0.902966 0.429712 -0.000030
vn 0.338968 0.940798 -0.000044
vn 0.338968 0.940798 -0.000044
vn 0.338968 0.940798 -0.000044
vn 0.340678 0.940180 0.000000
vn 0.340678 0.940180 0.000000
vn 0.340678 0.940180 0.000000
vn 0.000000 0.923951 -0.382512
vn 0.000000 0.923951 -0.382512
vn 0.000000 0.923951 -0.382512
vn 0.000000 0.923951 -0.382512
vn 0.000000 0.923951 -0.382512
vn 0.000000 0.923951 -0.382512
vn 0.000000 0.382710 -0.923868
vn 0.000000 0.382710 -0.923868
vn 0.000000 0.382710 -0.923868
vn 0.000000 0.382710 -0.923868
vn 0.000000 0.382710 -0.923868
vn 0.000000 0.382710 -0.923868
vn -0.904092 0.000010 -0.427337
vn -0.904092 0.000010 -0.427337
vn -0.904092 0.000010 -0.427337
vn -0.905173 0.000066 -0.425043
vn -0.905173 0.000066 -0.425043
vn -0.905173 0.000066 -0.425043
vn -0.340732 0.000000 -0.940160
vn -0.340732 0.000000 -0.940160
vn -0.340732 0.000000 -0.940160
vn -0.344226 0.000089 -0.938887
vn -0.344226 0.000089 -0.938887
vn -0.344226 0.000089 -0.938887
vn 0.905173 0.000066 -0.425043
vn 0.905173 0.000066 -0.425043
vn 0.905173 0.000066 -0.425043
vn 0.904092 0.000010 -0.427337
vn 0.904092 0.000010 -0.427337
vn 0.904092 0.000010 -0.427337
vn 0.344226 0.000089 -0.938887
vn 0.344226 0.000089 -0.938887
vn 0.344226 0.000089 -0.938887
vn 0.340732 0.000000 -0.940160
vn 0.340732 0.000000 -0.940160
vn 0.340732 0.000000 -0.940160
vn 0.000000 -0.951351 -0.308111
vn 0.000000 -0.951350 -0.308111
vn 0.000000 -0.951350 -0.308111
vn -0.000849 -0.944330 -0.329000
vn -0.000849 -0.944330 -0.329000
vn -0.000849 -0.944330 -0.329000
vn -0.001287 -0.579682 -0.814842
vn -0.001287 -0.579682 -0.814842
vn -0.001287 -0.579682 -0.814842
vn 0.000000 -0.607326 -0.794452
vn 0.000000 -0.607326 -0.794452
vn 0.000000 -0.607326 -0.794452
vn -0.934869 -0.110785 -0.337263
vn -0.934869 -0.110785 -0.337263
vn -0.934869 -0.110785 -0.337263
vn -0.935802 -0.110020 -0.334917
vn -0.935802 -0.110020 -0.334917
vn -0.935802 -0.110020 -0.334917
vn -0.412360 -0.284314 -0.865520
vn -0.412360 -0.284314 -0.865520
vn -0.412360 -0.284314 -0.865520
vn -0.414092 -0.284072 -0.864772
vn -0.414092 -0.284072 -0.864772
vn -0.414092 -0.284072 -0.864772
vn 0.935801 -0.110015 -0.334921
vn 0.935801 -0.110015 -0.334921
vn 0.935802 -0.110015 -0.334921
vn 0.930562 -0.114292 -0.347838
vn 0.930562 -0.114292 -0.347838
vn 0.930562 -0.114292 -0.347838
vn 0.414105 -0.284137 -0.864745
vn 0.414105 -0.284137 -0.864745
vn 0.414105 -0.284137 -0.864745
vn 0.444355 -0.279583 -0.851106
vn 0.444355 -0.279583 -0.851106
vn 0.444355 -0.279583 -0.851106
vn 0.382688 -0.004568 0.923866
vn 0.382688 -0.004568 0.923866
vn 0.382688 -0.004568 0.923866
vn 0.382505 -0.004563 0.923942
vn 0.382505 -0.004563 0.923942
vn 0.382505 -0.004563 0.923942
vn 0.923874 -0.001890 0.382693
vn 0.923874 -0.001890 0.382693
vn 0.923874 -0.001890 0.382693
vn 0.923866 -0.001890 0.382711
vn 0.923866 -0.001890 0.382711
vn 0.923866 -0.001890 0.382711
vn 0.000000 -0.386389 0.922336
vn 0.000000 -0.386389 0.922336
vn 0.000000 -0.386389 0.922336
vn 0.000000 -0.386389 0.922336
vn 0.000000 -0.386389 0.922336
vn 0.000000 -0.386389 0.922336
vn 0.000000 -0.923905 0.382622
vn 0.000000 -0.923905 0.382622
vn 0.000000 -0.923905 0.382622
vn 0.000000 -0.923905 0.382622
vn 0.000000 -0.923905 0.382622
vn 0.000000 -0.923905 0.382622
vn -0.382505 -0.004568 0.923942
vn -0.382505 -0.004568 0.923942
vn -0.382505 -0.004568 0.923942
vn -0.382689 -0.004563 0.923866
vn -0.382689 -0.004563 0.923866
vn -0.382689 -0.004563 0.923866
vn -0.923866 -0.001890 0.382711
vn -0.923866 -0.001890 0.382711
vn -0.923866 -0.001890 0.382711
vn -0.923874 -0.001890 0.382693
vn -0.923874 -0.001890 0.382693
vn -0.923874 -0.001890 0.382693
vn 0.936048 0.107287 0.335117
vn 0.936048 0.107287 0.335117
vn 0.936048 0.107287 0.335117
vn 0.936007 0.107320 0.335221
vn 0.936007 0.107320 0.335221
vn 0.936007 0.107320 0.335221
vn 0.415133 0.277380 0.866444
vn 0.415133 0.277380 0.866444
vn 0.415133 0.277380 0.866444
vn 0.415928 0.277268 0.866098
vn 0.415928 0.277268 0.866099
vn 0.415928 0.277268 0.866099
vn 0.921937 -0.387340 0.000176
vn 0.921937 -0.387340 0.000176
vn 0.921937 -0.387340 0.000176
vn 0.923951 -0.382512 0.000035
vn 0.923951 -0.382512 0.000035
vn 0.923951 -0.382512 0.000035
vn 0.394064 -0.919083 0.000084
vn 0.394064 -0.919083 0.000084
vn 0.394064 -0.919083 0.000084
vn 0.382509 -0.923952 0.000422
vn 0.382509 -0.923952 0.000422
vn 0.382509 -0.923952 0.000422
vn -0.382554 -0.923933 0.000422
vn -0.382554 -0.923933 0.000422
vn -0.382554 -0.923933 0.000422
vn -0.382509 -0.923952 0.000421
vn -0.382509 -0.923952 0.000421
vn -0.382509 -0.923952 0.000421
vn -0.923965 -0.382478 0.000174
vn -0.923965 -0.382478 0.000174
vn -0.923965 -0.382478 0.000174
vn -0.923950 -0.382512 0.000173
vn -0.923950 -0.382512 0.000173
vn -0.923950 -0.382512 0.000173
vn -0.415133 0.277379 0.866444
vn -0.415133 0.277379 0.866444
vn -0.415133 0.277379 0.866444
vn -0.415927 0.277270 0.866098
vn -0.415927 0.277270 0.866098
vn -0.415927 0.277270 0.866098
vn -0.936048 0.107287 0.335117
vn -0.936048 0.107287 0.335117
vn -0.936048 0.107287 0.335117
vn -0.936007 0.107320 0.335221
vn -0.936007 0.107320 0.335221
vn -0.936007 0.107320 0.335221
vn 0.000000 1.000000 0.000000
vn 0.000000 1.000000 0.000000
vn 0.000000 1.000000 0.000000
vn 0.000000 1.000000 0.000000
vn 0.000000 1.000000 0.000000
vn 0.000000 1.000000 0.000000
g mesh
f 35//1 29//2 23//3
f 23//4 26//5 35//6
f 70//7 67//8 10//9
f 16//10 13//11 28//12
f 10//13 16//14 28//15
f 34//16 31//17 46//18
f 28//19 34//20 46//21
f 10//22 28//23 46//24
f 52//25 49//26 64//27
f 46//28 52//29 64//30
f 10//31 46//32 64//33
f 70//34 10//35 64//36
f 14//37 17//38 8//39
f 8//40 2//41 14//42
f 50//43 53//44 44//45
f 44//46 38//47 50//48
f 7//49 4//50 55//51
f 61//52 58//53 37//54
f 55//55 61//56 37//57
f 43//58 40//59 19//60
f 37//61 43//62 19//63
f 55//64 37//65 19//66
f 25//67 22//68 1//69
f 19//70 25//71 1//72
f 55//73 19//74 1//75
f 7//76 55//77 1//78
f 2//79 23//80 29//81
f 29//82 14//83 2//84
f 59//85 62//86 71//87
f 71//88 65//89 59//90
f 59//91 65//92 50//93
f 50//94 38//95 59//96
f 34//97 28//98 30//99
f 30//100 36//101 34//102
f 36//103 30//104 29//105
f 29//106 35//107 36//108
f 22//109 25//110 27//111
f 27//112 24//113 22//114
f 24//115 27//116 26//117
f 26//118 23//119 24//120
f 25//121 19//122 21//123
f 21//124 27//125 25//126
f 27//127 21//128 20//129
f 20//130 26//131 27//132
f 4//133 7//134 9//135
f 9//136 6//137 4//138
f 6//139 9//140 8//141
f 8//142 5//143 6//144
f 13//145 16//146 18//147
f 18//148 15//149 13//150
f 15//151 18//152 17//153
f 17//154 14//155 15//156
f 7//157 1//158 3//159
f 3//160 9//161 7//162
f 9//163 3//164 2//165
f 2//166 8//167 9//168
f 61//169 55//170 57//171
f 57//172 63//173 61//174
f 63//175 57//176 56//177
f 56//178 62//179 63//180
f 58//181 61//182 63//183
f 63//184 60//185 58//186
f 60//187 63//188 62//189
f 62//190 59//191 60//192
f 70//193 64//194 66//195
f 66//196 72//197 70//198
f 72//199 66//200 65//201
f 65//202 71//203 72//204
f 40//205 43//206 45//207
f 45//208 42//209 40//210
f 42//211 45//212 44//213
f 44//214 41//215 42//216
f 49//217 52//218 54//219
f 54//220 51//221 49//222
f 51//223 54//224 53//225
f 53//226 50//227 51//228
f 43//229 37//230 39//231
f 39//232 45//233 43//234
f 45//235 39//236 38//237
f 38//238 44//239 45//240
f 60//241 59//242 38//243
f 38//244 39//245 60//246
f 58//247 60//248 39//249
f 39//250 37//251 58//252
f 42//253 41//254 20//255
f 20//256 21//257 42//258
f 40//259 42//260 21//261
f 21//262 19//263 40//264
f 24//265 23//266 2//267
f 2//268 3//269 24//270
f 22//271 24//272 3//273
f 3//274 1//275 22//276
f 6//277 5//278 56//279
f 56//280 57//281 6//282
f 4//283 6//284 57//285
f 57//286 55//287 4//288
f 30//289 28//290 13//291
f 13//292 15//293 30//294
f 29//295 30//296 15//297
f 15//298 14//299 29//300
f 51//301 50//302 65//303
f 65//304 66//305 51//306
f 49//307 51//308 66//309
f 66//310 64//311 49//312
f 77//313 80//314 89//315
f 89//316 83//317 77//318
f 88//319 85//320 136//321
f 142//322 139//323 118//324
f 136//325 142//326 118//327
f 124//328 121//329 100//330
f 118//331 124//332 100//333
f 136//334 118//335 100//336
f 106//337 103//338 82//339
f 100//340 106//341 82//342
f 136//343 100//344 82//345
f 88//346 136//347 82//348
f 104//349 107//350 98//351
f 98//352 92//353 104//354
f 92//355 77//356 83//357
f 83//358 104//359 92//360
f 140//361 143//362 134//363
f 134//364 128//365 140//366
f 113//367 116//368 125//369
f 125//370 119//371 113//372
f 113//373 119//374 140//375
f 140//376 128//377 113//378
f 76//379 79//380 81//381
f 81//382 78//383 76//384
f 78//385 81//386 80//387
f 80//388 77//389 78//390
f 88//391 82//392 84//393
f 84//394 90//395 88//396
f 90//397 84//398 83//399
f 83//400 89//401 90//402
f 103//403 106//404 108//405
f 108//406 105//407 103//408
f 105//409 108//410 107//411
f 107//412 104//413 105//414
f 97//415 91//416 93//417
f 93//418 99//419 97//420
f 99//421 93//422 92//423
f 92//424 98//425 99//426
f 139//427 142//428 144//429
f 144//430 141//431 139//432
f 141//433 144//434 143//435
f 143//436 140//437 141//438
f 133//439 127//440 129//441
f 129//442 135//443 133//444
f 135//445 129//446 128//447
f 128//448 134//449 135//450
f 112//451 115//452 117//453
f 117//454 114//455 112//456
f 114//457 117//458 116//459
f 116//460 113//461 114//462
f 124//463 118//464 120//465
f 120//466 126//467 124//468
f 126//469 120//470 119//471
f 119//472 125//473 126//474
f 78//475 77//476 92//477
f 92//478 93//479 78//480
f 76//481 78//482 93//483
f 93//484 91//485 76//486
f 114//487 113//488 128//489
f 128//490 129//491 114//492
f 112//493 114//494 129//495
f 129//496 127//497 112//498
f 84//499 82//500 103//501
f 103//502 105//503 84//504
f 83//505 84//506 105//507
f 105//508 104//509 83//510
f 141//511 140//512 119//513
f 119//514 120//515 141//516
f 139//517 141//518 120//519
f 120//520 118//521 139//522
f 133//523 130//524 73//525
f 79//526 76//527 91//528
f 73//529 79//530 91//531
f 97//532 94//533 109//534
f 91//535 97//536 109//537
f 73//538 91//539 109//540
f 115//541 112//542 127//543
f 109//544 115//545 127//546
f 73//547 109//548 127//549
f 133//550 73//551 127//552
f 32//553 35//554 26//555
f 26//556 20//557 32//558
f 53//559 47//560 41//561
f 41//562 44//563 53//564
f 17//565 11//566 5//567
f 5//568 8//569 17//570
f 20//571 41//572 47//573
f 47//574 32//575 20//576
f 56//577 5//578 11//579
f 11//580 68//581 56//582
f 62//583 56//584 68//585
f 68//586 71//587 62//588
f 31//589 34//590 36//591
f 36//592 33//593 31//594
f 33//595 36//596 35//597
f 35//598 32//599 33//600
f 16//601 10//602 12//603
f 12//604 18//605 16//606
f 18//607 12//608 11//609
f 11//610 17//611 18//612
f 67//613 70//614 72//615
f 72//616 69//617 67//618
f 69//619 72//620 71//621
f 71//622 68//623 69//624
f 52//625 46//626 48//627
f 48//628 54//629 52//630
f 54//631 48//632 47//633
f 47//634 53//635 54//636
f 12//637 10//638 67//639
f 67//640 69//641 12//642
f 11//643 12//644 69//645
f 69//646 68//647 11//648
f 33//649 32//650 47//651
f 47//652 48//653 33//654
f 31//655 33//656 48//657
f 48//658 46//659 31//660
f 74//661 131//662 137//663
f 137//664 86//665 74//666
f 110//667 95//668 101//669
f 101//670 122//671 110//672
f 107//673 101//674 95//675
f 95//676 98//677 107//678
f 116//679 110//680 122//681
f 122//682 125//683 116//684
f 143//685 137//686 131//687
f 131//688 134//689 143//690
f 80//691 74//692 86//693
f 86//694 89//695 80//696
f 79//697 73//698 75//699
f 75//700 81//701 79//702
f 81//703 75//704 74//705
f 74//706 80//707 81//708
f 85//709 88//710 90//711
f 90//712 87//713 85//714
f 87//715 90//716 89//717
f 89//718 86//719 87//720
f 106//721 100//722 102//723
f 102//724 108//725 106//726
f 108//727 102//728 101//729
f 101//730 107//731 108//732
f 94//733 97//734 99//735
f 99//736 96//737 94//738
f 96//739 99//740 98//741
f 98//742 95//743 96//744
f 142//745 136//746 138//747
f 138//748 144//749 142//750
f 144//751 138//752 137//753
f 137//754 143//755 144//756
f 130//757 133//758 135//759
f 135//760 132//761 130//762
f 132//763 135//764 134//765
f 134//766 131//767 132//768
f 115//769 109//770 111//771
f 111//772 117//773 115//774
f 117//775 111//776 110//777
f 110//778 116//779 117//780
f 121//781 124//782 126//783
f 126//784 123//785 121//786
f 123//787 126//788 125//789
f 125//790 122//791 123//792
f 96//793 95//794 110//795
f 110//796 111//797 96//798
f 94//799 96//800 111//801
f 111//802 109//803 94//804
f 132//805 131//806 74//807
f 74//808 75//809 132//810
f 130//811 132//812 75//813
f 75//814 73//815 130//816
f 138//817 136//818 85//819
f 85//820 87//821 138//822
f 137//823 138//824 87//825
f 87//826 86//827 137//828
f 123//829 122//830 101//831
f 101//832 102//833 123//834
f 121//835 123//836 102//837
f 102//838 100//839 121//840
f 176//841 317//842 301//843
f 301//844 155//845 176//846
f 331//847 326//848 185//849
f 185//850 188//851 331//852
f 185//853 326//854 337//855
f 337//856 191//857 185//858
f 292//859 295//860 152//861
f 152//862 146//863 292//864
f 178//865 175//866 154//867
f 178//868 154//869 160//870
f 169//871 166//872 172//873
f 163//874 169//875 172//876
f 148//877 163//878 172//879
f 151//880 148//881 172//882
f 145//883 151//884 172//885
f 157//886 145//887 172//888
f 160//889 157//890 172//891
f 178//892 160//893 172//894
f 161//895 155//896 301//897
f 301//898 305//899 161//900
f 214//901 211//902 199//903
f 214//904 199//905 205//906
f 196//907 193//908 208//909
f 190//910 196//911 208//912
f 184//913 190//914 208//915
f 187//916 184//917 208//918
f 181//919 187//920 208//921
f 202//922 181//923 208//924
f 205//925 202//926 208//927
f 214//928 205//929 208//930
f 206//931 200//932 346//933
f 346//934 350//935 206//936
f 221//937 362//938 373//939
f 373//940 227//941 221//942
f 340//943 338//944 325//945
f 340//946 325//947 332//948
f 358//949 356//950 334//951
f 352//952 358//953 334//954
f 347//955 352//956 334//957
f 349//958 347//959 334//960
f 343//961 349//962 334//963
f 329//964 343//965 334//966
f 332//967 329//968 334//969
f 340//970 332//971 334//972
f 203//973 206//974 350//975
f 350//976 344//977 203//978
f 200//979 212//980 353//981
f 353//982 346//983 200//984
f 250//985 247//986 235//987
f 250//988 235//989 241//990
f 232//991 229//992 244//993
f 226//994 232//995 244//996
f 220//997 226//998 244//999
f 223//1000 220//1001 244//1002
f 217//1003 223//1004 244//1005
f 238//1006 217//1007 244//1008
f 241//1009 238//1010 244//1011
f 250//1012 241//1013 244//1014
f 242//1015 236//1016 382//1017
f 382//1018 386//1019 242//1020
f 398//1021 418//1022 272//1023
f 272//1024 257//1025 398//1026
f 376//1027 374//1028 361//1029
f 376//1030 361//1031 368//1032
f 394//1033 392//1034 370//1035
f 388//1036 394//1037 370//1038
f 383//1039 388//1040 370//1041
f 385//1042 383//1043 370//1044
f 379//1045 385//1046 370//1047
f 365//1048 379//1049 370//1050
f 368//1051 365//1052 370//1053
f 376//1054 368//1055 370//1056
f 239//1057 242//1058 386//1059
f 386//1060 380//1061 239//1062
f 236//1063 248//1064 389//1065
f 389//1066 382//1067 236//1068
f 284//1069 425//1070 409//1071
f 409//1072 263//1073 284//1074
f 412//1075 410//1076 424//1077
f 412//1078 424//1079 430//1080
f 404//1081 401//1082 406//1083
f 397//1084 404//1085 406//1086
f 419//1087 397//1088 406//1089
f 421//1090 419//1091 406//1092
f 415//1093 421//1094 406//1095
f 428//1096 415//1097 406//1098
f 430//1099 428//1100 406//1101
f 412//1102 430//1103 406//1104
f 286//1105 283//1106 262//1107
f 286//1108 262//1109 268//1110
f 277//1111 274//1112 280//1113
f 271//1114 277//1115 280//1116
f 256//1117 271//1118 280//1119
f 259//1120 256//1121 280//1122
f 253//1123 259//1124 280//1125
f 265//1126 253//1127 280//1128
f 268//1129 265//1130 280//1131
f 286//1132 268//1133 280//1134
f 269//1135 263//1136 409//1137
f 409//1138 413//1139 269//1140
f 531//1141 538//1142 467//1143
f 433//1144 435//1145 466//1146
f 433//1147 466//1148 526//1149
f 531//1150 467//1151 439//1152
f 526//1153 531//1154 439//1155
f 526//1156 439//1157 438//1158
f 433//1159 526//1160 438//1161
f 634//1162 637//1163 460//1164
f 460//1165 457//1166 634//1167
f 437//1168 439//1169 467//1170
f 437//1171 467//1172 535//1173
f 540//1174 468//1175 447//1176
f 535//1177 540//1178 447//1179
f 535//1180 447//1181 446//1182
f 437//1183 535//1184 446//1185
f 445//1186 447//1187 468//1188
f 445//1189 468//1190 544//1191
f 513//1192 465//1193 443//1194
f 544//1195 513//1196 443//1197
f 544//1198 443//1199 442//1200
f 445//1201 544//1202 442//1203
f 589//1204 441//1205 434//1206
f 434//1207 595//1208 589//1209
f 438//1210 440//1211 610//1212
f 610//1213 604//1214 438//1215
f 619//1216 613//1217 446//1218
f 446//1219 448//1220 619//1221
f 564//1222 559//1223 516//1224
f 516//1225 519//1226 564//1227
f 615//1228 585//1229 591//1230
f 591//1231 588//1232 594//1233
f 594//1234 600//1235 597//1236
f 597//1237 603//1238 609//1239
f 609//1240 606//1241 612//1242
f 597//1243 609//1244 612//1245
f 594//1246 597//1247 612//1248
f 591//1249 594//1250 612//1251
f 615//1252 591//1253 612//1254
f 615//1255 612//1256 618//1257
f 465//1258 517//1259 522//1260
f 522//1261 466//1262 435//1263
f 522//1264 435//1265 434//1266
f 522//1267 434//1268 441//1269
f 522//1270 441//1271 443//1272
f 465//1273 522//1274 443//1275
f 452//1276 449//1277 643//1278
f 643//1279 646//1280 452//1281
f 651//1282 639//1283 645//1284
f 645//1285 642//1286 630//1287
f 630//1288 636//1289 633//1290
f 633//1291 621//1292 627//1293
f 627//1294 624//1295 648//1296
f 633//1297 627//1298 648//1299
f 630//1300 633//1301 648//1302
f 645//1303 630//1304 648//1305
f 651//1306 645//1307 648//1308
f 651//1309 648//1310 654//1311
f 565//1312 562//1313 470//1314
f 625//1315 628//1316 464//1317
f 464//1318 461//1319 625//1320
f 759//1321 747//1322 753//1323
f 753//1324 750//1325 738//1326
f 738//1327 744//1328 741//1329
f 741//1330 729//1331 735//1332
f 735//1333 732//1334 756//1335
f 741//1336 735//1337 756//1338
f 738//1339 741//1340 756//1341
f 753//1342 738//1343 756//1344
f 759//1345 753//1346 756//1347
f 759//1348 756//1349 762//1350
f 558//1351 565//1352 470//1353
f 556//1354 553//1355 469//1356
f 540//1357 547//1358 468//1359
f 522//1360 529//1361 466//1362
f 637//1363 631//1364 458//1365
f 458//1366 460//1367 637//1368
f 574//1369 571//1370 471//1371
f 480//1372 477//1373 751//1374
f 751//1375 754//1376 480//1377
f 507//1378 679//1379 666//1380
f 507//1381 666//1382 506//1383
f 475//1384 474//1385 477//1386
f 506//1387 475//1388 477//1389
f 506//1390 477//1391 479//1392
f 507//1393 506//1394 479//1395
f 490//1396 492//1397 790//1398
f 790//1399 784//1400 490//1401
f 508//1402 688//1403 675//1404
f 508//1405 675//1406 507//1407
f 479//1408 478//1409 485//1410
f 507//1411 479//1412 485//1413
f 507//1414 485//1415 487//1416
f 508//1417 507//1418 487//1419
f 505//1420 661//1421 684//1422
f 505//1423 684//1424 508//1425
f 487//1426 486//1427 481//1428
f 508//1429 487//1430 481//1431
f 508//1432 481//1433 483//1434
f 505//1435 508//1436 483//1437
f 484//1438 481//1439 733//1440
f 733//1441 736//1442 484//1443
f 742//1444 745//1445 476//1446
f 476//1447 473//1448 742//1449
f 708//1450 703//1451 660//1452
f 660//1453 663//1454 708//1455
f 666//1456 673//1457 506//1458
f 745//1459 739//1460 474//1461
f 474//1462 476//1463 745//1464
f 670//1465 657//1466 505//1467
f 670//1468 505//1469 483//1470
f 670//1471 483//1472 482//1473
f 670//1474 482//1475 473//1476
f 670//1477 473//1478 475//1479
f 670//1480 475//1481 506//1482
f 494//1483 496//1484 799//1485
f 799//1486 793//1487 494//1488
f 781//1489 775//1490 498//1491
f 498//1492 500//1493 781//1494
f 795//1495 765//1496 771//1497
f 771//1498 768//1499 774//1500
f 774//1501 780//1502 777//1503
f 777//1504 783//1505 789//1506
f 789//1507 786//1508 792//1509
f 777//1510 789//1511 792//1512
f 774//1513 777//1514 792//1515
f 771//1516 774//1517 792//1518
f 795//1519 771//1520 792//1521
f 795//1522 792//1523 798//1524
f 769//1525 772//1526 504//1527
f 504//1528 501//1529 769//1530
f 700//1531 697//1532 509//1533
f 702//1534 709//1535 510//1536
f 726//1537 721//1538 678//1539
f 678//1540 681//1541 726//1542
f 669//1543 672//1544 717//1545
f 717//1546 712//1547 669//1548
f 720//1549 727//1550 512//1551
f 711//1552 718//1553 511//1554
f 1038//1555 1067//1556 1073//1557
f 1073//1558 1044//1559 1038//1560
f 1066//1561 1081//1562 1087//1563
f 1087//1564 1074//1565 1066//1566
f 1135//1567 1107//1568 1093//1569
f 1093//1570 1121//1571 1135//1572
f 1072//1573 1086//1574 1058//1575
f 1058//1576 1045//1577 1072//1578
f 1052//1579 1039//1580 1046//1581
f 1046//1582 1060//1583 1052//1584
f 1080//1585 1053//1586 1059//1587
f 1059//1588 1088//1589 1080//1590
f 1130//1591 1122//1592 1095//1593
f 1095//1594 1100//1595 1130//1596
f 1144//1597 1136//1598 1123//1599
f 1123//1600 1129//1601 1144//1602
f 1191//1603 1163//1604 1149//1605
f 1149//1606 1177//1607 1191//1608
f 1114//1609 1142//1610 1128//1611
f 1128//1612 1102//1613 1114//1614
f 1101//1615 1094//1616 1109//1617
f 1109//1618 1115//1619 1101//1620
f 1116//1621 1108//1622 1137//1623
f 1137//1624 1143//1625 1116//1626
f 1186//1627 1178//1628 1151//1629
f 1151//1630 1156//1631 1186//1632
f 1200//1633 1192//1634 1179//1635
f 1179//1636 1185//1637 1200//1638
f 1205//1639 1219//1640 1247//1641
f 1247//1642 1233//1643 1205//1644
f 1170//1645 1198//1646 1184//1647
f 1184//1648 1158//1649 1170//1650
f 1157//1651 1150//1652 1165//1653
f 1165//1654 1171//1655 1157//1656
f 1172//1657 1164//1658 1193//1659
f 1193//1660 1199//1661 1172//1662
f 1206//1663 1235//1664 1241//1665
f 1241//1666 1212//1667 1206//1668
f 1234//1669 1249//1670 1255//1671
f 1255//1672 1242//1673 1234//1674
f 1240//1675 1254//1676 1226//1677
f 1226//1678 1213//1679 1240//1680
f 1220//1681 1207//1682 1214//1683
f 1214//1684 1228//1685 1220//1686
f 1248//1687 1221//1688 1227//1689
f 1227//1690 1256//1691 1248//1692
f 802//1693 831//1694 837//1695
f 837//1696 808//1697 802//1698
f 830//1699 845//1700 851//1701
f 851//1702 838//1703 830//1704
f 836//1705 850//1706 822//1707
f 822//1708 809//1709 836//1710
f 816//1711 803//1712 810//1713
f 810//1714 824//1715 816//1716
f 844//1717 817//1718 823//1719
f 823//1720 852//1721 844//1722
f 1004//1723 1017//1724 1024//1725
f 1024//1726 988//1727 994//1728
f 1004//1729 1024//1730 994//1731
f 969//1732 977//1733 993//1734
f 993//1735 979//1736 969//1737
f 1005//1738 993//1739 977//1740
f 977//1741 1011//1742 1005//1743
f 970//1744 981//1745 987//1746
f 987//1747 998//1748 970//1749
f 1010//1750 1030//1751 1018//1752
f 1018//1753 1003//1754 1010//1755
f 1025//1756 1019//1757 1032//1758
f 1032//1759 1028//1760 1025//1761
f 994//1762 988//1763 980//1764
f 1027//1765 1031//1766 1012//1767
f 1012//1768 976//1769 997//1770
f 1027//1771 1012//1772 997//1773
f 1028//1774 996//1775 986//1776
f 986//1777 1025//1778 1028//1779
f 858//1780 887//1781 893//1782
f 893//1783 864//1784 858//1785
f 886//1786 901//1787 907//1788
f 907//1789 894//1790 886//1791
f 955//1792 927//1793 913//1794
f 913//1795 941//1796 955//1797
f 892//1798 906//1799 878//1800
f 878//1801 865//1802 892//1803
f 872//1804 859//1805 866//1806
f 866//1807 880//1808 872//1809
f 900//1810 873//1811 879//1812
f 879//1813 908//1814 900//1815
f 950//1816 942//1817 915//1818
f 915//1819 920//1820 950//1821
f 964//1822 956//1823 943//1824
f 943//1825 949//1826 964//1827
f 934//1828 962//1829 948//1830
f 948//1831 922//1832 934//1833
f 921//1834 914//1835 929//1836
f 929//1837 935//1838 921//1839
f 936//1840 928//1841 957//1842
f 957//1843 963//1844 936//1845
f 295//1846 290//1847 149//1848
f 149//1849 152//1850 295//1851
f 158//1852 161//1853 305//1854
f 305//1855 299//1856 158//1857
f 167//1858 170//1859 314//1860
f 314//1861 308//1862 167//1863
f 176//1864 179//1865 323//1866
f 323//1867 317//1868 176//1869
f 179//1870 173//1871 319//1872
f 319//1873 323//1874 179//1875
f 203//1876 344//1877 328//1878
f 328//1879 182//1880 203//1881
f 167//1882 308//1883 319//1884
f 319//1885 173//1886 167//1887
f 170//1888 164//1889 310//1890
f 310//1891 314//1892 170//1893
f 328//1894 331//1895 188//1896
f 188//1897 182//1898 328//1899
f 194//1900 197//1901 341//1902
f 341//1903 335//1904 194//1905
f 209//1906 194//1907 335//1908
f 335//1909 355//1910 209//1911
f 197//1912 191//1913 337//1914
f 337//1915 341//1916 197//1917
f 215//1918 209//1919 355//1920
f 355//1921 359//1922 215//1923
f 239//1924 380//1925 364//1926
f 364//1927 218//1928 239//1929
f 212//1930 215//1931 359//1932
f 359//1933 353//1934 212//1935
f 367//1936 362//1937 221//1938
f 221//1939 224//1940 367//1941
f 364//1942 367//1943 224//1944
f 224//1945 218//1946 364//1947
f 230//1948 233//1949 377//1950
f 377//1951 371//1952 230//1953
f 245//1954 230//1955 371//1956
f 371//1957 391//1958 245//1959
f 233//1960 227//1961 373//1962
f 373//1963 377//1964 233//1965
f 251//1966 245//1967 391//1968
f 391//1969 395//1970 251//1971
f 407//1972 400//1973 254//1974
f 254//1975 266//1976 407//1977
f 248//1978 251//1979 395//1980
f 395//1981 389//1982 248//1983
f 403//1984 398//1985 257//1986
f 257//1987 260//1988 403//1989
f 400//1990 403//1991 260//1992
f 260//1993 254//1994 400//1995
f 266//1996 269//1997 413//1998
f 413//1999 407//2000 266//2001
f 275//2002 278//2003 422//2004
f 422//2005 416//2006 275//2007
f 284//2008 287//2009 431//2010
f 431//2011 425//2012 284//2013
f 287//2014 281//2015 427//2016
f 427//2017 431//2018 287//2019
f 275//2020 416//2021 427//2022
f 427//2023 281//2024 275//2025
f 278//2026 272//2027 418//2028
f 418//2029 422//2030 278//2031
f 290//2032 310//2033 164//2034
f 164//2035 149//2036 290//2037
f 148//2038 151//2039 153//2040
f 153//2041 150//2042 148//2043
f 150//2044 153//2045 152//2046
f 152//2047 149//2048 150//2049
f 151//2050 145//2051 147//2052
f 147//2053 153//2054 151//2055
f 153//2056 147//2057 146//2058
f 146//2059 152//2060 153//2061
f 160//2062 154//2063 156//2064
f 156//2065 162//2066 160//2067
f 162//2068 156//2069 155//2070
f 155//2071 161//2072 162//2073
f 157//2074 160//2075 162//2076
f 162//2077 159//2078 157//2079
f 159//2080 162//2081 161//2082
f 161//2083 158//2084 159//2085
f 178//2086 172//2087 174//2088
f 174//2089 180//2090 178//2091
f 180//2092 174//2093 173//2094
f 173//2095 179//2096 180//2097
f 175//2098 178//2099 180//2100
f 180//2101 177//2102 175//2103
f 177//2104 180//2105 179//2106
f 179//2107 176//2108 177//2109
f 169//2110 163//2111 165//2112
f 165//2113 171//2114 169//2115
f 171//2116 165//2117 164//2118
f 164//2119 170//2120 171//2121
f 166//2122 169//2123 171//2124
f 171//2125 168//2126 166//2127
f 168//2128 171//2129 170//2130
f 170//2131 167//2132 168//2133
f 184//2134 187//2135 189//2136
f 189//2137 186//2138 184//2139
f 186//2140 189//2141 188//2142
f 188//2143 185//2144 186//2145
f 187//2146 181//2147 183//2148
f 183//2149 189//2150 187//2151
f 189//2152 183//2153 182//2154
f 182//2155 188//2156 189//2157
f 196//2158 190//2159 192//2160
f 192//2161 198//2162 196//2163
f 198//2164 192//2165 191//2166
f 191//2167 197//2168 198//2169
f 193//2170 196//2171 198//2172
f 198//2173 195//2174 193//2175
f 195//2176 198//2177 197//2178
f 197//2179 194//2180 195//2181
f 214//2182 208//2183 210//2184
f 210//2185 216//2186 214//2187
f 216//2188 210//2189 209//2190
f 209//2191 215//2192 216//2193
f 211//2194 214//2195 216//2196
f 216//2197 213//2198 211//2199
f 213//2200 216//2201 215//2202
f 215//2203 212//2204 213//2205
f 205//2206 199//2207 201//2208
f 201//2209 207//2210 205//2211
f 207//2212 201//2213 200//2214
f 200//2215 206//2216 207//2217
f 202//2218 205//2219 207//2220
f 207//2221 204//2222 202//2223
f 204//2224 207//2225 206//2226
f 206//2227 203//2228 204//2229
f 220//2230 223//2231 225//2232
f 225//2233 222//2234 220//2235
f 222//2236 225//2237 224//2238
f 224//2239 221//2240 222//2241
f 223//2242 217//2243 219//2244
f 219//2245 225//2246 223//2247
f 225//2248 219//2249 218//2250
f 218//2251 224//2252 225//2253
f 232//2254 226//2255 228//2256
f 228//2257 234//2258 232//2259
f 234//2260 228//2261 227//2262
f 227//2263 233//2264 234//2265
f 229//2266 232//2267 234//2268
f 234//2269 231//2270 229//2271
f 231//2272 234//2273 233//2274
f 233//2275 230//2276 231//2277
f 250//2278 244//2279 246//2280
f 246//2281 252//2282 250//2283
f 252//2284 246//2285 245//2286
f 245//2287 251//2288 252//2289
f 247//2290 250//2291 252//2292
f 252//2293 249//2294 247//2295
f 249//2296 252//2297 251//2298
f 251//2299 248//2300 249//2301
f 241//2302 235//2303 237//2304
f 237//2305 243//2306 241//2307
f 243//2308 237//2309 236//2310
f 236//2311 242//2312 243//2313
f 238//2314 241//2315 243//2316
f 243//2317 240//2318 238//2319
f 240//2320 243//2321 242//2322
f 242//2323 239//2324 240//2325
f 256//2326 259//2327 261//2328
f 261//2329 258//2330 256//2331
f 258//2332 261//2333 260//2334
f 260//2335 257//2336 258//2337
f 259//2338 253//2339 255//2340
f 255//2341 261//2342 259//2343
f 261//2344 255//2345 254//2346
f 254//2347 260//2348 261//2349
f 268//2350 262//2351 264//2352
f 264//2353 270//2354 268//2355
f 270//2356 264//2357 263//2358
f 263//2359 269//2360 270//2361
f 265//2362 268//2363 270//2364
f 270//2365 267//2366 265//2367
f 267//2368 270//2369 269//2370
f 269//2371 266//2372 267//2373
f 286//2374 280//2375 282//2376
f 282//2377 288//2378 286//2379
f 288//2380 282//2381 281//2382
f 281//2383 287//2384 288//2385
f 283//2386 286//2387 288//2388
f 288//2389 285//2390 283//2391
f 285//2392 288//2393 287//2394
f 287//2395 284//2396 285//2397
f 277//2398 271//2399 273//2400
f 273//2401 279//2402 277//2403
f 279//2404 273//2405 272//2406
f 272//2407 278//2408 279//2409
f 274//2410 277//2411 279//2412
f 279//2413 276//2414 274//2415
f 276//2416 279//2417 278//2418
f 278//2419 275//2420 276//2421
f 147//2422 145//2423 157//2424
f 157//2425 159//2426 147//2427
f 146//2428 147//2429 159//2430
f 159//2431 158//2432 146//2433
f 165//2434 163//2435 148//2436
f 148//2437 150//2438 165//2439
f 164//2440 165//2441 150//2442
f 150//2443 149//2444 164//2445
f 168//2446 167//2447 173//2448
f 173//2449 174//2450 168//2451
f 166//2452 168//2453 174//2454
f 174//2455 172//2456 166//2457
f 177//2458 176//2459 155//2460
f 155//2461 156//2462 177//2463
f 175//2464 177//2465 156//2466
f 156//2467 154//2468 175//2469
f 192//2470 190//2471 184//2472
f 184//2473 186//2474 192//2475
f 191//2476 192//2477 186//2478
f 186//2479 185//2480 191//2481
f 183//2482 181//2483 202//2484
f 202//2485 204//2486 183//2487
f 182//2488 183//2489 204//2490
f 204//2491 203//2492 182//2493
f 195//2494 194//2495 209//2496
f 209//2497 210//2498 195//2499
f 193//2500 195//2501 210//2502
f 210//2503 208//2504 193//2505
f 213//2506 212//2507 200//2508
f 200//2509 201//2510 213//2511
f 211//2512 213//2513 201//2514
f 201//2515 199//2516 211//2517
f 228//2518 226//2519 220//2520
f 220//2521 222//2522 228//2523
f 227//2524 228//2525 222//2526
f 222//2527 221//2528 227//2529
f 219//2530 217//2531 238//2532
f 238//2533 240//2534 219//2535
f 218//2536 219//2537 240//2538
f 240//2539 239//2540 218//2541
f 231//2542 230//2543 245//2544
f 245//2545 246//2546 231//2547
f 229//2548 231//2549 246//2550
f 246//2551 244//2552 229//2553
f 249//2554 248//2555 236//2556
f 236//2557 237//2558 249//2559
f 247//2560 249//2561 237//2562
f 237//2563 235//2564 247//2565
f 255//2566 253//2567 265//2568
f 265//2569 267//2570 255//2571
f 254//2572 255//2573 267//2574
f 267//2575 266//2576 254//2577
f 273//2578 271//2579 256//2580
f 256//2581 258//2582 273//2583
f 272//2584 273//2585 258//2586
f 258//2587 257//2588 272//2589
f 276//2590 275//2591 281//2592
f 281//2593 282//2594 276//2595
f 274//2596 276//2597 282//2598
f 282//2599 280//2600 274//2601
f 285//2602 284//2603 263//2604
f 263//2605 264//2606 285//2607
f 283//2608 285//2609 264//2610
f 264//2611 262//2612 283//2613
f 299//2614 292//2615 146//2616
f 146//2617 158//2618 299//2619
f 296//2620 289//2621 291//2622
f 291//2623 297//2624 296//2625
f 297//2626 291//2627 290//2628
f 290//2629 295//2630 297//2631
f 293//2632 296//2633 297//2634
f 297//2635 294//2636 293//2637
f 294//2638 297//2639 295//2640
f 295//2641 292//2642 294//2643
f 302//2644 304//2645 306//2646
f 306//2647 303//2648 302//2649
f 303//2650 306//2651 305//2652
f 305//2653 301//2654 303//2655
f 304//2656 298//2657 300//2658
f 300//2659 306//2660 304//2661
f 306//2662 300//2663 299//2664
f 299//2665 305//2666 306//2667
f 320//2668 322//2669 324//2670
f 324//2671 321//2672 320//2673
f 321//2674 324//2675 323//2676
f 323//2677 319//2678 321//2679
f 322//2680 316//2681 318//2682
f 318//2683 324//2684 322//2685
f 324//2686 318//2687 317//2688
f 317//2689 323//2690 324//2691
f 311//2692 313//2693 315//2694
f 315//2695 312//2696 311//2697
f 312//2698 315//2699 314//2700
f 314//2701 310//2702 312//2703
f 313//2704 307//2705 309//2706
f 309//2707 315//2708 313//2709
f 315//2710 309//2711 308//2712
f 308//2713 314//2714 315//2715
f 332//2716 325//2717 327//2718
f 327//2719 333//2720 332//2721
f 333//2722 327//2723 326//2724
f 326//2725 331//2726 333//2727
f 329//2728 332//2729 333//2730
f 333//2731 330//2732 329//2733
f 330//2734 333//2735 331//2736
f 331//2737 328//2738 330//2739
f 338//2740 340//2741 342//2742
f 342//2743 339//2744 338//2745
f 339//2746 342//2747 341//2748
f 341//2749 337//2750 339//2751
f 340//2752 334//2753 336//2754
f 336//2755 342//2756 340//2757
f 342//2758 336//2759 335//2760
f 335//2761 341//2762 342//2763
f 356//2764 358//2765 360//2766
f 360//2767 357//2768 356//2769
f 357//2770 360//2771 359//2772
f 359//2773 355//2774 357//2775
f 358//2776 352//2777 354//2778
f 354//2779 360//2780 358//2781
f 360//2782 354//2783 353//2784
f 353//2785 359//2786 360//2787
f 347//2788 349//2789 351//2790
f 351//2791 348//2792 347//2793
f 348//2794 351//2795 350//2796
f 350//2797 346//2798 348//2799
f 349//2800 343//2801 345//2802
f 345//2803 351//2804 349//2805
f 351//2806 345//2807 344//2808
f 344//2809 350//2810 351//2811
f 368//2812 361//2813 363//2814
f 363//2815 369//2816 368//2817
f 369//2818 363//2819 362//2820
f 362//2821 367//2822 369//2823
f 365//2824 368//2825 369//2826
f 369//2827 366//2828 365//2829
f 366//2830 369//2831 367//2832
f 367//2833 364//2834 366//2835
f 374//2836 376//2837 378//2838
f 378//2839 375//2840 374//2841
f 375//2842 378//2843 377//2844
f 377//2845 373//2846 375//2847
f 376//2848 370//2849 372//2850
f 372//2851 378//2852 376//2853
f 378//2854 372//2855 371//2856
f 371//2857 377//2858 378//2859
f 392//2860 394//2861 396//2862
f 396//2863 393//2864 392//2865
f 393//2866 396//2867 395//2868
f 395//2869 391//2870 393//2871
f 394//2872 388//2873 390//2874
f 390//2875 396//2876 394//2877
f 396//2878 390//2879 389//2880
f 389//2881 395//2882 396//2883
f 383//2884 385//2885 387//2886
f 387//2887 384//2888 383//2889
f 384//2890 387//2891 386//2892
f 386//2893 382//2894 384//2895
f 385//2896 379//2897 381//2898
f 381//2899 387//2900 385//2901
f 387//2902 381//2903 380//2904
f 380//2905 386//2906 387//2907
f 404//2908 397//2909 399//2910
f 399//2911 405//2912 404//2913
f 405//2914 399//2915 398//2916
f 398//2917 403//2918 405//2919
f 401//2920 404//2921 405//2922
f 405//2923 402//2924 401//2925
f 402//2926 405//2927 403//2928
f 403//2929 400//2930 402//2931
f 410//2932 412//2933 414//2934
f 414//2935 411//2936 410//2937
f 411//2938 414//2939 413//2940
f 413//2941 409//2942 411//2943
f 412//2944 406//2945 408//2946
f 408//2947 414//2948 412//2949
f 414//2950 408//2951 407//2952
f 407//2953 413//2954 414//2955
f 428//2956 430//2957 432//2958
f 432//2959 429//2960 428//2961
f 429//2962 432//2963 431//2964
f 431//2965 427//2966 429//2967
f 430//2968 424//2969 426//2970
f 426//2971 432//2972 430//2973
f 432//2974 426//2975 425//2976
f 425//2977 431//2978 432//2979
f 419//2980 421//2981 423//2982
f 423//2983 420//2984 419//2985
f 420//2986 423//2987 422//2988
f 422//2989 418//2990 420//2991
f 421//2992 415//2993 417//2994
f 417//2995 423//2996 421//2997
f 423//2998 417//2999 416//3000
f 416//3001 422//3002 423//3003
f 294//3004 292//3005 299//3006
f 299//3007 300//3008 294//3009
f 293//3010 294//3011 300//3012
f 300//3013 298//3014 293//3015
f 303//3016 301//3017 317//3018
f 317//3019 318//3020 303//3021
f 302//3022 303//3023 318//3024
f 318//3025 316//3026 302//3027
f 321//3028 319//3029 308//3030
f 308//3031 309//3032 321//3033
f 320//3034 321//3035 309//3036
f 309//3037 307//3038 320//3039
f 312//3040 310//3041 290//3042
f 290//3043 291//3044 312//3045
f 311//3046 312//3047 291//3048
f 291//3049 289//3050 311//3051
f 357//3052 355//3053 335//3054
f 335//3055 336//3056 357//3057
f 356//3058 357//3059 336//3060
f 336//3061 334//3062 356//3063
f 339//3064 337//3065 326//3066
f 326//3067 327//3068 339//3069
f 338//3070 339//3071 327//3072
f 327//3073 325//3074 338//3075
f 330//3076 328//3077 344//3078
f 344//3079 345//3080 330//3081
f 329//3082 330//3083 345//3084
f 345//3085 343//3086 329//3087
f 348//3088 346//3089 353//3090
f 353//3091 354//3092 348//3093
f 347//3094 348//3095 354//3096
f 354//3097 352//3098 347//3099
f 393//3100 391//3101 371//3102
f 371//3103 372//3104 393//3105
f 392//3106 393//3107 372//3108
f 372//3109 370//3110 392//3111
f 375//3112 373//3113 362//3114
f 362//3115 363//3116 375//3117
f 374//3118 375//3119 363//3120
f 363//3121 361//3122 374//3123
f 366//3124 364//3125 380//3126
f 380//3127 381//3128 366//3129
f 365//3130 366//3131 381//3132
f 381//3133 379//3134 365//3135
f 384//3136 382//3137 389//3138
f 389//3139 390//3140 384//3141
f 383//3142 384//3143 390//3144
f 390//3145 388//3146 383//3147
f 402//3148 400//3149 407//3150
f 407//3151 408//3152 402//3153
f 401//3154 402//3155 408//3156
f 408//3157 406//3158 401//3159
f 411//3160 409//3161 425//3162
f 425//3163 426//3164 411//3165
f 410//3166 411//3167 426//3168
f 426//3169 424//3170 410//3171
f 429//3172 427//3173 416//3174
f 416//3175 417//3176 429//3177
f 428//3178 429//3179 417//3180
f 417//3181 415//3182 428//3183
f 420//3184 418//3185 398//3186
f 398//3187 399//3188 420//3189
f 419//3190 420//3191 399//3192
f 399//3193 397//3194 419//3195
f 304//3196 302//3197 316//3198
f 304//3199 316//3200 322//3201
f 296//3202 293//3203 298//3204
f 289//3205 296//3206 298//3207
f 311//3208 289//3209 298//3210
f 313//3211 311//3212 298//3213
f 307//3214 313//3215 298//3216
f 320//3217 307//3218 298//3219
f 322//3220 320//3221 298//3222
f 304//3223 322//3224 298//3225
f 433//3226 436//3227 435//3228
f 436//3229 434//3230 435//3231
f 437//3232 440//3233 439//3234
f 440//3235 438//3236 439//3237
f 441//3238 444//3239 443//3240
f 444//3241 442//3242 443//3243
f 445//3244 448//3245 447//3246
f 448//3247 446//3248 447//3249
f 449//3250 452//3251 451//3252
f 452//3253 450//3254 451//3255
f 453//3256 456//3257 455//3258
f 456//3259 454//3260 455//3261
f 457//3262 460//3263 459//3264
f 460//3265 458//3266 459//3267
f 461//3268 464//3269 463//3270
f 464//3271 462//3272 463//3273
f 561//3274 564//3275 519//3276
f 519//3277 514//3278 561//3279
f 523//3280 516//3281 559//3282
f 559//3283 570//3284 523//3285
f 528//3286 523//3287 570//3288
f 570//3289 573//3290 528//3291
f 525//3292 568//3293 579//3294
f 579//3295 532//3296 525//3297
f 579//3298 582//3299 537//3300
f 537//3301 532//3302 579//3303
f 577//3304 552//3305 541//3306
f 541//3307 534//3308 577//3309
f 546//3310 541//3311 552//3312
f 552//3313 555//3314 546//3315
f 549//3316 556//3317 469//3318
f 457//3319 459//3320 470//3321
f 457//3322 470//3323 562//3324
f 549//3325 469//3326 463//3327
f 562//3328 549//3329 463//3330
f 562//3331 463//3332 462//3333
f 457//3334 562//3335 462//3336
f 461//3337 463//3338 469//3339
f 461//3340 469//3341 553//3342
f 576//3343 472//3344 455//3345
f 553//3346 576//3347 455//3348
f 553//3349 455//3350 454//3351
f 461//3352 553//3353 454//3354
f 571//3355 558//3356 470//3357
f 571//3358 470//3359 459//3360
f 571//3361 459//3362 458//3363
f 571//3364 458//3365 449//3366
f 571//3367 449//3368 451//3369
f 571//3370 451//3371 471//3372
f 567//3373 574//3374 471//3375
f 453//3376 455//3377 472//3378
f 453//3379 472//3380 580//3381
f 567//3382 471//3383 451//3384
f 580//3385 567//3386 451//3387
f 580//3388 451//3389 450//3390
f 453//3391 580//3392 450//3393
f 576//3394 583//3395 472//3396
f 583//3397 580//3398 472//3399
f 442//3400 444//3401 592//3402
f 592//3403 586//3404 442//3405
f 473//3406 476//3407 475//3408
f 476//3409 474//3410 475//3411
f 477//3412 480//3413 479//3414
f 480//3415 478//3416 479//3417
f 481//3418 484//3419 483//3420
f 484//3421 482//3422 483//3423
f 485//3424 488//3425 487//3426
f 488//3427 486//3428 487//3429
f 489//3430 492//3431 491//3432
f 492//3433 490//3434 491//3435
f 493//3436 496//3437 495//3438
f 496//3439 494//3440 495//3441
f 497//3442 500//3443 499//3444
f 500//3445 498//3446 499//3447
f 501//3448 504//3449 503//3450
f 504//3451 502//3452 503//3453
f 705//3454 708//3455 663//3456
f 663//3457 658//3458 705//3459
f 685//3460 660//3461 703//3462
f 703//3463 696//3464 685//3465
f 672//3466 667//3467 714//3468
f 714//3469 717//3470 672//3471
f 675//3472 682//3473 507//3474
f 723//3475 726//3476 681//3477
f 681//3478 676//3479 723//3480
f 684//3481 691//3482 508//3483
f 690//3484 685//3485 696//3486
f 696//3487 699//3488 690//3489
f 693//3490 700//3491 509//3492
f 512//3493 724//3494 693//3495
f 512//3496 693//3497 509//3498
f 503//3499 502//3500 493//3501
f 509//3502 503//3503 493//3504
f 509//3505 493//3506 495//3507
f 512//3508 509//3509 495//3510
f 509//3511 697//3512 702//3513
f 509//3514 702//3515 510//3516
f 499//3517 498//3518 501//3519
f 510//3520 499//3521 501//3522
f 510//3523 501//3524 503//3525
f 509//3526 510//3527 503//3528
f 709//3529 706//3530 510//3531
f 711//3532 511//3533 491//3534
f 711//3535 491//3536 490//3537
f 711//3538 490//3539 497//3540
f 711//3541 497//3542 499//3543
f 711//3544 499//3545 510//3546
f 711//3547 510//3548 706//3549
f 718//3550 715//3551 511//3552
f 511//3553 715//3554 720//3555
f 511//3556 720//3557 512//3558
f 495//3559 494//3560 489//3561
f 512//3562 495//3563 489//3564
f 512//3565 489//3566 491//3567
f 511//3568 512//3569 491//3570
f 727//3571 724//3572 512//3573
f 482//3574 484//3575 736//3576
f 736//3577 730//3578 482//3579
f 520//3580 517//3581 465//3582
f 561//3583 514//3584 543//3585
f 543//3586 550//3587 561//3588
f 543//3589 546//3590 555//3591
f 555//3592 550//3593 543//3594
f 547//3595 544//3596 468//3597
f 525//3598 528//3599 573//3600
f 573//3601 568//3602 525//3603
f 529//3604 526//3605 466//3606
f 538//3607 535//3608 467//3609
f 582//3610 577//3611 534//3612
f 534//3613 537//3614 582//3615
f 601//3616 595//3617 434//3618
f 434//3619 436//3620 601//3621
f 616//3622 445//3623 442//3624
f 442//3625 586//3626 616//3627
f 616//3628 619//3629 448//3630
f 448//3631 445//3632 616//3633
f 628//3634 622//3635 462//3636
f 462//3637 464//3638 628//3639
f 607//3640 437//3641 446//3642
f 446//3643 613//3644 607//3645
f 440//3646 437//3647 607//3648
f 607//3649 610//3650 440//3651
f 598//3652 601//3653 436//3654
f 436//3655 433//3656 598//3657
f 604//3658 598//3659 433//3660
f 433//3661 438//3662 604//3663
f 657//3664 664//3665 505//3666
f 456//3667 453//3668 652//3669
f 652//3670 655//3671 456//3672
f 622//3673 634//3674 457//3675
f 457//3676 462//3677 622//3678
f 625//3679 461//3680 454//3681
f 454//3682 649//3683 625//3684
f 643//3685 449//3686 458//3687
f 458//3688 631//3689 643//3690
f 450//3691 452//3692 646//3693
f 646//3694 640//3695 450//3696
f 454//3697 456//3698 655//3699
f 655//3700 649//3701 454//3702
f 652//3703 453//3704 450//3705
f 450//3706 640//3707 652//3708
f 664//3709 661//3710 505//3711
f 705//3712 658//3713 669//3714
f 669//3715 712//3716 705//3717
f 687//3718 690//3719 699//3720
f 699//3721 694//3722 687//3723
f 691//3724 688//3725 508//3726
f 721//3727 714//3728 667//3729
f 667//3730 678//3731 721//3732
f 673//3733 670//3734 506//3735
f 682//3736 679//3737 507//3738
f 687//3739 694//3740 723//3741
f 723//3742 676//3743 687//3744
f 481//3745 486//3746 757//3747
f 757//3748 733//3749 481//3750
f 473//3751 482//3752 730//3753
f 730//3754 742//3755 473//3756
f 760//3757 763//3758 488//3759
f 488//3760 485//3761 760//3762
f 772//3763 766//3764 502//3765
f 502//3766 504//3767 772//3768
f 763//3769 757//3770 486//3771
f 486//3772 488//3773 763//3774
f 485//3775 478//3776 748//3777
f 748//3778 760//3779 485//3780
f 751//3781 477//3782 474//3783
f 474//3784 739//3785 751//3786
f 478//3787 480//3788 754//3789
f 754//3790 748//3791 478//3792
f 496//3793 493//3794 796//3795
f 796//3796 799//3797 496//3798
f 493//3799 502//3800 766//3801
f 766//3802 796//3803 493//3804
f 769//3805 501//3806 498//3807
f 498//3808 775//3809 769//3810
f 778//3811 781//3812 500//3813
f 500//3814 497//3815 778//3816
f 497//3817 490//3818 784//3819
f 784//3820 778//3821 497//3822
f 489//3823 494//3824 793//3825
f 793//3826 787//3827 489//3828
f 492//3829 489//3830 787//3831
f 787//3832 790//3833 492//3834
f 444//3835 441//3836 589//3837
f 589//3838 592//3839 444//3840
f 514//3841 519//3842 521//3843
f 521//3844 515//3845 514//3846
f 515//3847 521//3848 520//3849
f 520//3850 513//3851 515//3852
f 519//3853 516//3854 518//3855
f 518//3856 521//3857 519//3858
f 521//3859 518//3860 517//3861
f 517//3862 520//3863 521//3864
f 523//3865 528//3866 530//3867
f 530//3868 524//3869 523//3870
f 524//3871 530//3872 529//3873
f 529//3874 522//3875 524//3876
f 528//3877 525//3878 527//3879
f 527//3880 530//3881 528//3882
f 530//3883 527//3884 526//3885
f 526//3886 529//3887 530//3888
f 532//3889 537//3890 539//3891
f 539//3892 533//3893 532//3894
f 533//3895 539//3896 538//3897
f 538//3898 531//3899 533//3900
f 537//3901 534//3902 536//3903
f 536//3904 539//3905 537//3906
f 539//3907 536//3908 535//3909
f 535//3910 538//3911 539//3912
f 541//3913 546//3914 548//3915
f 548//3916 542//3917 541//3918
f 542//3919 548//3920 547//3921
f 547//3922 540//3923 542//3924
f 546//3925 543//3926 545//3927
f 545//3928 548//3929 546//3930
f 548//3931 545//3932 544//3933
f 544//3934 547//3935 548//3936
f 550//3937 555//3938 557//3939
f 557//3940 551//3941 550//3942
f 551//3943 557//3944 556//3945
f 556//3946 549//3947 551//3948
f 555//3949 552//3950 554//3951
f 554//3952 557//3953 555//3954
f 557//3955 554//3956 553//3957
f 553//3958 556//3959 557//3960
f 559//3961 564//3962 566//3963
f 566//3964 560//3965 559//3966
f 560//3967 566//3968 565//3969
f 565//3970 558//3971 560//3972
f 564//3973 561//3974 563//3975
f 563//3976 566//3977 564//3978
f 566//3979 563//3980 562//3981
f 562//3982 565//3983 566//3984
f 568//3985 573//3986 575//3987
f 575//3988 569//3989 568//3990
f 569//3991 575//3992 574//3993
f 574//3994 567//3995 569//3996
f 573//3997 570//3998 572//3999
f 572//4000 575//4001 573//4002
f 575//4003 572//4004 571//4005
f 571//4006 574//4007 575//4008
f 577//4009 582//4010 584//4011
f 584//4012 578//4013 577//4014
f 578//4015 584//4016 583//4017
f 583//4018 576//4019 578//4020
f 582//4021 579//4022 581//4023
f 581//4024 584//4025 582//4026
f 584//4027 581//4028 580//4029
f 580//4030 583//4031 584//4032
f 658//4033 663//4034 665//4035
f 665//4036 659//4037 658//4038
f 659//4039 665//4040 664//4041
f 664//4042 657//4043 659//4044
f 663//4045 660//4046 662//4047
f 662//4048 665//4049 663//4050
f 665//4051 662//4052 661//4053
f 661//4054 664//4055 665//4056
f 667//4057 672//4058 674//4059
f 674//4060 668//4061 667//4062
f 668//4063 674//4064 673//4065
f 673//4066 666//4067 668//4068
f 672//4069 669//4070 671//4071
f 671//4072 674//4073 672//4074
f 674//4075 671//4076 670//4077
f 670//4078 673//4079 674//4080
f 676//4081 681//4082 683//4083
f 683//4084 677//4085 676//4086
f 677//4087 683//4088 682//4089
f 682//4090 675//4091 677//4092
f 681//4093 678//4094 680//4095
f 680//4096 683//4097 681//4098
f 683//4099 680//4100 679//4101
f 679//4102 682//4103 683//4104
f 685//4105 690//4106 692//4107
f 692//4108 686//4109 685//4110
f 686//4111 692//4112 691//4113
f 691//4114 684//4115 686//4116
f 690//4117 687//4118 689//4119
f 689//4120 692//4121 690//4122
f 692//4123 689//4124 688//4125
f 688//4126 691//4127 692//4128
f 694//4129 699//4130 701//4131
f 701//4132 695//4133 694//4134
f 695//4135 701//4136 700//4137
f 700//4138 693//4139 695//4140
f 699//4141 696//4142 698//4143
f 698//4144 701//4145 699//4146
f 701//4147 698//4148 697//4149
f 697//4150 700//4151 701//4152
f 703//4153 708//4154 710//4155
f 710//4156 704//4157 703//4158
f 704//4159 710//4160 709//4161
f 709//4162 702//4163 704//4164
f 708//4165 705//4166 707//4167
f 707//4168 710//4169 708//4170
f 710//4171 707//4172 706//4173
f 706//4174 709//4175 710//4176
f 712//4177 717//4178 719//4179
f 719//4180 713//4181 712//4182
f 713//4183 719//4184 718//4185
f 718//4186 711//4187 713//4188
f 717//4189 714//4190 716//4191
f 716//4192 719//4193 717//4194
f 719//4195 716//4196 715//4197
f 715//4198 718//4199 719//4200
f 721//4201 726//4202 728//4203
f 728//4204 722//4205 721//4206
f 722//4207 728//4208 727//4209
f 727//4210 720//4211 722//4212
f 726//4213 723//4214 725//4215
f 725//4216 728//4217 726//4218
f 728//4219 725//4220 724//4221
f 724//4222 727//4223 728//4224
f 588//4225 591//4226 593//4227
f 593//4228 590//4229 588//4230
f 590//4231 593//4232 592//4233
f 592//4234 589//4235 590//4236
f 591//4237 585//4238 587//4239
f 587//4240 593//4241 591//4242
f 593//4243 587//4244 586//4245
f 586//4246 592//4247 593//4248
f 618//4249 612//4250 614//4251
f 614//4252 620//4253 618//4254
f 620//4255 614//4256 613//4257
f 613//4258 619//4259 620//4260
f 615//4261 618//4262 620//4263
f 620//4264 617//4265 615//4266
f 617//4267 620//4268 619//4269
f 619//4270 616//4271 617//4272
f 606//4273 609//4274 611//4275
f 611//4276 608//4277 606//4278
f 608//4279 611//4280 610//4281
f 610//4282 607//4283 608//4284
f 609//4285 603//4286 605//4287
f 605//4288 611//4289 609//4290
f 611//4291 605//4292 604//4293
f 604//4294 610//4295 611//4296
f 600//4297 594//4298 596//4299
f 596//4300 602//4301 600//4302
f 602//4303 596//4304 595//4305
f 595//4306 601//4307 602//4308
f 597//4309 600//4310 602//4311
f 602//4312 599//4313 597//4314
f 599//4315 602//4316 601//4317
f 601//4318 598//4319 599//4320
f 651//4321 654//4322 656//4323
f 656//4324 653//4325 651//4326
f 653//4327 656//4328 655//4329
f 655//4330 652//4331 653//4332
f 654//4333 648//4334 650//4335
f 650//4336 656//4337 654//4338
f 656//4339 650//4340 649//4341
f 649//4342 655//4343 656//4344
f 627//4345 621//4346 623//4347
f 623//4348 629//4349 627//4350
f 629//4351 623//4352 622//4353
f 622//4354 628//4355 629//4356
f 624//4357 627//4358 629//4359
f 629//4360 626//4361 624//4362
f 626//4363 629//4364 628//4365
f 628//4366 625//4367 626//4368
f 636//4369 630//4370 632//4371
f 632//4372 638//4373 636//4374
f 638//4375 632//4376 631//4377
f 631//4378 637//4379 638//4380
f 633//4381 636//4382 638//4383
f 638//4384 635//4385 633//4386
f 635//4387 638//4388 637//4389
f 637//4390 634//4391 635//4392
f 642//4393 645//4394 647//4395
f 647//4396 644//4397 642//4398
f 644//4399 647//4400 646//4401
f 646//4402 643//4403 644//4404
f 645//4405 639//4406 641//4407
f 641//4408 647//4409 645//4410
f 647//4411 641//4412 640//4413
f 640//4414 646//4415 647//4416
f 732//4417 735//4418 737//4419
f 737//4420 734//4421 732//4422
f 734//4423 737//4424 736//4425
f 736//4426 733//4427 734//4428
f 735//4429 729//4430 731//4431
f 731//4432 737//4433 735//4434
f 737//4435 731//4436 730//4437
f 730//4438 736//4439 737//4440
f 762//4441 756//4442 758//4443
f 758//4444 764//4445 762//4446
f 764//4447 758//4448 757//4449
f 757//4450 763//4451 764//4452
f 759//4453 762//4454 764//4455
f 764//4456 761//4457 759//4458
f 761//4459 764//4460 763//4461
f 763//4462 760//4463 761//4464
f 750//4465 753//4466 755//4467
f 755//4468 752//4469 750//4470
f 752//4471 755//4472 754//4473
f 754//4474 751//4475 752//4476
f 753//4477 747//4478 749//4479
f 749//4480 755//4481 753//4482
f 755//4483 749//4484 748//4485
f 748//4486 754//4487 755//4488
f 744//4489 738//4490 740//4491
f 740//4492 746//4493 744//4494
f 746//4495 740//4496 739//4497
f 739//4498 745//4499 746//4500
f 741//4501 744//4502 746//4503
f 746//4504 743//4505 741//4506
f 743//4507 746//4508 745//4509
f 745//4510 742//4511 743//4512
f 795//4513 798//4514 800//4515
f 800//4516 797//4517 795//4518
f 797//4519 800//4520 799//4521
f 799//4522 796//4523 797//4524
f 798//4525 792//4526 794//4527
f 794//4528 800//4529 798//4530
f 800//4531 794//4532 793//4533
f 793//4534 799//4535 800//4536
f 771//4537 765//4538 767//4539
f 767//4540 773//4541 771//4542
f 773//4543 767//4544 766//4545
f 766//4546 772//4547 773//4548
f 768//4549 771//4550 773//4551
f 773//4552 770//4553 768//4554
f 770//4555 773//4556 772//4557
f 772//4558 769//4559 770//4560
f 780//4561 774//4562 776//4563
f 776//4564 782//4565 780//4566
f 782//4567 776//4568 775//4569
f 775//4570 781//4571 782//4572
f 777//4573 780//4574 782//4575
f 782//4576 779//4577 777//4578
f 779//4579 782//4580 781//4581
f 781//4582 778//4583 779//4584
f 786//4585 789//4586 791//4587
f 791//4588 788//4589 786//4590
f 788//4591 791//4592 790//4593
f 790//4594 787//4595 788//4596
f 789//4597 783//4598 785//4599
f 785//4600 791//4601 789//4602
f 791//4603 785//4604 784//4605
f 784//4606 790//4607 791//4608
f 594//4609 588//4610 590//4611
f 590//4612 596//4613 594//4614
f 596//4615 590//4616 589//4617
f 589//4618 595//4619 596//4620
f 516//4621 523//4622 524//4623
f 524//4624 518//4625 516//4626
f 517//4627 518//4628 524//4629
f 524//4630 522//4631 517//4632
f 603//4633 597//4634 599//4635
f 599//4636 605//4637 603//4638
f 605//4639 599//4640 598//4641
f 598//4642 604//4643 605//4644
f 527//4645 525//4646 532//4647
f 532//4648 533//4649 527//4650
f 526//4651 527//4652 533//4653
f 533//4654 531//4655 526//4656
f 612//4657 606//4658 608//4659
f 608//4660 614//4661 612//4662
f 614//4663 608//4664 607//4665
f 607//4666 613//4667 614//4668
f 534//4669 541//4670 542//4671
f 542//4672 536//4673 534//4674
f 535//4675 536//4676 542//4677
f 542//4678 540//4679 535//4680
f 543//4681 514//4682 515//4683
f 515//4684 545//4685 543//4686
f 545//4687 515//4688 513//4689
f 513//4690 544//4691 545//4692
f 585//4693 615//4694 617//4695
f 617//4696 587//4697 585//4698
f 587//4699 617//4700 616//4701
f 616//4702 586//4703 587//4704
f 630//4705 642//4706 644//4707
f 644//4708 632//4709 630//4710
f 632//4711 644//4712 643//4713
f 643//4714 631//4715 632//4716
f 581//4717 579//4718 568//4719
f 568//4720 569//4721 581//4722
f 580//4723 581//4724 569//4725
f 569//4726 567//4727 580//4728
f 570//4729 559//4730 560//4731
f 560//4732 572//4733 570//4734
f 571//4735 572//4736 560//4737
f 560//4738 558//4739 571//4740
f 639//4741 651//4742 653//4743
f 653//4744 641//4745 639//4746
f 641//4747 653//4748 652//4749
f 652//4750 640//4751 641//4752
f 648//4753 624//4754 626//4755
f 626//4756 650//4757 648//4758
f 650//4759 626//4760 625//4761
f 625//4762 649//4763 650//4764
f 552//4765 577//4766 578//4767
f 578//4768 554//4769 552//4770
f 553//4771 554//4772 578//4773
f 578//4774 576//4775 553//4776
f 621//4777 633//4778 635//4779
f 635//4780 623//4781 621//4782
f 623//4783 635//4784 634//4785
f 634//4786 622//4787 623//4788
f 561//4789 550//4790 551//4791
f 551//4792 563//4793 561//4794
f 563//4795 551//4796 549//4797
f 549//4798 562//4799 563//4800
f 729//4801 741//4802 743//4803
f 743//4804 731//4805 729//4806
f 731//4807 743//4808 742//4809
f 742//4810 730//4811 731//4812
f 680//4813 678//4814 667//4815
f 667//4816 668//4817 680//4818
f 679//4819 680//4820 668//4821
f 668//4822 666//4823 679//4824
f 669//4825 658//4826 659//4827
f 659//4828 671//4829 669//4830
f 670//4831 671//4832 659//4833
f 659//4834 657//4835 670//4836
f 738//4837 750//4838 752//4839
f 752//4840 740//4841 738//4842
f 740//4843 752//4844 751//4845
f 751//4846 739//4847 740//4848
f 747//4849 759//4850 761//4851
f 761//4852 749//4853 747//4854
f 749//4855 761//4856 760//4857
f 760//4858 748//4859 749//4860
f 687//4861 676//4862 677//4863
f 677//4864 689//4865 687//4866
f 688//4867 689//4868 677//4869
f 677//4870 675//4871 688//4872
f 660//4873 685//4874 686//4875
f 686//4876 662//4877 660//4878
f 662//4879 686//4880 684//4881
f 684//4882 661//4883 662//4884
f 756//4885 732//4886 734//4887
f 734//4888 758//4889 756//4890
f 758//4891 734//4892 733//4893
f 733//4894 757//4895 758//4896
f 783//4897 777//4898 779//4899
f 779//4900 785//4901 783//4902
f 785//4903 779//4904 778//4905
f 778//4906 784//4907 785//4908
f 705//4909 712//4910 713//4911
f 713//4912 707//4913 705//4914
f 706//4915 707//4916 713//4917
f 713//4918 711//4919 706//4920
f 792//4921 786//4922 788//4923
f 788//4924 794//4925 792//4926
f 794//4927 788//4928 787//4929
f 787//4930 793//4931 794//4932
f 716//4933 714//4934 721//4935
f 721//4936 722//4937 716//4938
f 715//4939 716//4940 722//4941
f 722//4942 720//4943 715//4944
f 765//4945 795//4946 797//4947
f 797//4948 767//4949 765//4950
f 767//4951 797//4952 796//4953
f 796//4954 766//4955 767//4956
f 723//4957 694//4958 695//4959
f 695//4960 725//4961 723//4962
f 724//4963 725//4964 695//4965
f 695//4966 693//4967 724//4968
f 774//4969 768//4970 770//4971
f 770//4972 776//4973 774//4974
f 776//4975 770//4976 769//4977
f 769//4978 775//4979 776//4980
f 696//4981 703//4982 704//4983
f 704//4984 698//4985 696//4986
f 698//4987 704//4988 702//4989
f 702//4990 697//4991 698//4992
f 513//4993 520//4994 465//4995
f 801//4996 804//4997 805//4998
f 805//4999 807//5000 801//5001
f 802//5002 806//5003 805//5004
f 805//5005 804//5006 802//5007
f 803//5008 807//5009 805//5010
f 805//5011 806//5012 803//5013
f 808//5014 811//5015 812//5016
f 812//5017 814//5018 808//5019
f 809//5020 813//5021 812//5022
f 812//5023 811//5024 809//5025
f 810//5026 814//5027 812//5028
f 812//5029 813//5030 810//5031
f 815//5032 818//5033 819//5034
f 819//5035 821//5036 815//5037
f 816//5038 820//5039 819//5040
f 819//5041 818//5042 816//5043
f 817//5044 821//5045 819//5046
f 819//5047 820//5048 817//5049
f 822//5050 825//5051 826//5052
f 826//5053 828//5054 822//5055
f 823//5056 827//5057 826//5058
f 826//5059 825//5060 823//5061
f 824//5062 828//5063 826//5064
f 826//5065 827//5066 824//5067
f 829//5068 832//5069 833//5070
f 833//5071 835//5072 829//5073
f 830//5074 834//5075 833//5076
f 833//5077 832//5078 830//5079
f 831//5080 835//5081 833//5082
f 833//5083 834//5084 831//5085
f 836//5086 839//5087 840//5088
f 840//5089 842//5090 836//5091
f 837//5092 841//5093 840//5094
f 840//5095 839//5096 837//5097
f 838//5098 842//5099 840//5100
f 840//5101 841//5102 838//5103
f 843//5104 846//5105 847//5106
f 847//5107 849//5108 843//5109
f 844//5110 848//5111 847//5112
f 847//5113 846//5114 844//5115
f 845//5116 849//5117 847//5118
f 847//5119 848//5120 845//5121
f 850//5122 853//5123 854//5124
f 854//5125 856//5126 850//5127
f 851//5128 855//5129 854//5130
f 854//5131 853//5132 851//5133
f 852//5134 856//5135 854//5136
f 854//5137 855//5138 852//5139
f 818//5140 815//5141 801//5142
f 801//5143 807//5144 818//5145
f 816//5146 818//5147 807//5148
f 807//5149 803//5150 816//5151
f 806//5152 802//5153 808//5154
f 808//5155 814//5156 806//5157
f 803//5158 806//5159 814//5160
f 814//5161 810//5162 803//5163
f 813//5164 809//5165 822//5166
f 822//5167 828//5168 813//5169
f 810//5170 813//5171 828//5172
f 828//5173 824//5174 810//5175
f 827//5176 823//5177 817//5178
f 817//5179 820//5180 827//5181
f 824//5182 827//5183 820//5184
f 820//5185 816//5186 824//5187
f 846//5188 843//5189 815//5190
f 815//5191 821//5192 846//5193
f 844//5194 846//5195 821//5196
f 821//5197 817//5198 844//5199
f 825//5200 822//5201 850//5202
f 850//5203 856//5204 825//5205
f 823//5206 825//5207 856//5208
f 856//5209 852//5210 823//5211
f 855//5212 851//5213 845//5214
f 845//5215 848//5216 855//5217
f 852//5218 855//5219 848//5220
f 848//5221 844//5222 852//5223
f 832//5224 829//5225 843//5226
f 843//5227 849//5228 832//5229
f 830//5230 832//5231 849//5232
f 849//5233 845//5234 830//5235
f 853//5236 850//5237 836//5238
f 836//5239 842//5240 853//5241
f 851//5242 853//5243 842//5244
f 842//5245 838//5246 851//5247
f 841//5248 837//5249 831//5250
f 831//5251 834//5252 841//5253
f 838//5254 841//5255 834//5256
f 834//5257 830//5258 838//5259
f 804//5260 801//5261 829//5262
f 829//5263 835//5264 804//5265
f 802//5266 804//5267 835//5268
f 835//5269 831//5270 802//5271
f 839//5272 836//5273 809//5274
f 809//5275 811//5276 839//5277
f 837//5278 839//5279 811//5280
f 811//5281 808//5282 837//5283
f 801//5284 815//5285 843//5286
f 843//5287 829//5288 801//5289
f 857//5290 860//5291 861//5292
f 861//5293 863//5294 857//5295
f 858//5296 862//5297 861//5298
f 861//5299 860//5300 858//5301
f 859//5302 863//5303 861//5304
f 861//5305 862//5306 859//5307
f 864//5308 867//5309 868//5310
f 868//5311 870//5312 864//5313
f 865//5314 869//5315 868//5316
f 868//5317 867//5318 865//5319
f 866//5320 870//5321 868//5322
f 868//5323 869//5324 866//5325
f 871//5326 874//5327 875//5328
f 875//5329 877//5330 871//5331
f 872//5332 876//5333 875//5334
f 875//5335 874//5336 872//5337
f 873//5338 877//5339 875//5340
f 875//5341 876//5342 873//5343
f 878//5344 881//5345 882//5346
f 882//5347 884//5348 878//5349
f 879//5350 883//5351 882//5352
f 882//5353 881//5354 879//5355
f 880//5356 884//5357 882//5358
f 882//5359 883//5360 880//5361
f 885//5362 888//5363 889//5364
f 889//5365 891//5366 885//5367
f 886//5368 890//5369 889//5370
f 889//5371 888//5372 886//5373
f 887//5374 891//5375 889//5376
f 889//5377 890//5378 887//5379
f 892//5380 895//5381 896//5382
f 896//5383 898//5384 892//5385
f 893//5386 897//5387 896//5388
f 896//5389 895//5390 893//5391
f 894//5392 898//5393 896//5394
f 896//5395 897//5396 894//5397
f 899//5398 902//5399 903//5400
f 903//5401 905//5402 899//5403
f 900//5404 904//5405 903//5406
f 903//5407 902//5408 900//5409
f 901//5410 905//5411 903//5412
f 903//5413 904//5414 901//5415
f 906//5416 909//5417 910//5418
f 910//5419 912//5420 906//5421
f 907//5422 911//5423 910//5424
f 910//5425 909//5426 907//5427
f 908//5428 912//5429 910//5430
f 910//5431 911//5432 908//5433
f 913//5434 916//5435 917//5436
f 917//5437 919//5438 913//5439
f 914//5440 918//5441 917//5442
f 917//5443 916//5444 914//5445
f 915//5446 919//5447 917//5448
f 917//5449 918//5450 915//5451
f 920//5452 923//5453 924//5454
f 924//5455 926//5456 920//5457
f 921//5458 925//5459 924//5460
f 924//5461 923//5462 921//5463
f 922//5464 926//5465 924//5466
f 924//5467 925//5468 922//5469
f 927//5470 930//5471 931//5472
f 931//5473 933//5474 927//5475
f 928//5476 932//5477 931//5478
f 931//5479 930//5480 928//5481
f 929//5482 933//5483 931//5484
f 931//5485 932//5486 929//5487
f 934//5488 937//5489 938//5490
f 938//5491 940//5492 934//5493
f 935//5494 939//5495 938//5496
f 938//5497 937//5498 935//5499
f 936//5500 940//5501 938//5502
f 938//5503 939//5504 936//5505
f 941//5506 944//5507 945//5508
f 945//5509 947//5510 941//5511
f 942//5512 946//5513 945//5514
f 945//5515 944//5516 942//5517
f 943//5518 947//5519 945//5520
f 945//5521 946//5522 943//5523
f 948//5524 951//5525 952//5526
f 952//5527 954//5528 948//5529
f 949//5530 953//5531 952//5532
f 952//5533 951//5534 949//5535
f 950//5536 954//5537 952//5538
f 952//5539 953//5540 950//5541
f 955//5542 958//5543 959//5544
f 959//5545 961//5546 955//5547
f 956//5548 960//5549 959//5550
f 959//5551 958//5552 956//5553
f 957//5554 961//5555 959//5556
f 959//5557 960//5558 957//5559
f 962//5560 965//5561 966//5562
f 966//5563 968//5564 962//5565
f 963//5566 967//5567 966//5568
f 966//5569 965//5570 963//5571
f 964//5572 968//5573 966//5574
f 966//5575 967//5576 964//5577
f 874//5578 871//5579 857//5580
f 857//5581 863//5582 874//5583
f 872//5584 874//5585 863//5586
f 863//5587 859//5588 872//5589
f 862//5590 858//5591 864//5592
f 864//5593 870//5594 862//5595
f 859//5596 862//5597 870//5598
f 870//5599 866//5600 859//5601
f 869//5602 865//5603 878//5604
f 878//5605 884//5606 869//5607
f 866//5608 869//5609 884//5610
f 884//5611 880//5612 866//5613
f 883//5614 879//5615 873//5616
f 873//5617 876//5618 883//5619
f 880//5620 883//5621 876//5622
f 876//5623 872//5624 880//5625
f 902//5626 899//5627 871//5628
f 871//5629 877//5630 902//5631
f 900//5632 902//5633 877//5634
f 877//5635 873//5636 900//5637
f 881//5638 878//5639 906//5640
f 906//5641 912//5642 881//5643
f 879//5644 881//5645 912//5646
f 912//5647 908//5648 879//5649
f 911//5650 907//5651 901//5652
f 901//5653 904//5654 911//5655
f 908//5656 911//5657 904//5658
f 904//5659 900//5660 908//5661
f 888//5662 885//5663 899//5664
f 899//5665 905//5666 888//5667
f 886//5668 888//5669 905//5670
f 905//5671 901//5672 886//5673
f 909//5674 906//5675 892//5676
f 892//5677 898//5678 909//5679
f 907//5680 909//5681 898//5682
f 898//5683 894//5684 907//5685
f 897//5686 893//5687 887//5688
f 887//5689 890//5690 897//5691
f 894//5692 897//5693 890//5694
f 890//5695 886//5696 894//5697
f 860//5698 857//5699 885//5700
f 885//5701 891//5702 860//5703
f 858//5704 860//5705 891//5706
f 891//5707 887//5708 858//5709
f 895//5710 892//5711 865//5712
f 865//5713 867//5714 895//5715
f 893//5716 895//5717 867//5718
f 867//5719 864//5720 893//5721
f 933//5722 929//5723 914//5724
f 914//5725 916//5726 933//5727
f 927//5728 933//5729 916//5730
f 916//5731 913//5732 927//5733
f 918//5734 914//5735 921//5736
f 921//5737 923//5738 918//5739
f 915//5740 918//5741 923//5742
f 923//5743 920//5744 915//5745
f 925//5746 921//5747 935//5748
f 935//5749 937//5750 925//5751
f 922//5752 925//5753 937//5754
f 937//5755 934//5756 922//5757
f 939//5758 935//5759 929//5760
f 929//5761 932//5762 939//5763
f 936//5764 939//5765 932//5766
f 932//5767 928//5768 936//5769
f 961//5770 957//5771 928//5772
f 928//5773 930//5774 961//5775
f 955//5776 961//5777 930//5778
f 930//5779 927//5780 955//5781
f 940//5782 936//5783 963//5784
f 963//5785 965//5786 940//5787
f 934//5788 940//5789 965//5790
f 965//5791 962//5792 934//5793
f 967//5794 963//5795 957//5796
f 957//5797 960//5798 967//5799
f 964//5800 967//5801 960//5802
f 960//5803 956//5804 964//5805
f 947//5806 943//5807 956//5808
f 956//5809 958//5810 947//5811
f 941//5812 947//5813 958//5814
f 958//5815 955//5816 941//5817
f 968//5818 964//5819 949//5820
f 949//5821 951//5822 968//5823
f 962//5824 968//5825 951//5826
f 951//5827 948//5828 962//5829
f 953//5830 949//5831 943//5832
f 943//5833 946//5834 953//5835
f 950//5836 953//5837 946//5838
f 946//5839 942//5840 950//5841
f 919//5842 915//5843 942//5844
f 942//5845 944//5846 919//5847
f 913//5848 919//5849 944//5850
f 944//5851 941//5852 913//5853
f 954//5854 950//5855 920//5856
f 920//5857 926//5858 954//5859
f 948//5860 954//5861 926//5862
f 926//5863 922//5864 948//5865
f 857//5866 871//5867 899//5868
f 899//5869 885//5870 857//5871
f 969//5872 972//5873 973//5874
f 973//5875 975//5876 969//5877
f 970//5878 974//5879 973//5880
f 973//5881 972//5882 970//5883
f 971//5884 975//5885 973//5886
f 973//5887 974//5888 971//5889
f 979//5890 982//5891 983//5892
f 983//5893 985//5894 979//5895
f 980//5896 984//5897 983//5898
f 983//5899 982//5900 980//5901
f 981//5902 985//5903 983//5904
f 983//5905 984//5906 981//5907
f 986//5908 989//5909 990//5910
f 990//5911 992//5912 986//5913
f 987//5914 991//5915 990//5916
f 990//5917 989//5918 987//5919
f 988//5920 992//5921 990//5922
f 990//5923 991//5924 988//5925
f 996//5926 999//5927 1000//5928
f 1000//5929 1002//5930 996//5931
f 997//5932 1001//5933 1000//5934
f 1000//5935 999//5936 997//5937
f 998//5938 1002//5939 1000//5940
f 1000//5941 1001//5942 998//5943
f 1003//5944 1006//5945 1007//5946
f 1007//5947 1009//5948 1003//5949
f 1004//5950 1008//5951 1007//5952
f 1007//5953 1006//5954 1004//5955
f 1005//5956 1009//5957 1007//5958
f 1007//5959 1008//5960 1005//5961
f 1010//5962 1013//5963 1014//5964
f 1014//5965 1016//5966 1010//5967
f 1011//5968 1015//5969 1014//5970
f 1014//5971 1013//5972 1011//5973
f 1012//5974 1016//5975 1014//5976
f 1014//5977 1015//5978 1012//5979
f 1017//5980 1020//5981 1021//5982
f 1021//5983 1023//5984 1017//5985
f 1018//5986 1022//5987 1021//5988
f 1021//5989 1020//5990 1018//5991
f 1019//5992 1023//5993 1021//5994
f 1021//5995 1022//5996 1019//5997
f 1030//5998 1033//5999 1034//6000
f 1034//6001 1036//6002 1030//6003
f 1031//6004 1035//6005 1034//6006
f 1034//6007 1033//6008 1031//6009
f 1032//6010 1036//6011 1034//6012
f 1034//6013 1035//6014 1032//6015
f 978//6016 977//6017 969//6018
f 969//6019 975//6020 978//6021
f 976//6022 978//6023 975//6024
f 975//6025 971//6026 976//6027
f 986//6028 996//6029 1002//6030
f 1002//6031 989//6032 986//6033
f 989//6034 1002//6035 998//6036
f 998//6037 987//6038 989//6039
f 995//6040 982//6041 979//6042
f 979//6043 993//6044 995//6045
f 994//6046 980//6047 982//6048
f 982//6049 995//6050 994//6051
f 974//6052 970//6053 998//6054
f 998//6055 1001//6056 974//6057
f 971//6058 974//6059 1001//6060
f 1001//6061 997//6062 971//6063
f 991//6064 987//6065 981//6066
f 981//6067 984//6068 991//6069
f 988//6070 991//6071 984//6072
f 984//6073 980//6074 988//6075
f 969//6076 979//6077 985//6078
f 985//6079 972//6080 969//6081
f 972//6082 985//6083 981//6084
f 981//6085 970//6086 972//6087
f 1005//6088 1011//6089 1013//6090
f 1013//6091 1009//6092 1005//6093
f 1010//6094 1003//6095 1009//6096
f 1009//6097 1013//6098 1010//6099
f 1015//6100 1011//6101 977//6102
f 977//6103 978//6104 1015//6105
f 1012//6106 1015//6107 978//6108
f 978//6109 976//6110 1012//6111
f 995//6112 993//6113 1005//6114
f 1005//6115 1008//6116 995//6117
f 994//6118 995//6119 1008//6120
f 1008//6121 1004//6122 994//6123
f 1023//6124 1026//6125 1024//6126
f 1024//6127 1017//6128 1023//6129
f 1025//6130 1026//6131 1023//6132
f 1023//6133 1019//6134 1025//6135
f 1018//6136 1030//6137 1036//6138
f 1036//6139 1022//6140 1018//6141
f 1022//6142 1036//6143 1032//6144
f 1032//6145 1019//6146 1022//6147
f 1035//6148 1031//6149 1027//6150
f 1027//6151 1029//6152 1035//6153
f 1032//6154 1035//6155 1029//6156
f 1029//6157 1028//6158 1032//6159
f 1026//6160 1025//6161 986//6162
f 986//6163 992//6164 1026//6165
f 1024//6166 1026//6167 992//6168
f 992//6169 988//6170 1024//6171
f 1006//6172 1003//6173 1018//6174
f 1018//6175 1020//6176 1006//6177
f 1004//6178 1006//6179 1020//6180
f 1020//6181 1017//6182 1004//6183
f 1016//6184 1012//6185 1031//6186
f 1031//6187 1033//6188 1016//6189
f 1010//6190 1016//6191 1033//6192
f 1033//6193 1030//6194 1010//6195
f 1029//6196 1027//6197 997//6198
f 997//6199 999//6200 1029//6201
f 1028//6202 1029//6203 999//6204
f 999//6205 996//6206 1028//6207
f 971//6208 997//6209 976//6210
f 1037//6211 1040//6212 1041//6213
f 1041//6214 1043//6215 1037//6216
f 1038//6217 1042//6218 1041//6219
f 1041//6220 1040//6221 1038//6222
f 1039//6223 1043//6224 1041//6225
f 1041//6226 1042//6227 1039//6228
f 1044//6229 1047//6230 1048//6231
f 1048//6232 1050//6233 1044//6234
f 1045//6235 1049//6236 1048//6237
f 1048//6238 1047//6239 1045//6240
f 1046//6241 1050//6242 1048//6243
f 1048//6244 1049//6245 1046//6246
f 1051//6247 1054//6248 1055//6249
f 1055//6250 1057//6251 1051//6252
f 1052//6253 1056//6254 1055//6255
f 1055//6256 1054//6257 1052//6258
f 1053//6259 1057//6260 1055//6261
f 1055//6262 1056//6263 1053//6264
f 1058//6265 1061//6266 1062//6267
f 1062//6268 1064//6269 1058//6270
f 1059//6271 1063//6272 1062//6273
f 1062//6274 1061//6275 1059//6276
f 1060//6277 1064//6278 1062//6279
f 1062//6280 1063//6281 1060//6282
f 1065//6283 1068//6284 1069//6285
f 1069//6286 1071//6287 1065//6288
f 1066//6289 1070//6290 1069//6291
f 1069//6292 1068//6293 1066//6294
f 1067//6295 1071//6296 1069//6297
f 1069//6298 1070//6299 1067//6300
f 1072//6301 1075//6302 1076//6303
f 1076//6304 1078//6305 1072//6306
f 1073//6307 1077//6308 1076//6309
f 1076//6310 1075//6311 1073//6312
f 1074//6313 1078//6314 1076//6315
f 1076//6316 1077//6317 1074//6318
f 1079//6319 1082//6320 1083//6321
f 1083//6322 1085//6323 1079//6324
f 1080//6325 1084//6326 1083//6327
f 1083//6328 1082//6329 1080//6330
f 1081//6331 1085//6332 1083//6333
f 1083//6334 1084//6335 1081//6336
f 1086//6337 1089//6338 1090//6339
f 1090//6340 1092//6341 1086//6342
f 1087//6343 1091//6344 1090//6345
f 1090//6346 1089//6347 1087//6348
f 1088//6349 1092//6350 1090//6351
f 1090//6352 1091//6353 1088//6354
f 1093//6355 1096//6356 1097//6357
f 1097//6358 1099//6359 1093//6360
f 1094//6361 1098//6362 1097//6363
f 1097//6364 1096//6365 1094//6366
f 1095//6367 1099//6368 1097//6369
f 1097//6370 1098//6371 1095//6372
f 1100//6373 1103//6374 1104//6375
f 1104//6376 1106//6377 1100//6378
f 1101//6379 1105//6380 1104//6381
f 1104//6382 1103//6383 1101//6384
f 1102//6385 1106//6386 1104//6387
f 1104//6388 1105//6389 1102//6390
f 1107//6391 1110//6392 1111//6393
f 1111//6394 1113//6395 1107//6396
f 1108//6397 1112//6398 1111//6399
f 1111//6400 1110//6401 1108//6402
f 1109//6403 1113//6404 1111//6405
f 1111//6406 1112//6407 1109//6408
f 1114//6409 1117//6410 1118//6411
f 1118//6412 1120//6413 1114//6414
f 1115//6415 1119//6416 1118//6417
f 1118//6418 1117//6419 1115//6420
f 1116//6421 1120//6422 1118//6423
f 1118//6424 1119//6425 1116//6426
f 1121//6427 1124//6428 1125//6429
f 1125//6430 1127//6431 1121//6432
f 1122//6433 1126//6434 1125//6435
f 1125//6436 1124//6437 1122//6438
f 1123//6439 1127//6440 1125//6441
f 1125//6442 1126//6443 1123//6444
f 1128//6445 1131//6446 1132//6447
f 1132//6448 1134//6449 1128//6450
f 1129//6451 1133//6452 1132//6453
f 1132//6454 1131//6455 1129//6456
f 1130//6457 1134//6458 1132//6459
f 1132//6460 1133//6461 1130//6462
f 1135//6463 1138//6464 1139//6465
f 1139//6466 1141//6467 1135//6468
f 1136//6469 1140//6470 1139//6471
f 1139//6472 1138//6473 1136//6474
f 1137//6475 1141//6476 1139//6477
f 1139//6478 1140//6479 1137//6480
f 1142//6481 1145//6482 1146//6483
f 1146//6484 1148//6485 1142//6486
f 1143//6487 1147//6488 1146//6489
f 1146//6490 1145//6491 1143//6492
f 1144//6493 1148//6494 1146//6495
f 1146//6496 1147//6497 1144//6498
f 1149//6499 1152//6500 1153//6501
f 1153//6502 1155//6503 1149//6504
f 1150//6505 1154//6506 1153//6507
f 1153//6508 1152//6509 1150//6510
f 1151//6511 1155//6512 1153//6513
f 1153//6514 1154//6515 1151//6516
f 1156//6517 1159//6518 1160//6519
f 1160//6520 1162//6521 1156//6522
f 1157//6523 1161//6524 1160//6525
f 1160//6526 1159//6527 1157//6528
f 1158//6529 1162//6530 1160//6531
f 1160//6532 1161//6533 1158//6534
f 1163//6535 1166//6536 1167//6537
f 1167//6538 1169//6539 1163//6540
f 1164//6541 1168//6542 1167//6543
f 1167//6544 1166//6545 1164//6546
f 1165//6547 1169//6548 1167//6549
f 1167//6550 1168//6551 1165//6552
f 1170//6553 1173//6554 1174//6555
f 1174//6556 1176//6557 1170//6558
f 1171//6559 1175//6560 1174//6561
f 1174//6562 1173//6563 1171//6564
f 1172//6565 1176//6566 1174//6567
f 1174//6568 1175//6569 1172//6570
f 1177//6571 1180//6572 1181//6573
f 1181//6574 1183//6575 1177//6576
f 1178//6577 1182//6578 1181//6579
f 1181//6580 1180//6581 1178//6582
f 1179//6583 1183//6584 1181//6585
f 1181//6586 1182//6587 1179//6588
f 1184//6589 1187//6590 1188//6591
f 1188//6592 1190//6593 1184//6594
f 1185//6595 1189//6596 1188//6597
f 1188//6598 1187//6599 1185//6600
f 1186//6601 1190//6602 1188//6603
f 1188//6604 1189//6605 1186//6606
f 1191//6607 1194//6608 1195//6609
f 1195//6610 1197//6611 1191//6612
f 1192//6613 1196//6614 1195//6615
f 1195//6616 1194//6617 1192//6618
f 1193//6619 1197//6620 1195//6621
f 1195//6622 1196//6623 1193//6624
f 1198//6625 1201//6626 1202//6627
f 1202//6628 1204//6629 1198//6630
f 1199//6631 1203//6632 1202//6633
f 1202//6634 1201//6635 1199//6636
f 1200//6637 1204//6638 1202//6639
f 1202//6640 1203//6641 1200//6642
f 1205//6643 1208//6644 1209//6645
f 1209//6646 1211//6647 1205//6648
f 1206//6649 1210//6650 1209//6651
f 1209//6652 1208//6653 1206//6654
f 1207//6655 1211//6656 1209//6657
f 1209//6658 1210//6659 1207//6660
f 1212//6661 1215//6662 1216//6663
f 1216//6664 1218//6665 1212//6666
f 1213//6667 1217//6668 1216//6669
f 1216//6670 1215//6671 1213//6672
f 1214//6673 1218//6674 1216//6675
f 1216//6676 1217//6677 1214//6678
f 1219//6679 1222//6680 1223//6681
f 1223//6682 1225//6683 1219//6684
f 1220//6685 1224//6686 1223//6687
f 1223//6688 1222//6689 1220//6690
f 1221//6691 1225//6692 1223//6693
f 1223//6694 1224//6695 1221//6696
f 1226//6697 1229//6698 1230//6699
f 1230//6700 1232//6701 1226//6702
f 1227//6703 1231//6704 1230//6705
f 1230//6706 1229//6707 1227//6708
f 1228//6709 1232//6710 1230//6711
f 1230//6712 1231//6713 1228//6714
f 1233//6715 1236//6716 1237//6717
f 1237//6718 1239//6719 1233//6720
f 1234//6721 1238//6722 1237//6723
f 1237//6724 1236//6725 1234//6726
f 1235//6727 1239//6728 1237//6729
f 1237//6730 1238//6731 1235//6732
f 1240//6733 1243//6734 1244//6735
f 1244//6736 1246//6737 1240//6738
f 1241//6739 1245//6740 1244//6741
f 1244//6742 1243//6743 1241//6744
f 1242//6745 1246//6746 1244//6747
f 1244//6748 1245//6749 1242//6750
f 1247//6751 1250//6752 1251//6753
f 1251//6754 1253//6755 1247//6756
f 1248//6757 1252//6758 1251//6759
f 1251//6760 1250//6761 1248//6762
f 1249//6763 1253//6764 1251//6765
f 1251//6766 1252//6767 1249//6768
f 1254//6769 1257//6770 1258//6771
f 1258//6772 1260//6773 1254//6774
f 1255//6775 1259//6776 1258//6777
f 1258//6778 1257//6779 1255//6780
f 1256//6781 1260//6782 1258//6783
f 1258//6784 1259//6785 1256//6786
f 1051//6787 1037//6788 1043//6789
f 1043//6790 1054//6791 1051//6792
f 1054//6793 1043//6794 1039//6795
f 1039//6796 1052//6797 1054//6798
f 1038//6799 1044//6800 1050//6801
f 1050//6802 1042//6803 1038//6804
f 1042//6805 1050//6806 1046//6807
f 1046//6808 1039//6809 1042//6810
f 1045//6811 1058//6812 1064//6813
f 1064//6814 1049//6815 1045//6816
f 1049//6817 1064//6818 1060//6819
f 1060//6820 1046//6821 1049//6822
f 1059//6823 1053//6824 1056//6825
f 1056//6826 1063//6827 1059//6828
f 1063//6829 1056//6830 1052//6831
f 1052//6832 1060//6833 1063//6834
f 1079//6835 1051//6836 1057//6837
f 1057//6838 1082//6839 1079//6840
f 1082//6841 1057//6842 1053//6843
f 1053//6844 1080//6845 1082//6846
f 1058//6847 1086//6848 1092//6849
f 1092//6850 1061//6851 1058//6852
f 1061//6853 1092//6854 1088//6855
f 1088//6856 1059//6857 1061//6858
f 1087//6859 1081//6860 1084//6861
f 1084//6862 1091//6863 1087//6864
f 1091//6865 1084//6866 1080//6867
f 1080//6868 1088//6869 1091//6870
f 1065//6871 1079//6872 1085//6873
f 1085//6874 1068//6875 1065//6876
f 1068//6877 1085//6878 1081//6879
f 1081//6880 1066//6881 1068//6882
f 1086//6883 1072//6884 1078//6885
f 1078//6886 1089//6887 1086//6888
f 1089//6889 1078//6890 1074//6891
f 1074//6892 1087//6893 1089//6894
f 1073//6895 1067//6896 1070//6897
f 1070//6898 1077//6899 1073//6900
f 1077//6901 1070//6902 1066//6903
f 1066//6904 1074//6905 1077//6906
f 1037//6907 1065//6908 1071//6909
f 1071//6910 1040//6911 1037//6912
f 1040//6913 1071//6914 1067//6915
f 1067//6916 1038//6917 1040//6918
f 1072//6919 1045//6920 1047//6921
f 1047//6922 1075//6923 1072//6924
f 1075//6925 1047//6926 1044//6927
f 1044//6928 1073//6929 1075//6930
f 1109//6931 1094//6932 1096//6933
f 1096//6934 1113//6935 1109//6936
f 1113//6937 1096//6938 1093//6939
f 1093//6940 1107//6941 1113//6942
f 1094//6943 1101//6944 1103//6945
f 1103//6946 1098//6947 1094//6948
f 1098//6949 1103//6950 1100//6951
f 1100//6952 1095//6953 1098//6954
f 1101//6955 1115//6956 1117//6957
f 1117//6958 1105//6959 1101//6960
f 1105//6961 1117//6962 1114//6963
f 1114//6964 1102//6965 1105//6966
f 1115//6967 1109//6968 1112//6969
f 1112//6970 1119//6971 1115//6972
f 1119//6973 1112//6974 1108//6975
f 1108//6976 1116//6977 1119//6978
f 1137//6979 1108//6980 1110//6981
f 1110//6982 1141//6983 1137//6984
f 1141//6985 1110//6986 1107//6987
f 1107//6988 1135//6989 1141//6990
f 1116//6991 1143//6992 1145//6993
f 1145//6994 1120//6995 1116//6996
f 1120//6997 1145//6998 1142//6999
f 1142//7000 1114//7001 1120//7002
f 1143//7003 1137//7004 1140//7005
f 1140//7006 1147//7007 1143//7008
f 1147//7009 1140//7010 1136//7011
f 1136//7012 1144//7013 1147//7014
f 1123//7015 1136//7016 1138//7017
f 1138//7018 1127//7019 1123//7020
f 1127//7021 1138//7022 1135//7023
f 1135//7024 1121//7025 1127//7026
f 1144//7027 1129//7028 1131//7029
f 1131//7030 1148//7031 1144//7032
f 1148//7033 1131//7034 1128//7035
f 1128//7036 1142//7037 1148//7038
f 1129//7039 1123//7040 1126//7041
f 1126//7042 1133//7043 1129//7044
f 1133//7045 1126//7046 1122//7047
f 1122//7048 1130//7049 1133//7050
f 1095//7051 1122//7052 1124//7053
f 1124//7054 1099//7055 1095//7056
f 1099//7057 1124//7058 1121//7059
f 1121//7060 1093//7061 1099//7062
f 1130//7063 1100//7064 1106//7065
f 1106//7066 1134//7067 1130//7068
f 1134//7069 1106//7070 1102//7071
f 1102//7072 1128//7073 1134//7074
f 1165//7075 1150//7076 1152//7077
f 1152//7078 1169//7079 1165//7080
f 1169//7081 1152//7082 1149//7083
f 1149//7084 1163//7085 1169//7086
f 1150//7087 1157//7088 1159//7089
f 1159//7090 1154//7091 1150//7092
f 1154//7093 1159//7094 1156//7095
f 1156//7096 1151//7097 1154//7098
f 1157//7099 1171//7100 1173//7101
f 1173//7102 1161//7103 1157//7104
f 1161//7105 1173//7106 1170//7107
f 1170//7108 1158//7109 1161//7110
f 1171//7111 1165//7112 1168//7113
f 1168//7114 1175//7115 1171//7116
f 1175//7117 1168//7118 1164//7119
f 1164//7120 1172//7121 1175//7122
f 1193//7123 1164//7124 1166//7125
f 1166//7126 1197//7127 1193//7128
f 1197//7129 1166//7130 1163//7131
f 1163//7132 1191//7133 1197//7134
f 1172//7135 1199//7136 1201//7137
f 1201//7138 1176//7139 1172//7140
f 1176//7141 1201//7142 1198//7143
f 1198//7144 1170//7145 1176//7146
f 1199//7147 1193//7148 1196//7149
f 1196//7150 1203//7151 1199//7152
f 1203//7153 1196//7154 1192//7155
f 1192//7156 1200//7157 1203//7158
f 1179//7159 1192//7160 1194//7161
f 1194//7162 1183//7163 1179//7164
f 1183//7165 1194//7166 1191//7167
f 1191//7168 1177//7169 1183//7170
f 1200//7171 1185//7172 1187//7173
f 1187//7174 1204//7175 1200//7176
f 1204//7177 1187//7178 1184//7179
f 1184//7180 1198//7181 1204//7182
f 1185//7183 1179//7184 1182//7185
f 1182//7186 1189//7187 1185//7188
f 1189//7189 1182//7190 1178//7191
f 1178//7192 1186//7193 1189//7194
f 1151//7195 1178//7196 1180//7197
f 1180//7198 1155//7199 1151//7200
f 1155//7201 1180//7202 1177//7203
f 1177//7204 1149//7205 1155//7206
f 1186//7207 1156//7208 1162//7209
f 1162//7210 1190//7211 1186//7212
f 1190//7213 1162//7214 1158//7215
f 1158//7216 1184//7217 1190//7218
f 1219//7219 1205//7220 1211//7221
f 1211//7222 1222//7223 1219//7224
f 1222//7225 1211//7226 1207//7227
f 1207//7228 1220//7229 1222//7230
f 1206//7231 1212//7232 1218//7233
f 1218//7234 1210//7235 1206//7236
f 1210//7237 1218//7238 1214//7239
f 1214//7240 1207//7241 1210//7242
f 1213//7243 1226//7244 1232//7245
f 1232//7246 1217//7247 1213//7248
f 1217//7249 1232//7250 1228//7251
f 1228//7252 1214//7253 1217//7254
f 1227//7255 1221//7256 1224//7257
f 1224//7258 1231//7259 1227//7260
f 1231//7261 1224//7262 1220//7263
f 1220//7264 1228//7265 1231//7266
f 1247//7267 1219//7268 1225//7269
f 1225//7270 1250//7271 1247//7272
f 1250//7273 1225//7274 1221//7275
f 1221//7276 1248//7277 1250//7278
f 1226//7279 1254//7280 1260//7281
f 1260//7282 1229//7283 1226//7284
f 1229//7285 1260//7286 1256//7287
f 1256//7288 1227//7289 1229//7290
f 1255//7291 1249//7292 1252//7293
f 1252//7294 1259//7295 1255//7296
f 1259//7297 1252//7298 1248//7299
f 1248//7300 1256//7301 1259//7302
f 1233//7303 1247//7304 1253//7305
f 1253//7306 1236//7307 1233//7308
f 1236//7309 1253//7310 1249//7311
f 1249//7312 1234//7313 1236//7314
f 1254//7315 1240//7316 1246//7317
f 1246//7318 1257//7319 1254//7320
f 1257//7321 1246//7322 1242//7323
f 1242//7324 1255//7325 1257//7326
f 1241//7327 1235//7328 1238//7329
f 1238//7330 1245//7331 1241//7332
f 1245//7333 1238//7334 1234//7335
f 1234//7336 1242//7337 1245//7338
f 1205//7339 1233//7340 1239//7341
f 1239//7342 1208//7343 1205//7344
f 1208//7345 1239//7346 1235//7347
f 1235//7348 1206//7349 1208//7350
f 1240//7351 1213//7352 1215//7353
f 1215//7354 1243//7355 1240//7356
f 1243//7357 1215//7358 1212//7359
f 1212//7360 1241//7361 1243//7362
f 1037//7363 1051//7364 1079//7365
f 1079//7366 1065//7367 1037//7368
f 1275//7369 1282//7370 1320//7371
f 1320//7372 1317//7373 1275//7374
f 1261//7375 1290//7376 1284//7377
f 1292//7378 1268//7379 1276//7380
f 1316//7381 1309//7382 1297//7383
f 1316//7384 1297//7385 1292//7386
f 1316//7387 1292//7388 1276//7389
f 1323//7390 1310//7391 1317//7392
f 1317//7393 1320//7394 1323//7395
f 1289//7396 1293//7397 1296//7398
f 1296//7399 1304//7400 1289//7401
f 1311//7402 1322//7403 1302//7404
f 1302//7405 1295//7406 1311//7407
f 1303//7408 1324//7409 1319//7410
f 1303//7411 1319//7412 1284//7413
f 1303//7414 1284//7415 1290//7416
f 1293//7417 1289//7418 1263//7419
f 1263//7420 1269//7421 1293//7422
f 1261//7423 1264//7424 1265//7425
f 1265//7426 1267//7427 1261//7428
f 1262//7429 1266//7430 1265//7431
f 1265//7432 1264//7433 1262//7434
f 1263//7435 1267//7436 1265//7437
f 1265//7438 1266//7439 1263//7440
f 1268//7441 1271//7442 1272//7443
f 1272//7444 1274//7445 1268//7446
f 1269//7447 1273//7448 1272//7449
f 1272//7450 1271//7451 1269//7452
f 1270//7453 1274//7454 1272//7455
f 1272//7456 1273//7457 1270//7458
f 1275//7459 1278//7460 1279//7461
f 1279//7462 1281//7463 1275//7464
f 1276//7465 1280//7466 1279//7467
f 1279//7468 1278//7469 1276//7470
f 1277//7471 1281//7472 1279//7473
f 1279//7474 1280//7475 1277//7476
f 1282//7477 1285//7478 1286//7479
f 1286//7480 1288//7481 1282//7482
f 1283//7483 1287//7484 1286//7485
f 1286//7486 1285//7487 1283//7488
f 1284//7489 1288//7490 1286//7491
f 1286//7492 1287//7493 1284//7494
f 1295//7495 1298//7496 1299//7497
f 1299//7498 1301//7499 1295//7500
f 1296//7501 1300//7502 1299//7503
f 1299//7504 1298//7505 1296//7506
f 1297//7507 1301//7508 1299//7509
f 1299//7510 1300//7511 1297//7512
f 1302//7513 1305//7514 1306//7515
f 1306//7516 1308//7517 1302//7518
f 1303//7519 1307//7520 1306//7521
f 1306//7522 1305//7523 1303//7524
f 1304//7525 1308//7526 1306//7527
f 1306//7528 1307//7529 1304//7530
f 1309//7531 1312//7532 1313//7533
f 1313//7534 1315//7535 1309//7536
f 1310//7537 1314//7538 1313//7539
f 1313//7540 1312//7541 1310//7542
f 1311//7543 1315//7544 1313//7545
f 1313//7546 1314//7547 1311//7548
f 1322//7549 1325//7550 1326//7551
f 1326//7552 1328//7553 1322//7554
f 1323//7555 1327//7556 1326//7557
f 1326//7558 1325//7559 1323//7560
f 1324//7561 1328//7562 1326//7563
f 1326//7564 1327//7565 1324//7566
f 1281//7567 1277//7568 1283//7569
f 1283//7570 1285//7571 1281//7572
f 1275//7573 1281//7574 1285//7575
f 1285//7576 1282//7577 1275//7578
f 1264//7579 1261//7580 1284//7581
f 1284//7582 1287//7583 1264//7584
f 1262//7585 1264//7586 1287//7587
f 1287//7588 1283//7589 1262//7590
f 1280//7591 1276//7592 1268//7593
f 1268//7594 1274//7595 1280//7596
f 1277//7597 1280//7598 1274//7599
f 1274//7600 1270//7601 1277//7602
f 1262//7603 1270//7604 1273//7605
f 1273//7606 1266//7607 1262//7608
f 1266//7609 1273//7610 1269//7611
f 1269//7612 1263//7613 1266//7614
f 1267//7615 1291//7616 1290//7617
f 1290//7618 1261//7619 1267//7620
f 1263//7621 1289//7622 1291//7623
f 1291//7624 1267//7625 1263//7626
f 1271//7627 1268//7628 1292//7629
f 1292//7630 1294//7631 1271//7632
f 1269//7633 1271//7634 1294//7635
f 1294//7636 1293//7637 1269//7638
f 1298//7639 1295//7640 1302//7641
f 1302//7642 1308//7643 1298//7644
f 1296//7645 1298//7646 1308//7647
f 1308//7648 1304//7649 1296//7650
f 1307//7651 1303//7652 1290//7653
f 1290//7654 1291//7655 1307//7656
f 1304//7657 1307//7658 1291//7659
f 1291//7660 1289//7661 1304//7662
f 1294//7663 1292//7664 1297//7665
f 1297//7666 1300//7667 1294//7668
f 1293//7669 1294//7670 1300//7671
f 1300//7672 1296//7673 1293//7674
f 1318//7675 1317//7676 1310//7677
f 1310//7678 1312//7679 1318//7680
f 1316//7681 1318//7682 1312//7683
f 1312//7684 1309//7685 1316//7686
f 1310//7687 1323//7688 1325//7689
f 1325//7690 1314//7691 1310//7692
f 1314//7693 1325//7694 1322//7695
f 1322//7696 1311//7697 1314//7698
f 1327//7699 1323//7700 1320//7701
f 1320//7702 1321//7703 1327//7704
f 1319//7705 1324//7706 1327//7707
f 1327//7708 1321//7709 1319//7710
f 1318//7711 1316//7712 1276//7713
f 1276//7714 1278//7715 1318//7716
f 1317//7717 1318//7718 1278//7719
f 1278//7720 1275//7721 1317//7722
f 1301//7723 1297//7724 1309//7725
f 1309//7726 1315//7727 1301//7728
f 1295//7729 1301//7730 1315//7731
f 1315//7732 1311//7733 1295//7734
f 1305//7735 1302//7736 1322//7737
f 1322//7738 1328//7739 1305//7740
f 1303//7741 1305//7742 1328//7743
f 1328//7744 1324//7745 1303//7746
f 1321//7747 1320//7748 1282//7749
f 1282//7750 1288//7751 1321//7752
f 1319//7753 1321//7754 1288//7755
f 1288//7756 1284//7757 1319//7758
f 1283//7759 1277//7760 1270//7761
f 1270//7762 1262//7763 1283//7764
